H_min,group,model,select,gate,top_frac,exit,n_trades,win_rate,gross_bps,spread_rt_bps,net_bps,days_pos,t_daily
5,P,gb,score,all,0.05,fixed_hold,581,0.6058519793459552,0.826423989050537,1.926218174898057,-2.0997941858475198,1/9,-1.9852507045783219
5,P,gb,score,all,0.05,barrier,581,0.5628227194492255,0.2586817632068285,1.926218174898057,-2.667536411691228,1/9,-3.0288635165266435
5,P,gb,score,all,0.1,fixed_hold,1163,0.5803955288048152,0.950470174779253,1.791120441619702,-1.8406502668404494,1/9,-2.261425190116877
5,P,gb,score,all,0.1,barrier,1163,0.5408426483233018,0.3116223453201519,1.791120441619702,-2.47949809629955,1/9,-3.523933633854586
5,P,gb,score,all,0.2,fixed_hold,2323,0.5626345243219975,0.6938341161266781,1.7418868506820213,-2.0480527345553434,1/9,-3.3117526748421664
5,P,gb,score,all,0.2,barrier,2323,0.5398191993112355,0.3670318708270193,1.7418868506820213,-2.3748549798550025,1/9,-4.8775792652644006
5,P,gb,score,all,1.0,fixed_hold,11615,0.5168316831683168,0.15164582528657275,1.62902797387988,-2.4773821485933074,0/9,-6.567861688496918
5,P,gb,score,all,1.0,barrier,11615,0.5092552733534222,0.10654216144648042,1.62902797387988,-2.5224858124333998,0/9,-7.496281300845855
5,P,gb,ev,all,0.05,fixed_hold,581,0.5542168674698795,0.5517478099006642,2.20690115562247,-2.6551533457218057,3/9,-1.6696248808109289
5,P,gb,ev,all,0.05,barrier,581,0.5180722891566265,0.02826384454635919,2.20690115562247,-3.1786373110761104,1/9,-1.9477713467788467
5,P,gb,ev,all,0.1,fixed_hold,1162,0.5481927710843374,0.2227340870276228,2.1594453349799902,-2.9367112479523674,1/9,-2.0165299305883595
5,P,gb,ev,all,0.1,barrier,1162,0.5189328743545611,0.09361051620954822,2.1594453349799902,-3.0658348187704414,0/9,-2.7127669276182615
5,P,gb,ev,all,0.2,fixed_hold,2323,0.5234610417563496,0.10543806683524132,1.972057985234608,-2.8666199183993673,0/9,-2.3986760604684467
5,P,gb,ev,all,0.2,barrier,2323,0.5058114507102884,-0.05809664876960244,1.972057985234608,-3.0301546340042105,0/9,-3.3536357512293744
5,P,gb,ev,all,1.0,fixed_hold,11615,0.5168316831683168,0.15164582528657275,1.62902797387988,-2.4773821485933074,0/9,-6.567861688496918
5,P,gb,ev,all,1.0,barrier,11615,0.5092552733534222,0.10654216144648042,1.62902797387988,-2.5224858124333998,0/9,-7.496281300845855
5,P,lr,score,all,0.05,fixed_hold,581,0.5370051635111877,-0.20858376469266107,2.164223258384027,-3.3728070230766876,2/9,-1.7591972720401667
5,P,lr,score,all,0.05,barrier,581,0.5060240963855421,-0.18916183458527586,2.164223258384027,-3.3533850929693028,0/9,-2.5792495017543233
5,P,lr,score,all,0.1,fixed_hold,1162,0.5438898450946644,0.31818112966328255,1.9442029564394643,-2.6260218267761815,1/9,-2.1391636138237717
5,P,lr,score,all,0.1,barrier,1162,0.5086058519793459,-0.11079726610176453,1.9442029564394643,-3.0550002225412287,0/9,-3.106979731124127
5,P,lr,score,all,0.2,fixed_hold,2323,0.5346534653465347,0.30030249840103707,1.80096839683545,-2.500665898434413,0/9,-3.6287036773320476
5,P,lr,score,all,0.2,barrier,2323,0.509685751183814,0.02687620213615312,1.80096839683545,-2.7740921946992962,0/9,-4.697652607116878
5,P,lr,score,all,1.0,fixed_hold,11615,0.5214808437365476,0.34501879609557456,1.62902797387988,-2.2840091777843052,0/9,-7.282015870861635
5,P,lr,score,all,1.0,barrier,11615,0.5157124408092983,0.23511556344343643,1.62902797387988,-2.3939124104364438,0/9,-7.854957558114647
5,P,lr,ev,all,0.05,fixed_hold,581,0.5490533562822719,0.9671045726519786,2.2748252208679096,-2.307720648215931,3/9,-1.3078495469153
5,P,lr,ev,all,0.05,barrier,581,0.4939759036144578,-0.27826560106072723,2.2748252208679096,-3.553090821928637,1/9,-2.0091267976963914
5,P,lr,ev,all,0.1,fixed_hold,1162,0.5421686746987951,0.6602863007904686,2.121307657753556,-2.461021356963088,3/9,-1.5423662784792498
5,P,lr,ev,all,0.1,barrier,1162,0.5077452667814114,-0.024263004671659004,2.121307657753556,-3.145570662425215,1/9,-2.3133691761029054
5,P,lr,ev,all,0.2,fixed_hold,2323,0.530779164873009,0.6564618041799913,1.995417466618195,-2.3389556624382037,2/9,-2.0498874742270057
5,P,lr,ev,all,0.2,barrier,2323,0.5071028842014637,0.08009583287459157,1.995417466618195,-2.915321633743603,0/9,-3.2201493628031845
5,P,lr,ev,all,1.0,fixed_hold,11615,0.5214808437365476,0.34501879609557456,1.62902797387988,-2.2840091777843052,0/9,-7.282015870861635
5,P,lr,ev,all,1.0,barrier,11615,0.5157124408092983,0.23511556344343643,1.62902797387988,-2.3939124104364438,0/9,-7.854957558114647
5,F,gb,score,all,0.05,fixed_hold,581,0.5301204819277109,0.7786953242691214,1.6891298390348588,-1.9104345147657371,3/9,-2.5944823921909053
5,F,gb,score,all,0.05,barrier,581,0.5025817555938038,-0.08341098681156782,1.6891298390348588,-2.7725408258464266,0/9,-5.189331135944707
5,F,gb,score,all,0.1,fixed_hold,1162,0.5223752151462995,0.49407276195426036,1.6812705797493699,-2.1871978177951097,2/9,-3.651016496839681
5,F,gb,score,all,0.1,barrier,1162,0.5077452667814114,0.02918774968016427,1.6812705797493699,-2.652082830069206,0/9,-5.666318344945972
5,F,gb,score,all,0.2,fixed_hold,2323,0.5083943176926389,0.21912091912519113,1.6644331057858786,-2.4453121866606873,1/9,-4.434865277898865
5,F,gb,score,all,0.2,barrier,2323,0.5006457167455876,-0.05402612571910507,1.6644331057858786,-2.7184592315049834,0/9,-5.783612629536347
5,F,gb,score,all,1.0,fixed_hold,11615,0.5083082221265605,0.2029337725721499,1.62902797387988,-2.4260942013077305,0/9,-8.050866353130639
5,F,gb,score,all,1.0,barrier,11615,0.5072750753336204,0.10017219114083444,1.62902797387988,-2.5288557827390457,0/9,-8.703693266492325
5,F,gb,ev,all,0.05,fixed_hold,581,0.5060240963855421,0.4247393104137999,2.12536809980639,-2.7006287893925895,1/9,-2.153977648886663
5,F,gb,ev,all,0.05,barrier,581,0.46987951807228917,-0.399565921221994,2.12536809980639,-3.5249340210283844,0/9,-2.899232304221736
5,F,gb,ev,all,0.1,fixed_hold,1162,0.5240963855421686,0.7238044564382117,2.003552753931276,-2.279748297493065,0/9,-2.723438896189651
5,F,gb,ev,all,0.1,barrier,1162,0.4965576592082616,-0.04932185387496305,2.003552753931276,-3.0528746078062396,0/9,-3.1923265518598343
5,F,gb,ev,all,0.2,fixed_hold,2323,0.5101162290142057,0.3557696428205049,1.8893419549005008,-2.533572312079996,0/9,-3.361670355386038
5,F,gb,ev,all,0.2,barrier,2323,0.4993542832544124,0.011394775083033706,1.8893419549005008,-2.8779471798174665,0/9,-3.619835230412559
5,F,gb,ev,all,1.0,fixed_hold,11615,0.5083082221265605,0.2029337725721499,1.62902797387988,-2.4260942013077305,0/9,-8.050866353130639
5,F,gb,ev,all,1.0,barrier,11615,0.5072750753336204,0.10017219114083444,1.62902797387988,-2.5288557827390457,0/9,-8.703693266492325
5,F,lr,score,all,0.05,fixed_hold,581,0.5180722891566265,0.3591012601393553,1.9509849472874552,-2.5918836871481004,2/9,-2.8417093141799907
5,F,lr,score,all,0.05,barrier,581,0.5215146299483648,0.45698150114380154,1.9509849472874552,-2.4940034461436538,1/9,-3.1407843111331974
5,F,lr,score,all,0.1,fixed_hold,1162,0.5240963855421686,0.6993874402592294,1.8625986530769052,-2.163211212817676,2/9,-2.7392861151221486
5,F,lr,score,all,0.1,barrier,1162,0.5275387263339071,0.538127450676812,1.8625986530769052,-2.324471202400093,1/9,-3.437124645442136
5,F,lr,score,all,0.2,fixed_hold,2323,0.5264743865690917,0.7760894630695551,1.7640252081821055,-1.9879357451125501,2/9,-2.8665241644213415
5,F,lr,score,all,0.2,barrier,2323,0.5299182092122255,0.5136723615483907,1.7640252081821055,-2.2503528466337146,0/9,-4.325516591856649
5,F,lr,score,all,1.0,fixed_hold,11615,0.5165733964700818,0.4125271030135093,1.62902797387988,-2.216500870866371,0/9,-7.599970639109253
5,F,lr,score,all,1.0,barrier,11615,0.5172621609987086,0.21608146150990815,1.62902797387988,-2.412946512369972,0/9,-9.111600570244436
5,F,lr,ev,all,0.05,fixed_hold,581,0.5352839931153184,0.4679497909867759,2.3156573100752325,-2.8477075190884564,1/9,-1.8785986440367768
5,F,lr,ev,all,0.05,barrier,581,0.5146299483648882,0.2316101754609317,2.3156573100752325,-3.0840471346143006,0/9,-2.278586964473054
5,F,lr,ev,all,0.1,fixed_hold,1162,0.5395869191049913,0.9663705492055394,2.0983865057599713,-2.132015956554432,1/9,-2.0930924099168577
5,F,lr,ev,all,0.1,barrier,1162,0.5275387263339071,0.44906801042608857,2.0983865057599713,-2.649318495333883,0/9,-2.700248840621797
5,F,lr,ev,all,0.2,fixed_hold,2323,0.5436934997847611,0.8366782585264607,1.9324935362991909,-2.0958152777727297,0/9,-2.8487002898414504
5,F,lr,ev,all,0.2,barrier,2323,0.5376668101592768,0.5234446492200427,1.9324935362991909,-2.4090488870791478,0/9,-3.4567792761513423
5,F,lr,ev,all,1.0,fixed_hold,11615,0.5165733964700818,0.4125271030135093,1.62902797387988,-2.216500870866371,0/9,-7.599970639109253
5,F,lr,ev,all,1.0,barrier,11615,0.5172621609987086,0.21608146150990815,1.62902797387988,-2.412946512369972,0/9,-9.111600570244436
5,B,gb,score,all,0.05,fixed_hold,581,0.5077452667814114,0.5960317861664983,1.7488507806726887,-2.15281899450619,1/9,-2.9504716606369286
5,B,gb,score,all,0.05,barrier,581,0.5111876075731497,0.36437058531910005,1.7488507806726887,-2.3844801953535883,0/9,-4.588113927324788
5,B,gb,score,all,0.1,fixed_hold,1162,0.5232358003442341,0.49320726368231815,1.6878455603330056,-2.1946382966506874,0/9,-4.375296103485137
5,B,gb,score,all,0.1,barrier,1162,0.5292598967297762,0.4882287960317802,1.6878455603330056,-2.1996167643012257,0/9,-6.666783413645397
5,B,gb,score,all,0.2,fixed_hold,2323,0.509685751183814,0.17438474519993072,1.6604110902042284,-2.486026345004298,0/9,-6.839363415349034
5,B,gb,score,all,0.2,barrier,2323,0.5165733964700818,0.21451063250974847,1.6604110902042284,-2.44590045769448,0/9,-8.381808599678081
5,B,gb,score,all,1.0,fixed_hold,11615,0.5013344812742144,0.003745313969226596,1.62902797387988,-2.6252826599106536,0/9,-9.443878590373547
5,B,gb,score,all,1.0,barrier,11615,0.5014205768402927,-0.04748550373898233,1.62902797387988,-2.676513477618863,0/9,-8.616933478012918
5,B,gb,ev,all,0.05,fixed_hold,581,0.48709122203098104,0.30993039145900697,1.772203386010442,-2.462272994551435,0/9,-1.999427255972349
5,B,gb,ev,all,0.05,barrier,581,0.4905335628227194,-0.03655906838192103,1.772203386010442,-2.808762454392363,0/9,-2.351904023098806
5,B,gb,ev,all,0.1,fixed_hold,1162,0.48967297762478484,-0.14489752195272138,1.8178107927935256,-2.9627083147462465,0/9,-2.3931614429949706
5,B,gb,ev,all,0.1,barrier,1162,0.49311531841652323,-0.14828476005790245,1.8178107927935256,-2.966095552851428,0/9,-2.511820646510374
5,B,gb,ev,all,0.2,fixed_hold,2323,0.4847180370210934,-0.49753476332413904,1.8279823792752352,-3.3255171425993746,0/9,-2.9414888597478894
5,B,gb,ev,all,0.2,barrier,2323,0.48342660352991823,-0.4043572737125697,1.8279823792752352,-3.2323396529878043,0/9,-2.958456311515639
5,B,gb,ev,all,1.0,fixed_hold,11615,0.5013344812742144,0.003745313969226596,1.62902797387988,-2.6252826599106536,0/9,-9.443878590373547
5,B,gb,ev,all,1.0,barrier,11615,0.5014205768402927,-0.04748550373898233,1.62902797387988,-2.676513477618863,0/9,-8.616933478012918
5,B,lr,score,all,0.05,fixed_hold,581,0.5232358003442341,0.1230760492717957,1.8008373763180687,-2.6777613270462735,1/9,-2.9944166193531077
5,B,lr,score,all,0.05,barrier,581,0.5232358003442341,0.21825964500401376,1.8008373763180687,-2.582577731314055,0/9,-3.6846600717999203
5,B,lr,score,all,0.1,fixed_hold,1162,0.5275387263339071,0.41310489109750104,1.7112512257889994,-2.298146334691498,0/9,-3.1714248002794716
5,B,lr,score,all,0.1,barrier,1162,0.53184165232358,0.39221115333134476,1.7112512257889994,-2.3190400724576543,0/9,-4.61825254166576
5,B,lr,score,all,0.2,fixed_hold,2323,0.5273353422298752,0.3612116128055547,1.5945719814729937,-2.2333603686674395,0/9,-4.224382820425667
5,B,lr,score,all,0.2,barrier,2323,0.5337925096857512,0.32359844769660706,1.5945719814729937,-2.2709735337763868,0/9,-5.828884975778306
5,B,lr,score,all,1.0,fixed_hold,11615,0.5021954369349978,0.12800202539396832,1.62902797387988,-2.501025948485912,0/9,-8.514202599931192
5,B,lr,score,all,1.0,barrier,11615,0.5081360309944037,0.11228002464710127,1.62902797387988,-2.516747949232779,0/9,-8.720878307499039
5,B,lr,ev,all,0.05,fixed_hold,581,0.459552495697074,-1.0263163071801507,1.8785676365353212,-3.9048839437154728,1/9,-2.412319931559513
5,B,lr,ev,all,0.05,barrier,581,0.46471600688468157,-0.7506463483458149,1.8785676365353212,-3.629213984881136,0/9,-2.6010085335921183
5,B,lr,ev,all,0.1,fixed_hold,1162,0.4836488812392427,-0.4974282178417472,1.837073511964768,-3.334501729806515,0/9,-2.6680025184293603
5,B,lr,ev,all,0.1,barrier,1162,0.49225473321858865,-0.08276454555230277,1.837073511964768,-2.9198380575170706,0/9,-2.686367900919797
5,B,lr,ev,all,0.2,fixed_hold,2323,0.4855789926818769,-0.36067861704410276,1.779550071285696,-3.1402286883297985,0/9,-3.1559104460339826
5,B,lr,ev,all,0.2,barrier,2323,0.488592337494619,-0.1713846760080291,1.779550071285696,-2.9509347472937253,0/9,-3.265929931197652
5,B,lr,ev,all,1.0,fixed_hold,11615,0.5021954369349978,0.12800202539396832,1.62902797387988,-2.501025948485912,0/9,-8.514202599931192
5,B,lr,ev,all,1.0,barrier,11615,0.5081360309944037,0.11228002464710127,1.62902797387988,-2.516747949232779,0/9,-8.720878307499039
5,L2,gb,score,all,0.05,fixed_hold,581,0.4905335628227194,0.2744027861101379,1.7012806529049809,-2.4268778667948427,0/9,-5.574455605696973
5,L2,gb,score,all,0.05,barrier,581,0.4939759036144578,0.05862370273406443,1.7012806529049809,-2.6426569501709163,0/9,-5.636132834746738
5,L2,gb,score,all,0.1,fixed_hold,1162,0.5025817555938038,-0.11454324427954053,1.7263469115903178,-2.8408901558698587,0/9,-6.4666364663416305
5,L2,gb,score,all,0.1,barrier,1162,0.5025817555938038,-0.04542856579045823,1.7263469115903178,-2.7717754773807766,0/9,-6.232011300239375
5,L2,gb,score,all,0.2,fixed_hold,2323,0.5161429186396901,-0.053293369646640575,1.7098205809035396,-2.76311395055018,0/9,-8.032909092697697
5,L2,gb,score,all,0.2,barrier,2323,0.5161429186396901,0.12208318119572847,1.7098205809035396,-2.587737399707811,0/9,-7.034236250860198
5,L2,gb,score,all,1.0,fixed_hold,11615,0.5038312526904865,0.1572118789007523,1.62902797387988,-2.471816094979128,0/9,-8.765488681098017
5,L2,gb,score,all,1.0,barrier,11615,0.5075333620318554,0.08432114875645548,1.62902797387988,-2.544706825123425,0/9,-8.575433599648948
5,L2,gb,ev,all,0.05,fixed_hold,581,0.4664371772805508,-0.5922040974338868,2.102016542269859,-3.6942206397037456,2/9,-2.2618100212819683
5,L2,gb,ev,all,0.05,barrier,581,0.4612736660929432,-0.42192006178549885,2.102016542269859,-3.5239366040553577,1/9,-2.125727845438175
5,L2,gb,ev,all,0.1,fixed_hold,1162,0.48881239242685026,-0.3335867644741278,2.034290621977752,-3.3678773864518794,0/9,-2.4238641569295436
5,L2,gb,ev,all,0.1,barrier,1162,0.4836488812392427,-0.14990022318648966,2.034290621977752,-3.184190845164242,0/9,-2.468619069794091
5,L2,gb,ev,all,0.2,fixed_hold,2323,0.496771416272062,0.10456201897701055,1.9235424628151772,-2.818980443838166,0/9,-3.637155976186144
5,L2,gb,ev,all,0.2,barrier,2323,0.49634093844167027,0.04239502254223347,1.9235424628151772,-2.8811474402729433,0/9,-3.376068764381729
5,L2,gb,ev,all,1.0,fixed_hold,11615,0.5038312526904865,0.1572118789007523,1.62902797387988,-2.471816094979128,0/9,-8.765488681098017
5,L2,gb,ev,all,1.0,barrier,11615,0.5075333620318554,0.08432114875645548,1.62902797387988,-2.544706825123425,0/9,-8.575433599648948
5,L2,lr,score,all,0.05,fixed_hold,581,0.5077452667814114,0.8260222496434032,1.609398384952116,-1.7833761353087132,2/9,-2.788261793949981
5,L2,lr,score,all,0.05,barrier,581,0.5146299483648882,0.6517549669045168,1.609398384952116,-1.9576434180475997,0/9,-4.3296420867912015
5,L2,lr,score,all,0.1,fixed_hold,1162,0.5068846815834768,0.34349116257545925,1.590220835252139,-2.24672967267668,0/9,-6.276209320917563
5,L2,lr,score,all,0.1,barrier,1162,0.5086058519793459,0.220246105460233,1.590220835252139,-2.369974729791906,0/9,-8.18289595921465
5,L2,lr,score,all,0.2,fixed_hold,2323,0.5075333620318554,0.2680358295457296,1.6019753098506042,-2.3339394803048745,0/9,-7.554878570658057
5,L2,lr,score,all,0.2,barrier,2323,0.5131295738269479,0.21629177875152797,1.6019753098506042,-2.385683531099076,0/9,-8.175664172167235
5,L2,lr,score,all,1.0,fixed_hold,11615,0.5055531640120534,0.18394963616644966,1.62902797387988,-2.4450783377134306,0/9,-8.74080493172868
5,L2,lr,score,all,1.0,barrier,11615,0.5108049935428326,0.16391430460754877,1.62902797387988,-2.4651136692723314,0/9,-9.268804505950973
5,L2,lr,ev,all,0.05,fixed_hold,581,0.4750430292598967,-0.6641079315350045,2.1305927741329085,-3.7947007056679127,0/9,-2.898566792428568
5,L2,lr,ev,all,0.05,barrier,581,0.4802065404475043,-0.1590315156624603,2.1305927741329085,-3.2896242897953685,0/9,-2.828896358102849
5,L2,lr,ev,all,0.1,fixed_hold,1162,0.4965576592082616,0.11951853918744287,1.996864413568526,-2.877345874381083,0/9,-3.2500257705838353
5,L2,lr,ev,all,0.1,barrier,1162,0.5,0.2542980939586111,1.996864413568526,-2.742566319609915,0/9,-3.139501695959939
5,L2,lr,ev,all,0.2,fixed_hold,2323,0.4898837709857942,-0.04534509078921032,1.8746098232461001,-2.9199549140353107,1/9,-3.964789325194276
5,L2,lr,ev,all,0.2,barrier,2323,0.4984933275936289,0.12960351751934193,1.8746098232461001,-2.7450063057267586,1/9,-3.677356047758952
5,L2,lr,ev,all,1.0,fixed_hold,11615,0.5055531640120534,0.18394963616644966,1.62902797387988,-2.4450783377134306,0/9,-8.74080493172868
5,L2,lr,ev,all,1.0,barrier,11615,0.5108049935428326,0.16391430460754877,1.62902797387988,-2.4651136692723314,0/9,-9.268804505950973
5,PL2,gb,score,all,0.05,fixed_hold,581,0.5473321858864028,0.7152339975968071,1.8452261592239787,-2.1299921616271718,2/9,-2.8064300096428187
5,PL2,gb,score,all,0.05,barrier,581,0.5283993115318416,-0.0963757790484335,1.8452261592239787,-2.941601938272412,0/9,-3.159109485103222
5,PL2,gb,score,all,0.1,fixed_hold,1162,0.5499139414802066,0.46825568692979785,1.79850722678369,-2.3302515398538923,0/9,-3.0854488576220582
5,PL2,gb,score,all,0.1,barrier,1162,0.5292598967297762,0.024010721918450773,1.79850722678369,-2.774496504865239,0/9,-3.973204128610063
5,PL2,gb,score,all,0.2,fixed_hold,2323,0.5432630219543694,0.18584416983492097,1.741822852261334,-2.5559786824264132,0/9,-4.480069806612511
5,PL2,gb,score,all,0.2,barrier,2323,0.5337925096857512,0.2049409445864702,1.741822852261334,-2.536881907674864,0/9,-5.16435017629365
5,PL2,gb,score,all,1.0,fixed_hold,11615,0.5235471373224279,0.2747268756857057,1.62902797387988,-2.3543010981941745,0/9,-7.34605880399209
5,PL2,gb,score,all,1.0,barrier,11615,0.5188979767541971,0.198903986224092,1.62902797387988,-2.4301239876557883,0/9,-8.001470404945293
5,PL2,gb,ev,all,0.05,fixed_hold,581,0.504302925989673,-0.7183233872605993,2.1675555131896718,-3.885878900450271,2/9,-2.403437126955264
5,PL2,gb,ev,all,0.05,barrier,581,0.4784853700516351,-0.7605293917363541,2.1675555131896718,-3.928084904926026,0/9,-2.3088476350721816
5,PL2,gb,ev,all,0.1,fixed_hold,1162,0.5077452667814114,-0.329177912174997,2.133516139292543,-3.46269405146754,2/9,-2.370085461589501
5,PL2,gb,ev,all,0.1,barrier,1162,0.49569707401032703,-0.35189661205329736,2.133516139292543,-3.4854127513458404,0/9,-2.7816095399792817
5,PL2,gb,ev,all,0.2,fixed_hold,2323,0.5234610417563496,-0.19941553049151242,2.0003314369309617,-3.1997469674224743,1/9,-2.673569648957169
5,PL2,gb,ev,all,0.2,barrier,2323,0.5079638398622471,-0.1221762770218513,2.0003314369309617,-3.122507713952813,0/9,-3.498613839863811
5,PL2,gb,ev,all,1.0,fixed_hold,11615,0.5235471373224279,0.2747268756857057,1.62902797387988,-2.3543010981941745,0/9,-7.34605880399209
5,PL2,gb,ev,all,1.0,barrier,11615,0.5188979767541971,0.198903986224092,1.62902797387988,-2.4301239876557883,0/9,-8.001470404945293
5,PL2,lr,score,all,0.05,fixed_hold,581,0.5129087779690189,0.31275102774787295,1.5685218786122466,-2.2557708508643737,0/9,-4.485497504014142
5,PL2,lr,score,all,0.05,barrier,581,0.5111876075731497,0.23038155070398494,1.5685218786122466,-2.3381403279082615,0/9,-6.811507684695159
5,PL2,lr,score,all,0.1,fixed_hold,1162,0.5292598967297762,0.7060941648943275,1.5595315953841413,-1.8534374304898136,1/9,-4.0419941856074555
5,PL2,lr,score,all,0.1,barrier,1162,0.5266781411359724,0.42886662328404096,1.5595315953841413,-2.1306649721001003,0/9,-7.38771890276892
5,PL2,lr,score,all,0.2,fixed_hold,2323,0.5200172191132156,0.4619636063118252,1.5760901811307222,-2.1141265748188967,0/9,-5.953317489420857
5,PL2,lr,score,all,0.2,barrier,2323,0.5157124408092983,0.2928964363104904,1.5760901811307222,-2.283193744820232,0/9,-6.897656690414763
5,PL2,lr,score,all,1.0,fixed_hold,11615,0.5106328024106759,0.19313526085573204,1.62902797387988,-2.435892713024148,0/9,-8.610923344707011
5,PL2,lr,score,all,1.0,barrier,11615,0.5133878605251829,0.2033155146016219,1.62902797387988,-2.4257124592782584,0/9,-8.962565724941195
5,PL2,lr,ev,all,0.05,fixed_hold,581,0.5387263339070568,1.4504446674399456,2.1361406647517995,-1.685695997311854,2/9,-1.6416352479991272
5,PL2,lr,ev,all,0.05,barrier,581,0.5215146299483648,0.6455341004104229,2.1361406647517995,-2.4906065643413764,0/9,-2.8226385347488763
5,PL2,lr,ev,all,0.1,fixed_hold,1162,0.5163511187607573,0.4922220659899566,2.023220985478811,-2.5309989194888542,1/9,-2.6373566921478564
5,PL2,lr,ev,all,0.1,barrier,1162,0.5051635111876076,0.131563720597391,2.023220985478811,-2.89165726488142,1/9,-3.180465931839714
5,PL2,lr,ev,all,0.2,fixed_hold,2323,0.5157124408092983,0.5104778180614182,1.9022417646540486,-2.3917639465926297,0/9,-3.3684029276671947
5,PL2,lr,ev,all,0.2,barrier,2323,0.5075333620318554,0.1356031178136228,1.9022417646540486,-2.766638646840426,0/9,-3.9918742556051097
5,PL2,lr,ev,all,1.0,fixed_hold,11615,0.5106328024106759,0.19313526085573204,1.62902797387988,-2.435892713024148,0/9,-8.610923344707011
5,PL2,lr,ev,all,1.0,barrier,11615,0.5133878605251829,0.2033155146016219,1.62902797387988,-2.4257124592782584,0/9,-8.962565724941195
5,ALL,gb,score,all,0.05,fixed_hold,581,0.5938037865748709,1.942199019355356,1.6169808489883652,-0.6747818296330094,3/9,-0.891404970044004
5,ALL,gb,score,all,0.05,barrier,581,0.5886402753872634,0.7527831716749296,1.6169808489883652,-1.8641976773134359,2/9,-1.82707832464033
5,ALL,gb,score,all,0.1,fixed_hold,1162,0.5619621342512908,0.7114929075886233,1.6452016768157423,-1.9337087692271189,0/9,-2.9298911595497388
5,ALL,gb,score,all,0.1,barrier,1162,0.5611015490533563,0.3539331818717089,1.6452016768157423,-2.2912684949440334,0/9,-2.848857481754704
5,ALL,gb,score,all,0.2,fixed_hold,2323,0.5449849332759363,0.5539385556852697,1.6301981403468462,-2.0762595846615772,0/9,-3.755708095129675
5,ALL,gb,score,all,0.2,barrier,2323,0.5402496771416272,0.24014563344011272,1.6301981403468462,-2.3900525069067338,0/9,-4.790784747457811
5,ALL,gb,score,all,1.0,fixed_hold,11615,0.5138183383555747,0.09770391199414866,1.62902797387988,-2.531324061885732,0/9,-8.453301181699134
5,ALL,gb,score,all,1.0,barrier,11615,0.511665949203616,0.10625417728774553,1.62902797387988,-2.522773796592135,0/9,-8.51963887359609
5,ALL,gb,ev,all,0.05,fixed_hold,581,0.4802065404475043,-0.7005276894391709,2.0929033946257505,-3.7934310840649212,2/9,-1.862075108741247
5,ALL,gb,ev,all,0.05,barrier,581,0.45611015490533563,-1.1383844171111583,2.0929033946257505,-4.231287811736909,2/9,-2.148414840865558
5,ALL,gb,ev,pred_vol_high,0.05,fixed_hold,581,0.4802065404475043,-0.7005276894391709,2.0929033946257505,-3.7934310840649212,2/9,-1.862075108741247
5,ALL,gb,ev,pred_vol_high,0.05,barrier,581,0.45611015490533563,-1.1383844171111583,2.0929033946257505,-4.231287811736909,2/9,-2.148414840865558
5,ALL,gb,ev,all,0.1,fixed_hold,1162,0.5103270223752151,-0.289492306761663,2.0624540260260393,-3.3519463327877026,2/9,-2.1757795745572697
5,ALL,gb,ev,all,0.1,barrier,1162,0.49139414802065406,-0.454496121223334,2.0624540260260393,-3.516950147249373,1/9,-2.7282141254414243
5,ALL,gb,ev,pred_vol_high,0.1,fixed_hold,1126,0.5062166962699822,-0.38526684301907194,2.0757151408694736,-3.4609819838885456,1/9,-2.195145432924094
5,ALL,gb,ev,pred_vol_high,0.1,barrier,1126,0.4866785079928952,-0.5224703016288217,2.0757151408694736,-3.5981854424982957,0/9,-2.732786091376256
5,ALL,gb,ev,all,0.2,fixed_hold,2323,0.5213086526043909,0.2867511494300016,1.9469092743338985,-2.6601581249038966,1/9,-2.8088669425814907
5,ALL,gb,ev,all,0.2,barrier,2323,0.5101162290142057,-0.03128880919382785,1.9469092743338985,-2.9781980835277264,1/9,-3.5170615956571827
5,ALL,gb,ev,pred_vol_high,0.2,fixed_hold,2066,0.5121006776379478,0.1406111997869287,1.9835530866726065,-2.8429418868856784,1/9,-2.6879388965237667
5,ALL,gb,ev,pred_vol_high,0.2,barrier,2066,0.5,-0.15948776040228424,1.9835530866726065,-3.1430408470748907,0/9,-3.362531094615366
5,ALL,gb,ev,all,1.0,fixed_hold,11615,0.5138183383555747,0.09770391199414866,1.62902797387988,-2.531324061885732,0/9,-8.453301181699134
5,ALL,gb,ev,all,1.0,barrier,11615,0.511665949203616,0.10625417728774553,1.62902797387988,-2.522773796592135,0/9,-8.51963887359609
5,ALL,gb,ev,pred_vol_high,1.0,fixed_hold,5808,0.5068870523415978,-0.14539187428953113,1.8540504911779125,-2.9994423654674436,0/9,-3.8482381847324656
5,ALL,gb,ev,pred_vol_high,1.0,barrier,5808,0.4996556473829201,-0.04351042967149701,1.8540504911779125,-2.8975609208494086,0/9,-4.024890781261059
5,ALL,lr,score,all,0.05,fixed_hold,581,0.5438898450946644,0.6230140669217842,1.408799676684541,-1.7857856097627562,1/9,-3.646131085960047
5,ALL,lr,score,all,0.05,barrier,581,0.5507745266781411,0.630298810588694,1.408799676684541,-1.778500866095847,0/9,-5.859452297288096
5,ALL,lr,score,all,0.1,fixed_hold,1162,0.5094664371772806,0.1987442752035766,1.3779771149179618,-2.1792328397143854,0/9,-8.35918210767694
5,ALL,lr,score,all,0.1,barrier,1162,0.5266781411359724,0.3197123277941367,1.3779771149179618,-2.0582647871238255,0/9,-8.819758745902764
5,ALL,lr,score,all,0.2,fixed_hold,2323,0.5131295738269479,0.22803683435981456,1.4422255964411903,-2.214188762081376,0/9,-7.762376675152153
5,ALL,lr,score,all,0.2,barrier,2323,0.5213086526043909,0.36907977041129436,1.4422255964411903,-2.073145826029896,0/9,-7.781166356505135
5,ALL,lr,score,all,1.0,fixed_hold,11615,0.5052948773138184,0.19946712787347845,1.62902797387988,-2.4295608460064018,0/9,-8.091494076206503
5,ALL,lr,score,all,1.0,barrier,11615,0.5107188979767542,0.17456542643088518,1.62902797387988,-2.4544625474489954,0/9,-8.81764259179313
5,ALL,lr,ev,all,0.05,fixed_hold,581,0.5008605851979346,-0.26729684884374166,1.9460284749535508,-3.2133253237972923,0/9,-2.6079048023832776
5,ALL,lr,ev,all,0.05,barrier,581,0.5094664371772806,0.24329568292076786,1.9460284749535508,-2.7027327920327826,0/9,-3.015968076044584
5,ALL,lr,ev,pred_vol_high,0.05,fixed_hold,561,0.5026737967914439,-0.17474540925025897,1.9552584407788887,-3.130003850029148,0/9,-2.440834708878167
5,ALL,lr,ev,pred_vol_high,0.05,barrier,561,0.5133689839572193,0.2975322473051931,1.9552584407788887,-2.6577261934736955,0/9,-2.835024459458811
5,ALL,lr,ev,all,0.1,fixed_hold,1162,0.49827882960413084,-0.05847701682134192,1.884892048158723,-2.943369064980065,0/9,-3.707707891850113
5,ALL,lr,ev,all,0.1,barrier,1162,0.5163511187607573,0.26725855863973397,1.884892048158723,-2.617633489518989,0/9,-3.463570050917665
5,ALL,lr,ev,pred_vol_high,0.1,fixed_hold,1038,0.5009633911368016,-0.05669425398606776,1.9129432197944554,-2.9696374737805233,0/9,-3.30582578012849
5,ALL,lr,ev,pred_vol_high,0.1,barrier,1038,0.5163776493256262,0.2690267371289778,1.9129432197944554,-2.6439164826654773,0/9,-3.2009056761316357
5,ALL,lr,ev,all,0.2,fixed_hold,2323,0.5105467068445975,-0.03745349526711361,1.8030088906386599,-2.840462385905774,0/9,-4.19229672357654
5,ALL,lr,ev,all,0.2,barrier,2323,0.5174343521308653,0.2678978554670333,1.8030088906386599,-2.5351110351716266,0/9,-4.4806857510261535
5,ALL,lr,ev,pred_vol_high,0.2,fixed_hold,1833,0.5046372067648663,-0.11668552317540516,1.8827708584039065,-2.999456381579311,0/9,-3.413588626629081
5,ALL,lr,ev,pred_vol_high,0.2,barrier,1833,0.5111838516093835,0.19325503675903097,1.8827708584039065,-2.6895158216448745,0/9,-3.6947511677350215
5,ALL,lr,ev,all,1.0,fixed_hold,11615,0.5052948773138184,0.19946712787347845,1.62902797387988,-2.4295608460064018,0/9,-8.091494076206503
5,ALL,lr,ev,all,1.0,barrier,11615,0.5107188979767542,0.17456542643088518,1.62902797387988,-2.4544625474489954,0/9,-8.81764259179313
5,ALL,lr,ev,pred_vol_high,1.0,fixed_hold,5808,0.49793388429752067,0.10313774398730563,1.8540504911779125,-2.7509127471906063,0/9,-3.981086732129087
5,ALL,lr,ev,pred_vol_high,1.0,barrier,5808,0.5043044077134986,0.11852761748040479,1.8540504911779125,-2.7355228736975072,0/9,-4.0675032014680985
15,P,gb,score,all,0.05,fixed_hold,582,0.5446735395189003,-0.5583532296332128,1.8260827961188117,-3.3844360257520245,6/9,-1.0284628660928308
15,P,gb,score,all,0.05,barrier,582,0.5481099656357389,0.7105124119983661,1.8260827961188117,-2.115570384120446,3/9,-1.1497118374084836
15,P,gb,score,all,0.1,fixed_hold,1161,0.5633074935400517,-0.780001921949813,1.7721170998890878,-3.5521190218389007,5/9,-1.558636143325694
15,P,gb,score,all,0.1,barrier,1161,0.5598621877691645,0.38506637797195603,1.7721170998890878,-2.3870507219171317,3/9,-1.8871714913387896
15,P,gb,score,all,0.2,fixed_hold,2321,0.5639810426540285,0.08089302216972334,1.7068843201710502,-2.6259912980013267,4/9,-1.2489141894276918
15,P,gb,score,all,0.2,barrier,2321,0.5562257647565705,0.6303932721574164,1.7068843201710502,-2.0764910480136334,3/9,-1.6664045334909012
15,P,gb,score,all,1.0,fixed_hold,11605,0.541835415769065,0.48798635734281587,1.6295050793385362,-2.1415187219957197,0/9,-2.957548794592631
15,P,gb,score,all,1.0,barrier,11605,0.5295993106419646,0.3326450940045679,1.6295050793385362,-2.2968599853339677,0/9,-4.559710330778283
15,P,gb,ev,all,0.05,fixed_hold,581,0.4509466437177281,-3.5677216019525506,2.217266187949136,-6.784987789901688,2/9,-1.2624451725944477
15,P,gb,ev,all,0.05,barrier,581,0.4664371772805508,-1.7236598066113746,2.217266187949136,-4.940925994560511,2/9,-1.1646900568562046
15,P,gb,ev,all,0.1,fixed_hold,1161,0.5211024978466839,-0.8204993236441337,2.1008918865452264,-3.92139121018936,4/9,-0.9503631356947427
15,P,gb,ev,all,0.1,barrier,1161,0.524547803617571,0.037303875797869465,2.1008918865452264,-3.0635880107473565,3/9,-1.1764443812965197
15,P,gb,ev,all,0.2,fixed_hold,2321,0.5398535114174925,-0.5510613785320971,1.9264912507765453,-3.477552629308642,4/9,-1.2292957116162384
15,P,gb,ev,all,0.2,barrier,2321,0.5316673847479535,0.18703248883330334,1.9264912507765453,-2.7394587619432422,3/9,-1.6535186068560694
15,P,gb,ev,all,1.0,fixed_hold,11605,0.541835415769065,0.48798635734281587,1.6295050793385362,-2.1415187219957197,0/9,-2.957548794592631
15,P,gb,ev,all,1.0,barrier,11605,0.5295993106419646,0.3326450940045679,1.6295050793385362,-2.2968599853339677,0/9,-4.559710330778283
15,P,lr,score,all,0.05,fixed_hold,581,0.53184165232358,0.6044427267504203,2.0231000429373425,-2.418657316186922,4/9,-0.6781054711824342
15,P,lr,score,all,0.05,barrier,581,0.5438898450946644,-0.06812645250881236,2.0231000429373425,-3.091226495446155,3/9,-1.324165501858424
15,P,lr,score,all,0.1,fixed_hold,1161,0.5185185185185185,-0.7057309942182104,1.8593561886330976,-3.5650871828513084,3/9,-1.1525740072027575
15,P,lr,score,all,0.1,barrier,1161,0.524547803617571,-0.21446172025639126,1.8593561886330976,-3.073817908889489,2/9,-1.6314486167997306
15,P,lr,score,all,0.2,fixed_hold,2321,0.5295131408875484,0.04406061323831524,1.7415296433318157,-2.6974690300935,2/9,-1.2710986006151306
15,P,lr,score,all,0.2,barrier,2321,0.5200344679017664,-0.0009583700412197533,1.7415296433318157,-2.742488013373036,1/9,-2.132186463607121
15,P,lr,score,all,1.0,fixed_hold,11605,0.53968117190866,0.7285113761226868,1.6295050793385362,-1.9009937032158493,0/9,-3.474255306217816
15,P,lr,score,all,1.0,barrier,11605,0.5262386902197329,0.3535553169235759,1.6295050793385362,-2.2759497624149603,0/9,-5.71160641916785
15,P,lr,ev,all,0.05,fixed_hold,581,0.5180722891566265,0.6957959597754021,2.277523447237564,-2.581727487462161,3/9,-0.5661623676870438
15,P,lr,ev,all,0.05,barrier,581,0.5232358003442341,0.40315766078348647,2.277523447237564,-2.8743657864540775,4/9,-0.852540534103236
15,P,lr,ev,all,0.1,fixed_hold,1161,0.5271317829457365,-0.14236885066258367,2.1090652530867144,-3.2514341037492978,3/9,-0.7240715842986657
15,P,lr,ev,all,0.1,barrier,1161,0.5322997416020672,0.39680979740635614,2.1090652530867144,-2.7122554556803586,3/9,-0.975156479819791
15,P,lr,ev,all,0.2,fixed_hold,2321,0.5273588970271434,0.2678237508386159,1.9458761203025183,-2.6780523694639022,3/9,-0.9518262011718184
15,P,lr,ev,all,0.2,barrier,2321,0.5191727703576045,0.22048795787085454,1.9458761203025183,-2.7253881624316643,1/9,-1.5211942136300658
15,P,lr,ev,all,1.0,fixed_hold,11605,0.53968117190866,0.7285113761226868,1.6295050793385362,-1.9009937032158493,0/9,-3.474255306217816
15,P,lr,ev,all,1.0,barrier,11605,0.5262386902197329,0.3535553169235759,1.6295050793385362,-2.2759497624149603,0/9,-5.71160641916785
15,F,gb,score,all,0.05,fixed_hold,581,0.504302925989673,-1.0600848172640962,1.6067056196708247,-3.6667904369349205,1/9,-1.3742122939164831
15,F,gb,score,all,0.05,barrier,581,0.4784853700516351,-0.4637137566733357,1.6067056196708247,-3.0704193763441605,1/9,-1.648975596754182
15,F,gb,score,all,0.1,fixed_hold,1161,0.508182601205857,-0.20466131655793993,1.6161817420304465,-2.8208430585883866,2/9,-1.412043706290948
15,F,gb,score,all,0.1,barrier,1161,0.49698535745047373,0.24728396824954124,1.6161817420304465,-2.3688977737809056,1/9,-1.7657623898248869
15,F,gb,score,all,0.2,fixed_hold,2321,0.5036622145626884,0.17171904019796214,1.6268284020823338,-2.455109361884371,3/9,-1.8227302616421168
15,F,gb,score,all,0.2,barrier,2321,0.5114174924601465,0.5685693968462329,1.6268284020823338,-2.0582590052361014,3/9,-2.1372697834114387
15,F,gb,score,all,1.0,fixed_hold,11605,0.5079707022834985,0.2985311452922242,1.6295050793385362,-2.330973934046312,0/9,-5.600739159811207
15,F,gb,score,all,1.0,barrier,11605,0.5045239121068505,0.0924626888306345,1.6295050793385362,-2.537042390507901,0/9,-7.658316079297944
15,F,gb,ev,all,0.05,fixed_hold,581,0.504302925989673,-0.5043511789166074,1.9964471719824162,-3.500798350899023,2/9,-1.2899831069083896
15,F,gb,ev,all,0.05,barrier,581,0.53184165232358,1.6752500784462105,1.9964471719824162,-1.3211970935362058,1/9,-1.080438812784234
15,F,gb,ev,all,0.1,fixed_hold,1161,0.5202411714039621,-0.01190231376781469,1.9788331249375277,-2.990735438705343,1/9,-1.8581862093946053
15,F,gb,ev,all,0.1,barrier,1161,0.5443583118001722,1.578802633069674,1.9788331249375277,-1.400030491867854,2/9,-1.3438224547700315
15,F,gb,ev,all,0.2,fixed_hold,2321,0.5200344679017664,0.8096649777962762,1.8989071610436357,-2.0892421832473596,1/9,-1.6242597903052214
15,F,gb,ev,all,0.2,barrier,2321,0.5346833261525205,1.1548083624675727,1.8989071610436357,-1.7440987985760628,1/9,-1.973948857326137
15,F,gb,ev,all,1.0,fixed_hold,11605,0.5079707022834985,0.2985311452922242,1.6295050793385362,-2.330973934046312,0/9,-5.600739159811207
15,F,gb,ev,all,1.0,barrier,11605,0.5045239121068505,0.0924626888306345,1.6295050793385362,-2.537042390507901,0/9,-7.658316079297944
15,F,lr,score,all,0.05,fixed_hold,581,0.6110154905335629,5.588345395054268,1.9970169078111937,2.591328487243074,6/9,0.8455402865832006
15,F,lr,score,all,0.05,barrier,581,0.5972461273666093,2.3672942089449895,1.9970169078111937,-0.6297226988662037,5/9,-0.32628539607106755
15,F,lr,score,all,0.1,fixed_hold,1161,0.5925925925925926,4.1480598203818255,1.9003926000431646,1.2476672203386618,6/9,0.5029582601492454
15,F,lr,score,all,0.1,barrier,1161,0.5805340223944875,1.8010175651709508,1.9003926000431646,-1.0993750348722136,4/9,-0.784203419592177
15,F,lr,score,all,0.2,fixed_hold,2321,0.5553640672124085,2.8513101446089295,1.7794774731731748,0.07183267143575481,4/9,0.05166149751735368
15,F,lr,score,all,0.2,barrier,2321,0.5622576475657044,1.5264494728821478,1.7794774731731748,-1.2530280002910272,3/9,-1.541760337985837
15,F,lr,score,all,1.0,fixed_hold,11605,0.524170616113744,0.7807789536572091,1.6295050793385362,-1.848726125681327,1/9,-3.562619782003794
15,F,lr,score,all,1.0,barrier,11605,0.5309780267126238,0.5022503638231298,1.6295050793385362,-2.1272547155154062,0/9,-5.211513416014016
15,F,lr,ev,all,0.05,fixed_hold,581,0.5697074010327022,5.215222859243319,2.2940631519313417,1.9211597073119777,6/9,0.5125475059839542
15,F,lr,ev,all,0.05,barrier,581,0.5490533562822719,1.610991535657686,2.2940631519313417,-1.6830716162736552,5/9,-0.6278271712493367
15,F,lr,ev,all,0.1,fixed_hold,1161,0.5607235142118863,4.544014414665516,2.086119300405304,1.4578951142602117,5/9,0.6893741131380862
15,F,lr,ev,all,0.1,barrier,1161,0.5590008613264428,2.171252449589125,2.086119300405304,-0.9148668508161784,4/9,-0.5475291694280059
15,F,lr,ev,all,0.2,fixed_hold,2321,0.5553640672124085,3.6010904342640004,1.927924511843103,0.6731659224208978,4/9,0.4398356100775086
15,F,lr,ev,all,0.2,barrier,2321,0.5609651012494614,1.6949978265303416,1.927924511843103,-1.2329266853127616,3/9,-1.1529569316855381
15,F,lr,ev,all,1.0,fixed_hold,11605,0.524170616113744,0.7807789536572091,1.6295050793385362,-1.848726125681327,1/9,-3.562619782003794
15,F,lr,ev,all,1.0,barrier,11605,0.5309780267126238,0.5022503638231298,1.6295050793385362,-2.1272547155154062,0/9,-5.211513416014016
15,B,gb,score,all,0.05,fixed_hold,584,0.5017123287671232,-0.03421340702029401,1.3579090193067458,-2.39212242632704,2/9,-2.398231540251595
15,B,gb,score,all,0.05,barrier,584,0.4914383561643836,-0.35013783104921126,1.3579090193067458,-2.708046850355957,0/9,-3.929169599117883
15,B,gb,score,all,0.1,fixed_hold,1161,0.533161068044789,0.6807846644305771,1.384240570467128,-1.7034559060365504,2/9,-1.6219563795684586
15,B,gb,score,all,0.1,barrier,1161,0.5228251507321274,0.1827569621609795,1.384240570467128,-2.201483608306148,1/9,-2.8155550587085676
15,B,gb,score,all,0.2,fixed_hold,2326,0.5404127257093723,1.0433274915843203,1.4315307775580162,-1.3882032859736957,2/9,-1.25351769056085
15,B,gb,score,all,0.2,barrier,2326,0.5395528804815133,0.4490309250453744,1.4315307775580162,-1.9824998525126414,1/9,-2.823906382701602
15,B,gb,score,all,1.0,fixed_hold,11605,0.5110728134424817,-0.00488078250768001,1.6295050793385362,-2.634385861846216,0/9,-7.263727511506135
15,B,gb,score,all,1.0,barrier,11605,0.5252046531667385,0.3008304174915709,1.6295050793385362,-2.3286746618469647,0/9,-6.003706242198349
15,B,gb,ev,all,0.05,fixed_hold,581,0.4664371772805508,0.2604863252288897,1.7087563358813171,-2.4482700106524264,2/9,-0.8094851361129558
15,B,gb,ev,all,0.05,barrier,581,0.4784853700516351,-0.09611129860299239,1.7087563358813171,-2.8048676344843098,2/9,-1.0212107069968615
15,B,gb,ev,all,0.1,fixed_hold,1161,0.4418604651162791,-1.710242626595297,1.8246250448795762,-4.534867671474874,1/9,-1.341964200984899
15,B,gb,ev,all,0.1,barrier,1161,0.4608096468561585,-1.2468638363608189,1.8246250448795762,-4.071488881240396,1/9,-1.459072787221936
15,B,gb,ev,all,0.2,fixed_hold,2321,0.44679017664799653,-2.3402118008837727,1.8495893009641224,-5.189801101847896,2/9,-1.8755536468620453
15,B,gb,ev,all,0.2,barrier,2321,0.45842309349418353,-1.2587461550669417,1.8495893009641224,-4.108335456031064,1/9,-1.8718660929156838
15,B,gb,ev,all,1.0,fixed_hold,11605,0.5110728134424817,-0.00488078250768001,1.6295050793385362,-2.634385861846216,0/9,-7.263727511506135
15,B,gb,ev,all,1.0,barrier,11605,0.5252046531667385,0.3008304174915709,1.6295050793385362,-2.3286746618469647,0/9,-6.003706242198349
15,B,lr,score,all,0.05,fixed_hold,581,0.5129087779690189,0.7239885330188336,1.7041638389315845,-1.9801753059127516,4/9,-1.2274396456952217
15,B,lr,score,all,0.05,barrier,581,0.5438898450946644,0.5575387063334354,1.7041638389315845,-2.1466251325981496,2/9,-2.407188838194625
15,B,lr,score,all,0.1,fixed_hold,1161,0.5090439276485789,0.5092018096240781,1.6598514267484816,-2.150649617124404,3/9,-1.7317978136018295
15,B,lr,score,all,0.1,barrier,1161,0.5279931093884582,0.248152584079427,1.6598514267484816,-2.4116988426690558,2/9,-2.6244270660397944
15,B,lr,score,all,0.2,fixed_hold,2321,0.5165876777251185,0.24136489530100846,1.5480696169328962,-2.306704721631888,1/9,-2.367163423686308
15,B,lr,score,all,0.2,barrier,2321,0.5329599310641965,0.21122301091561227,1.5480696169328962,-2.336846606017284,1/9,-3.157850359073395
15,B,lr,score,all,1.0,fixed_hold,11605,0.5110728134424817,-0.006614533198678794,1.6295050793385362,-2.6361196125372146,0/9,-7.320262517452533
15,B,lr,score,all,1.0,barrier,11605,0.5252046531667385,0.2995764714122756,1.6295050793385362,-2.32992860792626,0/9,-6.054319949360183
15,B,lr,ev,all,0.05,fixed_hold,581,0.4836488812392427,-0.5523706751810884,1.7918522869211726,-3.3442229621022608,3/9,-1.0184785438031303
15,B,lr,ev,all,0.05,barrier,581,0.4905335628227194,-0.10779457519406813,1.7918522869211726,-2.8996468621152407,1/9,-1.1497356824910643
15,B,lr,ev,all,0.1,fixed_hold,1161,0.46597760551248923,-1.6572468992092768,1.8196653434873018,-4.476912242696578,1/9,-1.830004645020352
15,B,lr,ev,all,0.1,barrier,1161,0.4771748492678725,-0.4076400551321027,1.8196653434873018,-3.2273053986194045,1/9,-1.703358939433332
15,B,lr,ev,all,0.2,fixed_hold,2321,0.45756139595002154,-1.369002296320905,1.7332959108977937,-4.102298207218698,0/9,-2.7373623063459283
15,B,lr,ev,all,0.2,barrier,2321,0.4597156398104265,-0.8532430085633412,1.7332959108977937,-3.586538919461135,0/9,-2.706851147364044
15,B,lr,ev,all,1.0,fixed_hold,11605,0.5110728134424817,-0.006614533198678794,1.6295050793385362,-2.6361196125372146,0/9,-7.320262517452533
15,B,lr,ev,all,1.0,barrier,11605,0.5252046531667385,0.2995764714122756,1.6295050793385362,-2.32992860792626,0/9,-6.054319949360183
15,L2,gb,score,all,0.05,fixed_hold,581,0.5146299483648882,-1.050101460480892,1.892630908215141,-3.942732368696033,2/9,-1.5283399060755998
15,L2,gb,score,all,0.05,barrier,581,0.5456110154905336,0.8057151442800897,1.892630908215141,-2.086915763935051,2/9,-1.4033700969815879
15,L2,gb,score,all,0.1,fixed_hold,1161,0.5047372954349698,-0.6484497446511311,1.851856070339612,-3.5003058149907433,1/9,-2.2056414258870385
15,L2,gb,score,all,0.1,barrier,1161,0.5159345391903531,0.16366004743100396,1.851856070339612,-2.688196022908608,1/9,-2.5772125529375707
15,L2,gb,score,all,0.2,fixed_hold,2321,0.4997845756139595,-0.4046499139375633,1.7480198727138316,-3.152669786651395,0/9,-3.3031957136639374
15,L2,gb,score,all,0.2,barrier,2321,0.5053856096510125,0.10704496897773971,1.7480198727138316,-2.6409749037360917,1/9,-3.4881707455981714
15,L2,gb,score,all,1.0,fixed_hold,11605,0.5133993968117191,0.39103260210155794,1.6295050793385362,-2.238472477236978,0/9,-6.500502506612693
15,L2,gb,score,all,1.0,barrier,11605,0.5162429987074537,0.3542688884050219,1.6295050793385362,-2.275236190933514,0/9,-6.985738221298887
15,L2,gb,ev,all,0.05,fixed_hold,581,0.47160068846815834,-1.2938989919540098,2.2212913270277714,-4.515190318981781,2/9,-1.244829673670136
15,L2,gb,ev,all,0.05,barrier,581,0.4802065404475043,-0.34960974806194683,2.2212913270277714,-3.5709010750897185,1/9,-1.350239657378737
15,L2,gb,ev,all,0.1,fixed_hold,1161,0.47459086993970717,-1.2210454419606214,2.0692262988483994,-4.29027174080902,1/9,-1.7486952151638624
15,L2,gb,ev,all,0.1,barrier,1161,0.48234280792420325,-0.38154138333314624,2.0692262988483994,-3.4507676821815454,1/9,-1.8990677481871097
15,L2,gb,ev,all,0.2,fixed_hold,2321,0.4868591124515295,-0.8194760956886016,1.948501753500718,-3.767977849189319,1/9,-2.4072317032831143
15,L2,gb,ev,all,0.2,barrier,2321,0.4954760878931495,-0.160286781801502,1.948501753500718,-3.10878853530222,1/9,-2.5416865230539547
15,L2,gb,ev,all,1.0,fixed_hold,11605,0.5133993968117191,0.39103260210155794,1.6295050793385362,-2.238472477236978,0/9,-6.500502506612693
15,L2,gb,ev,all,1.0,barrier,11605,0.5162429987074537,0.3542688884050219,1.6295050793385362,-2.275236190933514,0/9,-6.985738221298887
15,L2,lr,score,all,0.05,fixed_hold,581,0.49569707401032703,-0.23999784801007235,1.6686068883112144,-2.908604736321287,1/9,-2.716162730161349
15,L2,lr,score,all,0.05,barrier,581,0.46471600688468157,-0.5843987543039745,1.6686068883112144,-3.2530056426151885,0/9,-3.9004981272002963
15,L2,lr,score,all,0.1,fixed_hold,1161,0.49526270456503013,-0.02443945534468536,1.6291659486295527,-2.653605403974238,0/9,-3.953071890114197
15,L2,lr,score,all,0.1,barrier,1161,0.4763135228251507,-0.4039122731117496,1.6291659486295527,-3.033078221741302,0/9,-5.4233685347529
15,L2,lr,score,all,0.2,fixed_hold,2321,0.4976303317535545,-0.306605091949244,1.6378186054233521,-2.9444236973725957,0/9,-4.515042092906586
15,L2,lr,score,all,0.2,barrier,2321,0.48125807841447654,-0.4804334137628943,1.6378186054233521,-3.118252019186246,0/9,-6.174516183701948
15,L2,lr,score,all,1.0,fixed_hold,11605,0.4918569582076691,-0.24769430024217498,1.6295050793385362,-2.877199379580711,0/9,-7.3582622552859265
15,L2,lr,score,all,1.0,barrier,11605,0.4832399827660491,-0.3228717898088768,1.6295050793385362,-2.952376869147413,0/9,-7.932924865081024
15,L2,lr,ev,all,0.05,fixed_hold,581,0.4612736660929432,-1.9248836761853125,1.9514525311009003,-4.876336207286213,1/9,-2.245821126660947
15,L2,lr,ev,all,0.05,barrier,581,0.45611015490533563,-1.7867556559779292,1.9514525311009003,-4.738208187078829,0/9,-2.9687842844617656
15,L2,lr,ev,all,0.1,fixed_hold,1161,0.4771748492678725,-0.7325451377501901,1.8376591459031295,-3.5702042836533194,1/9,-2.090990345767028
15,L2,lr,ev,all,0.1,barrier,1161,0.46597760551248923,-1.1098893981831413,1.8376591459031295,-3.947548544086271,0/9,-3.1547056738439734
15,L2,lr,ev,all,0.2,fixed_hold,2321,0.4838431710469625,-0.3495164573830651,1.8123117213879962,-3.1618281787710614,2/9,-2.6899005679319004
15,L2,lr,ev,all,0.2,barrier,2321,0.4747953468332615,-0.6357269471532412,1.8123117213879962,-3.448038668541238,1/9,-3.536717060685304
15,L2,lr,ev,all,1.0,fixed_hold,11605,0.4918569582076691,-0.24769430024217498,1.6295050793385362,-2.877199379580711,0/9,-7.3582622552859265
15,L2,lr,ev,all,1.0,barrier,11605,0.4832399827660491,-0.3228717898088768,1.6295050793385362,-2.952376869147413,0/9,-7.932924865081024
15,PL2,gb,score,all,0.05,fixed_hold,581,0.5645438898450946,-0.9296914648024794,1.7879880300954767,-3.717679494897956,6/9,-1.2672569437902896
15,PL2,gb,score,all,0.05,barrier,581,0.5679862306368331,0.8542892907134692,1.7879880300954767,-1.9336987393820075,4/9,-0.9601242181781461
15,PL2,gb,score,all,0.1,fixed_hold,1161,0.5753660637381568,-0.38967879019318585,1.7221818287803043,-3.11186061897349,6/9,-1.1804950649105028
15,PL2,gb,score,all,0.1,barrier,1161,0.5779500430663221,0.7180649110531216,1.7221818287803043,-2.0041169177271825,4/9,-1.3139635966536871
15,PL2,gb,score,all,0.2,fixed_hold,2321,0.5700129254631624,0.1369757681018243,1.6838880993705123,-2.5469123312686883,4/9,-1.1785639401440244
15,PL2,gb,score,all,0.2,barrier,2321,0.5644118914261095,0.6080013593144058,1.6838880993705123,-2.075886740056107,2/9,-1.5604727997118346
15,PL2,gb,score,all,1.0,fixed_hold,11605,0.5439896596294701,0.6392724613574365,1.6295050793385362,-1.9902326179810996,0/9,-2.846300721340543
15,PL2,gb,score,all,1.0,barrier,11605,0.532356742783283,0.48171956868345944,1.6295050793385362,-2.1477855106550763,0/9,-4.6129329880247765
15,PL2,gb,ev,all,0.05,fixed_hold,581,0.46471600688468157,-2.7723539790807155,2.146837579734996,-5.919191558815712,4/9,-1.1410101324094033
15,PL2,gb,ev,all,0.05,barrier,581,0.4905335628227194,-0.9692427889673259,2.146837579734996,-4.116080368702322,3/9,-0.9568312469290808
15,PL2,gb,ev,all,0.1,fixed_hold,1161,0.5176571920757967,-1.1329742957087243,2.1004625014337606,-4.233436797142485,5/9,-1.0017383368399682
15,PL2,gb,ev,all,0.1,barrier,1161,0.5228251507321274,-0.17640624906446173,2.1004625014337606,-3.276868750498222,4/9,-1.1804139008300485
15,PL2,gb,ev,all,0.2,fixed_hold,2321,0.5303748384317105,-0.8852581307643063,1.9145717226155985,-3.799829853379904,4/9,-1.3183361395687994
15,PL2,gb,ev,all,0.2,barrier,2321,0.5234812580784145,-0.04245691474081961,1.9145717226155985,-2.957028637356418,2/9,-1.684171689214625
15,PL2,gb,ev,all,1.0,fixed_hold,11605,0.5439896596294701,0.6392724613574365,1.6295050793385362,-1.9902326179810996,0/9,-2.846300721340543
15,PL2,gb,ev,all,1.0,barrier,11605,0.532356742783283,0.48171956868345944,1.6295050793385362,-2.1477855106550763,0/9,-4.6129329880247765
15,PL2,lr,score,all,0.05,fixed_hold,581,0.5301204819277109,0.2954224835691365,1.6235979103667422,-2.328175426797606,2/9,-2.251601794023869
15,PL2,lr,score,all,0.05,barrier,581,0.504302925989673,-0.2023505016434298,1.6235979103667422,-2.825948412010172,0/9,-3.58987859386146
15,PL2,lr,score,all,0.1,fixed_hold,1161,0.5193798449612403,-0.34449823435638505,1.588822277727048,-2.933320512083433,1/9,-2.592486752095776
15,PL2,lr,score,all,0.1,barrier,1161,0.49612403100775193,-0.4176447191963066,1.588822277727048,-3.0064669969233546,0/9,-4.624544789754998
15,PL2,lr,score,all,0.2,fixed_hold,2321,0.5118483412322274,-0.28506188173632735,1.565685447390352,-2.850747329126679,0/9,-3.488109245018841
15,PL2,lr,score,all,0.2,barrier,2321,0.4954760878931495,-0.3774313403166271,1.565685447390352,-2.943116787706979,0/9,-4.96292548021359
15,PL2,lr,score,all,1.0,fixed_hold,11605,0.5016803102111159,-0.03886307534500525,1.6295050793385362,-2.668368154683541,0/9,-5.597803905509644
15,PL2,lr,score,all,1.0,barrier,11605,0.4903059026281775,-0.2808031843237206,1.6295050793385362,-2.910308263662256,0/9,-6.917228886582432
15,PL2,lr,ev,all,0.05,fixed_hold,581,0.4939759036144578,-0.3281780707727302,1.934165810223008,-3.262343880995738,2/9,-1.4472372573142367
15,PL2,lr,ev,all,0.05,barrier,581,0.4750430292598967,-1.1728448194922663,1.934165810223008,-4.107010629715274,0/9,-2.6141442908335706
15,PL2,lr,ev,all,0.1,fixed_hold,1161,0.4935400516795866,-0.4601300082870094,1.8960445678615017,-3.3561745761485104,3/9,-2.1940156680970646
15,PL2,lr,ev,all,0.1,barrier,1161,0.47114556416882,-1.1510332407104986,1.8960445678615017,-4.047077808572,1/9,-3.390674967596271
15,PL2,lr,ev,all,0.2,fixed_hold,2321,0.5058164584230935,0.15429536923710607,1.8322206374491903,-2.6779252682120838,1/9,-2.2624051084063943
15,PL2,lr,ev,all,0.2,barrier,2321,0.48987505385609653,-0.4808432366429241,1.8322206374491903,-3.3130638740921143,0/9,-3.5092030898092776
15,PL2,lr,ev,all,1.0,fixed_hold,11605,0.5016803102111159,-0.03886307534500525,1.6295050793385362,-2.668368154683541,0/9,-5.597803905509644
15,PL2,lr,ev,all,1.0,barrier,11605,0.4903059026281775,-0.2808031843237206,1.6295050793385362,-2.910308263662256,0/9,-6.917228886582432
15,ALL,gb,score,all,0.05,fixed_hold,581,0.5507745266781411,0.5387698475463022,1.6139069333320344,-2.075137085785732,4/9,-1.1172588956187728
15,ALL,gb,score,all,0.05,barrier,581,0.5542168674698795,0.2370630039850759,1.6139069333320344,-2.3768439293469585,4/9,-1.4586802814426139
15,ALL,gb,score,all,0.1,fixed_hold,1161,0.5676141257536607,0.7748107711808171,1.6090307904688186,-1.8342200192880014,4/9,-0.9675650126012687
15,ALL,gb,score,all,0.1,barrier,1161,0.5813953488372093,0.8982363241868407,1.6090307904688186,-1.710794466281978,3/9,-1.1261890919015247
15,ALL,gb,score,all,0.2,fixed_hold,2321,0.5639810426540285,0.8196975691930654,1.63665810758014,-1.8169605383870746,2/9,-1.458382416168543
15,ALL,gb,score,all,0.2,barrier,2321,0.5764756570443774,0.8539858067910188,1.63665810758014,-1.7826723007891212,2/9,-1.8029076669878468
15,ALL,gb,score,all,1.0,fixed_hold,11605,0.5146057733735458,0.16120711682739325,1.6295050793385362,-2.468297962511143,0/9,-6.43576842937712
15,ALL,gb,score,all,1.0,barrier,11605,0.525463162429987,0.35502105519211563,1.6295050793385362,-2.27448402414642,0/9,-7.091748154983583
15,ALL,gb,ev,all,0.05,fixed_hold,581,0.41824440619621345,-5.179664065940858,2.0615002106508022,-8.24116427659166,1/9,-1.6798776938650521
15,ALL,gb,ev,all,0.05,barrier,581,0.45438898450946646,-2.601318402739881,2.0615002106508022,-5.662818613390683,2/9,-1.4241671396372382
15,ALL,gb,ev,pred_vol_high,0.05,fixed_hold,581,0.41824440619621345,-5.179664065940858,2.0615002106508022,-8.24116427659166,1/9,-1.6798776938650521
15,ALL,gb,ev,pred_vol_high,0.05,barrier,581,0.45438898450946646,-2.601318402739881,2.0615002106508022,-5.662818613390683,2/9,-1.4241671396372382
15,ALL,gb,ev,all,0.1,fixed_hold,1161,0.46770025839793283,-2.5739739034467544,2.0552148123626552,-5.62918871580941,2/9,-1.9833711993163514
15,ALL,gb,ev,all,0.1,barrier,1161,0.48664944013781225,-0.979521358285188,2.0552148123626552,-4.034736170647842,1/9,-1.870139610653651
15,ALL,gb,ev,pred_vol_high,0.1,fixed_hold,1155,0.4692640692640693,-2.529648548901394,2.0572762907928737,-5.586924839694268,2/9,-1.9636569405620377
15,ALL,gb,ev,pred_vol_high,0.1,barrier,1155,0.48658008658008656,-0.9870616684061309,2.0572762907928737,-4.044337959199005,1/9,-1.8649556248494217
15,ALL,gb,ev,all,0.2,fixed_hold,2321,0.5071090047393365,-0.8946849355786868,1.9469207492007952,-3.841605684779482,2/9,-2.263574359958577
15,ALL,gb,ev,all,0.2,barrier,2321,0.5101249461439035,-0.11028652263950053,1.9469207492007952,-3.0572072718402956,1/9,-2.481109768094721
15,ALL,gb,ev,pred_vol_high,0.2,fixed_hold,2134,0.4967197750702905,-1.3071498252627565,1.9755232186568352,-4.282673043919592,1/9,-2.3697352273180625
15,ALL,gb,ev,pred_vol_high,0.2,barrier,2134,0.49765698219306465,-0.4102351666496481,1.9755232186568352,-3.3857583853064837,0/9,-2.515349107509739
15,ALL,gb,ev,all,1.0,fixed_hold,11605,0.5146057733735458,0.16120711682739325,1.6295050793385362,-2.468297962511143,0/9,-6.43576842937712
15,ALL,gb,ev,all,1.0,barrier,11605,0.525463162429987,0.35502105519211563,1.6295050793385362,-2.27448402414642,0/9,-7.091748154983583
15,ALL,gb,ev,pred_vol_high,1.0,fixed_hold,5803,0.49681199379631225,-0.18241872232247905,1.845688604822461,-3.02810732714494,1/9,-2.729211059835387
15,ALL,gb,ev,pred_vol_high,1.0,barrier,5803,0.5085300706531105,0.13846391492383148,1.845688604822461,-2.70722468989863,0/9,-3.2706106316594763
15,ALL,lr,score,all,0.05,fixed_hold,581,0.5507745266781411,0.994160881231349,1.3044959835177705,-1.3103351022864214,1/9,-3.26211862508595
15,ALL,lr,score,all,0.05,barrier,581,0.5628227194492255,0.8497164035035278,1.3044959835177705,-1.4547795800142427,1/9,-4.227456425164494
15,ALL,lr,score,all,0.1,fixed_hold,1161,0.5297157622739018,0.6727742232733145,1.3263648462479924,-1.653590622974678,0/9,-4.1462251776173416
15,ALL,lr,score,all,0.1,barrier,1161,0.5469422911283376,0.44654835115173963,1.3263648462479924,-1.8798164950962524,0/9,-4.04819542133297
15,ALL,lr,score,all,0.2,fixed_hold,2321,0.5208961654459284,0.23796661482913048,1.414139756537018,-2.176173141707887,0/9,-4.226155028432678
15,ALL,lr,score,all,0.2,barrier,2321,0.5282205945713054,0.2153586762397862,1.414139756537018,-2.1987810802972314,0/9,-3.922812825949015
15,ALL,lr,score,all,1.0,fixed_hold,11605,0.5151227919000431,0.21840629032566153,1.6295050793385362,-2.411098789012874,0/9,-5.449373755769622
15,ALL,lr,score,all,1.0,barrier,11605,0.5202068074105989,0.2535510510730412,1.6295050793385362,-2.375954028265495,0/9,-6.399057206318387
15,ALL,lr,ev,all,0.05,fixed_hold,581,0.47332185886402756,-0.8351983400182411,1.77254265874724,-3.6077409987654816,1/9,-1.3150207476142364
15,ALL,lr,ev,all,0.05,barrier,581,0.48709122203098104,-0.3144642876915527,1.77254265874724,-3.0870069464387924,1/9,-1.6134629167821042
15,ALL,lr,ev,pred_vol_high,0.05,fixed_hold,559,0.47048300536672627,-0.7833855954257765,1.7755098677559435,-3.5588954631817202,1/9,-1.235098167987643
15,ALL,lr,ev,pred_vol_high,0.05,barrier,559,0.48300536672629696,-0.40988266618833064,1.7755098677559435,-3.185392533944274,1/9,-1.5994144568211606
15,ALL,lr,ev,all,0.1,fixed_hold,1161,0.49870801033591733,0.10745105615229164,1.7812121341429914,-2.673761077990699,2/9,-1.5680362443488725
15,ALL,lr,ev,all,0.1,barrier,1161,0.5047372954349698,0.11379408811127296,1.7812121341429914,-2.667418046031718,1/9,-1.9834246269507128
15,ALL,lr,ev,pred_vol_high,0.1,fixed_hold,1022,0.49608610567514677,0.06151613630752869,1.8246871742677615,-2.7631710379602326,2/9,-1.390043338772496
15,ALL,lr,ev,pred_vol_high,0.1,barrier,1022,0.49902152641878667,-0.033955626237848854,1.8246871742677615,-2.85864280050561,1/9,-1.8923517883344378
15,ALL,lr,ev,all,0.2,fixed_hold,2321,0.5045239121068505,0.04891388179441231,1.7404809278366504,-2.691567046042238,2/9,-2.2050854343960418
15,ALL,lr,ev,all,0.2,barrier,2321,0.5096940973718225,0.07295493248353084,1.7404809278366504,-2.6675259953531203,1/9,-2.762162646118905
15,ALL,lr,ev,pred_vol_high,0.2,fixed_hold,1799,0.490272373540856,-0.07458634537512303,1.838664762986887,-2.9132511083620107,2/9,-1.7435561546618943
15,ALL,lr,ev,pred_vol_high,0.2,barrier,1799,0.4919399666481378,-0.2257812107676964,1.838664762986887,-3.0644459737545846,0/9,-2.5364325687825278
15,ALL,lr,ev,all,1.0,fixed_hold,11605,0.5151227919000431,0.21840629032566153,1.6295050793385362,-2.411098789012874,0/9,-5.449373755769622
15,ALL,lr,ev,all,1.0,barrier,11605,0.5202068074105989,0.2535510510730412,1.6295050793385362,-2.375954028265495,0/9,-6.399057206318387
15,ALL,lr,ev,pred_vol_high,1.0,fixed_hold,5803,0.49784594175426505,0.0267594960077991,1.845688604822461,-2.8189291088146624,0/9,-2.6579066427608544
15,ALL,lr,ev,pred_vol_high,1.0,barrier,5803,0.501292434947441,-0.03557454752398791,1.845688604822461,-2.88126315234645,0/9,-3.5574616524215594
30,P,gb,score,all,0.05,fixed_hold,580,0.6879310344827586,4.504725645670657,1.5335655527811132,1.9711600928895443,7/9,0.4154127460888338
30,P,gb,score,all,0.05,barrier,580,0.6586206896551724,2.821850558914003,1.5335655527811132,0.28828500613288993,6/9,0.0794138950953422
30,P,gb,score,all,0.1,fixed_hold,1166,0.6680960548885078,1.2708589303289937,1.5357220733146777,-1.2648631429856838,7/9,-0.2029896227809522
30,P,gb,score,all,0.1,barrier,1166,0.6569468267581475,2.2248822051514763,1.5357220733146777,-0.31083986816320186,7/9,-0.06619899122559371
30,P,gb,score,all,0.2,fixed_hold,2318,0.6531492666091459,1.8271275464279813,1.5665639153167006,-0.7394363688887192,5/9,-0.19851507315710343
30,P,gb,score,all,0.2,barrier,2318,0.6354616048317515,2.364698096661923,1.5665639153167006,-0.20186581865477699,6/9,-0.07132382507170192
30,P,gb,score,all,1.0,fixed_hold,11590,0.5576358930112165,1.085375246222221,1.630390209587965,-1.5450149633657435,4/9,-1.3214232137030204
30,P,gb,score,all,1.0,barrier,11590,0.5541846419327006,1.1849425776728058,1.630390209587965,-1.445447631915159,3/9,-2.013771793429649
30,P,gb,ev,all,0.05,fixed_hold,580,0.5413793103448276,-2.6055716335309147,1.9555423485462122,-5.561113982077128,4/9,-0.48737140998855755
30,P,gb,ev,all,0.05,barrier,580,0.5241379310344828,-0.11331186755173803,1.9555423485462122,-3.0688542160979493,4/9,-0.35987831413277305
30,P,gb,ev,all,0.1,fixed_hold,1159,0.5565142364106989,-1.3773281166557116,1.889589739848308,-4.266917856504017,4/9,-0.658094569643212
30,P,gb,ev,all,0.1,barrier,1159,0.5418464193270061,-0.2253854688900402,1.889589739848308,-3.1149752087383495,5/9,-0.6545970941174635
30,P,gb,ev,all,0.2,fixed_hold,2318,0.5776531492666092,-0.2873375668762235,1.8225098136454512,-3.1098473805216744,4/9,-0.8522992023335766
30,P,gb,ev,all,0.2,barrier,2318,0.5565142364106989,0.4744384949068171,1.8225098136454512,-2.348071318738634,3/9,-0.8526293125511343
30,P,gb,ev,all,1.0,fixed_hold,11590,0.5576358930112165,1.085375246222221,1.630390209587965,-1.5450149633657435,4/9,-1.3214232137030204
30,P,gb,ev,all,1.0,barrier,11590,0.5541846419327006,1.1849425776728058,1.630390209587965,-1.445447631915159,3/9,-2.013771793429649
30,P,lr,score,all,0.05,fixed_hold,580,0.503448275862069,-0.12201362715267162,1.7729203159244027,-2.894933943077075,6/9,-0.3696166367563072
30,P,lr,score,all,0.05,barrier,580,0.49482758620689654,-1.9104532893288548,1.7729203159244027,-4.683373605253258,5/9,-0.7953757896304863
30,P,lr,score,all,0.1,fixed_hold,1159,0.4900776531492666,-2.1808281136577996,1.763863090381732,-4.944691204039531,4/9,-0.8327754663569606
30,P,lr,score,all,0.1,barrier,1159,0.4883520276100086,-1.693096663334335,1.763863090381732,-4.456959753716066,4/9,-1.0904769229882179
30,P,lr,score,all,0.2,fixed_hold,2318,0.5224331320103538,-1.1429448070623083,1.711348819122089,-3.854293626184397,4/9,-0.9190727386329577
30,P,lr,score,all,0.2,barrier,2318,0.5116479723899914,-0.5387840236164708,1.711348819122089,-3.2501328427385596,3/9,-1.2792981259517222
30,P,lr,score,all,1.0,fixed_hold,11590,0.5463330457290768,0.6944389377262606,1.630390209587965,-1.9359512718617038,2/9,-1.8849039641320382
30,P,lr,score,all,1.0,barrier,11590,0.5335634167385678,0.5852548768728381,1.630390209587965,-2.0451353327151263,0/9,-3.423335308876845
30,P,lr,ev,all,0.05,fixed_hold,580,0.4672413793103448,-3.7770814169231,2.135932813198569,-6.913014230121668,4/9,-0.7195218891492785
30,P,lr,ev,all,0.05,barrier,580,0.4862068965517241,-0.9017026209860499,2.135932813198569,-4.037635434184618,4/9,-0.7452660814951441
30,P,lr,ev,all,0.1,fixed_hold,1159,0.4771354616048318,-3.871684721765826,2.064718804271274,-6.936403526037101,3/9,-0.9053132745334327
30,P,lr,ev,all,0.1,barrier,1159,0.4728213977566868,-1.127352855156356,2.064718804271274,-4.192071659427628,3/9,-0.9576739481633044
30,P,lr,ev,all,0.2,fixed_hold,2318,0.5094909404659189,-1.910028603665609,1.9572414399559497,-4.867270043621559,3/9,-0.9706455280155194
30,P,lr,ev,all,0.2,barrier,2318,0.49352890422778256,-0.2341014333938961,1.9572414399559497,-3.191342873349847,3/9,-1.0580570922594696
30,P,lr,ev,all,1.0,fixed_hold,11590,0.5463330457290768,0.6944389377262606,1.630390209587965,-1.9359512718617038,2/9,-1.8849039641320382
30,P,lr,ev,all,1.0,barrier,11590,0.5335634167385678,0.5852548768728381,1.630390209587965,-2.0451353327151263,0/9,-3.423335308876845
30,F,gb,score,all,0.05,fixed_hold,580,0.5758620689655173,2.579787326127858,1.6030758166256578,-0.02328849049779874,4/9,-0.006432183291893884
30,F,gb,score,all,0.05,barrier,580,0.6172413793103448,4.591052438296205,1.6030758166256578,1.9879766216705481,5/9,0.9680010638573231
30,F,gb,score,all,0.1,fixed_hold,1159,0.5642795513373597,3.0624460746890874,1.5765093671581965,0.48593670753088997,4/9,0.2013523815190451
30,F,gb,score,all,0.1,barrier,1159,0.5901639344262295,3.483000687444176,1.5765093671581965,0.9064913202859788,6/9,0.7287517582032091
30,F,gb,score,all,0.2,fixed_hold,2318,0.5250215703192407,0.6981905914752184,1.5959168300241613,-1.8977262385489424,3/9,-1.1707208722368134
30,F,gb,score,all,0.2,barrier,2318,0.5349439171699741,1.24601329001751,1.5959168300241613,-1.3499035400066512,3/9,-2.109807562246895
30,F,gb,score,all,1.0,fixed_hold,11590,0.5177739430543572,0.04188075586459237,1.630390209587965,-2.588509453723372,1/9,-2.9674056571189285
30,F,gb,score,all,1.0,barrier,11590,0.5158757549611734,0.31820102318633575,1.630390209587965,-2.312189186401629,0/9,-6.431384149056852
30,F,gb,ev,all,0.05,fixed_hold,580,0.6172413793103448,6.040707924388075,1.76323293525554,3.2774749891325357,5/9,1.6981121742799006
30,F,gb,ev,all,0.05,barrier,580,0.6517241379310345,6.1737220247877245,1.76323293525554,3.410489089532185,5/9,1.4635384560928784
30,F,gb,ev,all,0.1,fixed_hold,1159,0.5539257981018119,1.7199131358609305,1.799214407245,-1.0793012713840695,2/9,-1.5841754861362307
30,F,gb,ev,all,0.1,barrier,1159,0.5849870578084556,3.0355037611892137,1.799214407245,0.2362893539442139,4/9,0.24233790338658318
30,F,gb,ev,all,0.2,fixed_hold,2318,0.5306298533218292,-0.05062210270482728,1.7842144725751612,-2.8348365752799873,1/9,-2.3306075758986315
30,F,gb,ev,all,0.2,barrier,2318,0.5448662640207075,1.3799648504948445,1.7842144725751612,-1.4042496220803165,2/9,-2.6859135283584195
30,F,gb,ev,all,1.0,fixed_hold,11590,0.5177739430543572,0.04188075586459237,1.630390209587965,-2.588509453723372,1/9,-2.9674056571189285
30,F,gb,ev,all,1.0,barrier,11590,0.5158757549611734,0.31820102318633575,1.630390209587965,-2.312189186401629,0/9,-6.431384149056852
30,F,lr,score,all,0.05,fixed_hold,580,0.6241379310344828,11.759023376054376,2.0339565044049457,8.725066871649432,6/9,1.197484637648015
30,F,lr,score,all,0.05,barrier,580,0.6224137931034482,6.16673636392159,2.0339565044049457,3.132779859516644,6/9,0.7422715165409101
30,F,lr,score,all,0.1,fixed_hold,1159,0.5987920621225195,8.149109586505654,1.8724525072889877,5.276657079216665,6/9,1.1039708527826682
30,F,lr,score,all,0.1,barrier,1159,0.5918895599654875,4.309521145473775,1.8724525072889877,1.4370686381847875,6/9,0.5555591097875099
30,F,lr,score,all,0.2,fixed_hold,2318,0.600086281276963,5.305380851358265,1.7602292170812155,2.5451516342770497,7/9,0.9468176943418366
30,F,lr,score,all,0.2,barrier,2318,0.591458153580673,3.067635580089771,1.7602292170812155,0.3074063630085559,7/9,0.20260600271841167
30,F,lr,score,all,1.0,fixed_hold,11590,0.5346850733390854,1.5989006900714784,1.630390209587965,-1.0314895195164868,3/9,-1.0087934201073878
30,F,lr,score,all,1.0,barrier,11590,0.5382226056945643,1.0362131460166342,1.630390209587965,-1.5941770635713304,2/9,-2.861642371824439
30,F,lr,ev,all,0.05,fixed_hold,580,0.6344827586206897,12.323972536594061,2.3032224335966887,9.020750102997372,5/9,1.0251903030080276
30,F,lr,ev,all,0.05,barrier,580,0.6258620689655172,6.294504609300233,2.3032224335966887,2.991282175703545,5/9,0.6508295450942008
30,F,lr,ev,all,0.1,fixed_hold,1159,0.6177739430543572,8.678775679522516,2.0834961284147266,5.595279551107791,5/9,1.0993889547893316
30,F,lr,ev,all,0.1,barrier,1159,0.6264020707506471,5.704359972001391,2.0834961284147266,2.6208638435866636,5/9,0.9040541816709634
30,F,lr,ev,all,0.2,fixed_hold,2318,0.589732528041415,5.900320129249894,1.9014079444997405,2.9989121847501545,6/9,0.928590087724875
30,F,lr,ev,all,0.2,barrier,2318,0.5944779982743744,3.9484739056523885,1.9014079444997405,1.0470659611526485,6/9,0.5870045180916741
30,F,lr,ev,all,1.0,fixed_hold,11590,0.5346850733390854,1.5989006900714784,1.630390209587965,-1.0314895195164868,3/9,-1.0087934201073878
30,F,lr,ev,all,1.0,barrier,11590,0.5382226056945643,1.0362131460166342,1.630390209587965,-1.5941770635713304,2/9,-2.861642371824439
30,B,gb,score,all,0.05,fixed_hold,580,0.5568965517241379,3.946687230145593,1.365267547276023,1.5814196828695701,5/9,0.8104529033443986
30,B,gb,score,all,0.05,barrier,580,0.5758620689655173,2.00988447208424,1.365267547276023,-0.3553830751917825,5/9,-0.31056191269026345
30,B,gb,score,all,0.1,fixed_hold,1161,0.5710594315245479,5.127469898728763,1.389268914003873,2.7382009847248883,7/9,1.247511203461169
30,B,gb,score,all,0.1,barrier,1161,0.5770887166236004,2.4577940608913362,1.389268914003873,0.0685251468874632,6/9,0.07216539681168317
30,B,gb,score,all,0.2,fixed_hold,2319,0.5416127641224666,3.609611974563809,1.4779426800199413,1.1316692945438687,6/9,0.6634426329793499
30,B,gb,score,all,0.2,barrier,2319,0.5416127641224666,1.4185258825344818,1.4779426800199413,-1.0594167974854594,4/9,-1.3380989325902752
30,B,gb,score,all,1.0,fixed_hold,11590,0.5103537532355479,-0.005202119171213891,1.630390209587965,-2.6355923287591785,1/9,-4.138443088409662
30,B,gb,score,all,1.0,barrier,11590,0.5270060396893874,0.3468974258856978,1.630390209587965,-2.283492783702267,0/9,-3.891827478858957
30,B,gb,ev,all,0.05,fixed_hold,580,0.46379310344827585,0.8999380126923162,1.7216430563851133,-1.8217050436927986,2/9,-0.3419646665289681
30,B,gb,ev,all,0.05,barrier,580,0.43448275862068964,-1.4908462370189093,1.7216430563851133,-4.212489293404023,2/9,-0.8981462167815669
30,B,gb,ev,all,0.1,fixed_hold,1159,0.48748921484037966,-0.5395096213662215,1.8199187038601616,-3.3594283252263835,3/9,-0.5780293936469191
30,B,gb,ev,all,0.1,barrier,1159,0.4771354616048318,-0.35331162413471257,1.8199187038601616,-3.173230327994873,2/9,-0.752759158758341
30,B,gb,ev,all,0.2,fixed_hold,2318,0.44089732528041414,-4.598673357427534,1.8701659697656514,-7.468839327193184,2/9,-1.4555868563776586
30,B,gb,ev,all,0.2,barrier,2318,0.45297670405522,-2.1366380995325907,1.8701659697656514,-5.006804069298242,2/9,-1.48955735461369
30,B,gb,ev,all,1.0,fixed_hold,11590,0.5103537532355479,-0.005202119171213891,1.630390209587965,-2.6355923287591785,1/9,-4.138443088409662
30,B,gb,ev,all,1.0,barrier,11590,0.5270060396893874,0.3468974258856978,1.630390209587965,-2.283492783702267,0/9,-3.891827478858957
30,B,lr,score,all,0.05,fixed_hold,580,0.5051724137931034,0.12748887663552985,1.9231716499586993,-2.7956827733231697,2/9,-1.456174688672555
30,B,lr,score,all,0.05,barrier,580,0.5293103448275862,0.9549498432503707,1.9231716499586993,-1.9682218067083286,1/9,-1.4270538009827962
30,B,lr,score,all,0.1,fixed_hold,1159,0.4987057808455565,-0.6465937412656299,1.874241579064352,-3.5208353203299825,2/9,-2.161921405740035
30,B,lr,score,all,0.1,barrier,1159,0.5125107851596203,0.5270120450043313,1.874241579064352,-2.3472295340600207,2/9,-1.775708436438293
30,B,lr,score,all,0.2,fixed_hold,2318,0.5047454702329595,-0.32276492143623764,1.7255034207495772,-3.048268342185815,0/9,-3.1820383088209505
30,B,lr,score,all,0.2,barrier,2318,0.5220017256255393,0.372079421332141,1.7255034207495772,-2.353423999417436,1/9,-2.6248242827600823
30,B,lr,score,all,1.0,fixed_hold,11590,0.5062122519413287,-0.14207643807376052,1.630390209587965,-2.7724666476617252,0/9,-4.84369874781331
30,B,lr,score,all,1.0,barrier,11590,0.5214840379637619,0.16020914449422963,1.630390209587965,-2.4701810650937355,0/9,-4.756143120383897
30,B,lr,ev,all,0.05,fixed_hold,580,0.47758620689655173,-2.642523901031395,1.7331665746377571,-5.375690475669153,3/9,-1.1553829826139648
30,B,lr,ev,all,0.05,barrier,580,0.47413793103448276,-1.298026703301038,1.7331665746377571,-4.031193277938795,3/9,-1.1692400193850743
30,B,lr,ev,all,0.1,fixed_hold,1159,0.47368421052631576,-2.896630405132738,1.7019424242226862,-5.598572829355424,2/9,-1.6801989974968827
30,B,lr,ev,all,0.1,barrier,1159,0.46937014667817084,-1.5541411206210418,1.7019424242226862,-4.256083544843727,1/9,-1.7798356050917497
30,B,lr,ev,all,0.2,fixed_hold,2318,0.4723899913718723,-2.2342908365297625,1.7058365408572942,-4.940127377387058,4/9,-1.9526699496724682
30,B,lr,ev,all,0.2,barrier,2318,0.46893874029335636,-1.5505030060616651,1.7058365408572942,-4.2563395469189595,2/9,-2.2035728132179235
30,B,lr,ev,all,1.0,fixed_hold,11590,0.5062122519413287,-0.14207643807376052,1.630390209587965,-2.7724666476617252,0/9,-4.84369874781331
30,B,lr,ev,all,1.0,barrier,11590,0.5214840379637619,0.16020914449422963,1.630390209587965,-2.4701810650937355,0/9,-4.756143120383897
30,L2,gb,score,all,0.05,fixed_hold,580,0.4793103448275862,-0.7715720292078413,2.2457154709803673,-4.017287500188208,2/9,-1.0293006220872312
30,L2,gb,score,all,0.05,barrier,580,0.4862068965517241,-0.39700576153925043,2.2457154709803673,-3.642721232519618,2/9,-1.4994828465810826
30,L2,gb,score,all,0.1,fixed_hold,1159,0.4857635893011217,-0.5492939666762531,2.099145768264629,-3.648439734940882,1/9,-1.228555515196502
30,L2,gb,score,all,0.1,barrier,1159,0.5064710957722174,0.25809351756077153,2.099145768264629,-2.8410522507038567,1/9,-1.5849067827100152
30,L2,gb,score,all,0.2,fixed_hold,2318,0.48662640207075064,-1.2122817762939562,1.9489175653304582,-4.161199341624415,1/9,-2.060585104895617
30,L2,gb,score,all,0.2,barrier,2318,0.506039689387403,0.009939478660911332,1.9489175653304582,-2.938978086669547,1/9,-2.3601838710849963
30,L2,gb,score,all,1.0,fixed_hold,11590,0.508541846419327,-0.039210359253067824,1.630390209587965,-2.6696005688410325,0/9,-4.6885088137748365
30,L2,gb,score,all,1.0,barrier,11590,0.5144952545297671,0.3129117618646724,1.630390209587965,-2.3174784477232926,0/9,-5.223864688396548
30,L2,gb,ev,all,0.05,fixed_hold,580,0.47586206896551725,-0.4850433744985206,2.4050791517894385,-3.89012252628796,4/9,-0.504405517239289
30,L2,gb,ev,all,0.05,barrier,580,0.4862068965517241,-0.09014450978898736,2.4050791517894385,-3.495223661578426,3/9,-0.6508215874809716
30,L2,gb,ev,all,0.1,fixed_hold,1159,0.47368421052631576,-2.214935025178395,2.257978665084151,-5.472913690262545,2/9,-1.0236736674269868
30,L2,gb,ev,all,0.1,barrier,1159,0.49525452976704054,-0.21236305470739547,2.257978665084151,-3.4703417197915463,2/9,-0.9534305638063741
30,L2,gb,ev,all,0.2,fixed_hold,2318,0.47799827437446074,-1.665531993912398,2.044919700554718,-4.710451694467117,1/9,-1.521986113017324
30,L2,gb,ev,all,0.2,barrier,2318,0.4918032786885246,-0.19167515127584034,2.044919700554718,-3.2365948518305587,1/9,-1.5866287546697189
30,L2,gb,ev,all,1.0,fixed_hold,11590,0.508541846419327,-0.039210359253067824,1.630390209587965,-2.6696005688410325,0/9,-4.6885088137748365
30,L2,gb,ev,all,1.0,barrier,11590,0.5144952545297671,0.3129117618646724,1.630390209587965,-2.3174784477232926,0/9,-5.223864688396548
30,L2,lr,score,all,0.05,fixed_hold,580,0.46379310344827585,-3.2431179811949207,1.7283193674646928,-5.971437348659613,0/9,-3.420856378478604
30,L2,lr,score,all,0.05,barrier,580,0.4586206896551724,-1.203672300190489,1.7283193674646928,-3.9319916676551814,0/9,-3.8294599528738082
30,L2,lr,score,all,0.1,fixed_hold,1159,0.4659188955996549,-2.433430204491237,1.724811439419644,-5.158241643910881,0/9,-3.0327039065425985
30,L2,lr,score,all,0.1,barrier,1159,0.45211389128559104,-1.2689145402762165,1.724811439419644,-3.993725979695861,0/9,-3.5840820128749473
30,L2,lr,score,all,0.2,fixed_hold,2318,0.46505608283002586,-1.737922253178158,1.7061096858991616,-4.44403193907732,0/9,-3.5641443104514576
30,L2,lr,score,all,0.2,barrier,2318,0.45772217428817946,-0.9630169761246452,1.7061096858991616,-3.6691266620238063,0/9,-4.476662352404851
30,L2,lr,score,all,1.0,fixed_hold,11590,0.4878343399482312,-0.5426248256891343,1.630390209587965,-3.1730150352770985,0/9,-6.623845728153299
30,L2,lr,score,all,1.0,barrier,11590,0.47886108714408976,-0.5325974150113053,1.630390209587965,-3.16298762459927,0/9,-8.306143813800466
30,L2,lr,ev,all,0.05,fixed_hold,580,0.4862068965517241,-0.7683649237222618,2.0482696343556284,-3.8166345580778898,2/9,-1.209394076009495
30,L2,lr,ev,all,0.05,barrier,580,0.4793103448275862,-0.9548797646242341,2.0482696343556284,-4.003149398979862,1/9,-1.7395085382695392
30,L2,lr,ev,all,0.1,fixed_hold,1159,0.4702329594477998,-1.0478053650518724,1.9545488345296307,-4.002354199581503,2/9,-1.9862736891903185
30,L2,lr,ev,all,0.1,barrier,1159,0.4702329594477998,-1.182636179571569,1.9545488345296307,-4.1371850141012,0/9,-2.9502266467564904
30,L2,lr,ev,all,0.2,fixed_hold,2318,0.47627264883520276,-1.0989430327867158,1.8739765122922365,-3.972919545078952,0/9,-2.947401657947234
30,L2,lr,ev,all,0.2,barrier,2318,0.47670405522001724,-0.7736709297232812,1.8739765122922365,-3.6476474420155176,0/9,-3.5801754822933263
30,L2,lr,ev,all,1.0,fixed_hold,11590,0.4878343399482312,-0.5426248256891343,1.630390209587965,-3.1730150352770985,0/9,-6.623845728153299
30,L2,lr,ev,all,1.0,barrier,11590,0.47886108714408976,-0.5325974150113053,1.630390209587965,-3.16298762459927,0/9,-8.306143813800466
30,PL2,gb,score,all,0.05,fixed_hold,580,0.7206896551724138,3.9471306537428354,1.4853408960707406,1.4617897576720946,7/9,0.2580731308863299
30,PL2,gb,score,all,0.05,barrier,580,0.6913793103448276,2.6583541238679738,1.4853408960707406,0.1730132277972322,7/9,0.03974467210922441
30,PL2,gb,score,all,0.1,fixed_hold,1159,0.6505608283002589,0.11414114492632865,1.5026000032827684,-2.388458858356439,6/9,-0.351064025824107
30,PL2,gb,score,all,0.1,barrier,1159,0.6410698878343399,1.2862708519434105,1.5026000032827684,-1.2163291513393586,6/9,-0.24240409030501564
30,PL2,gb,score,all,0.2,fixed_hold,2318,0.6462467644521139,1.8875476932272224,1.5502725093983711,-0.6627248161711494,5/9,-0.16429120345138834
30,PL2,gb,score,all,0.2,barrier,2318,0.6298533218291631,2.2111016965557466,1.5502725093983711,-0.33917081284262496,6/9,-0.11246647786664025
30,PL2,gb,score,all,1.0,fixed_hold,11590,0.5610871440897325,1.3271673722767516,1.630390209587965,-1.3032228373112131,5/9,-1.083218684573025
30,PL2,gb,score,all,1.0,barrier,11590,0.5579810181190682,1.3808406346639481,1.630390209587965,-1.2495495749240164,2/9,-1.7463679150460445
30,PL2,gb,ev,all,0.05,fixed_hold,580,0.5275862068965518,-2.8426602124287768,1.9369295159446072,-5.779589728373384,3/9,-0.4718341055375501
30,PL2,gb,ev,all,0.05,barrier,580,0.5051724137931034,-0.8759005447329228,1.9369295159446072,-3.8128300606775296,3/9,-0.4314346250172447
30,PL2,gb,ev,all,0.1,fixed_hold,1159,0.5936151855047455,1.4604568027432243,1.881436266168698,-1.4209794634254738,7/9,-0.19686961693256083
30,PL2,gb,ev,all,0.1,barrier,1159,0.5720448662640207,1.1573675124509295,1.881436266168698,-1.7240687537177681,7/9,-0.3290437984700809
30,PL2,gb,ev,all,0.2,fixed_hold,2318,0.589732528041415,0.31678342490656397,1.8229304512658353,-2.506147026359271,5/9,-0.6680360311748359
30,PL2,gb,ev,all,0.2,barrier,2318,0.5690250215703192,0.7660788954093296,1.8229304512658353,-2.0568515558565057,4/9,-0.7286642244418974
30,PL2,gb,ev,all,1.0,fixed_hold,11590,0.5610871440897325,1.3271673722767516,1.630390209587965,-1.3032228373112131,5/9,-1.083218684573025
30,PL2,gb,ev,all,1.0,barrier,11590,0.5579810181190682,1.3808406346639481,1.630390209587965,-1.2495495749240164,2/9,-1.7463679150460445
30,PL2,lr,score,all,0.05,fixed_hold,580,0.5206896551724138,-1.8011908740667923,1.7269917257693468,-4.528182599836139,1/9,-1.7230254393611908
30,PL2,lr,score,all,0.05,barrier,580,0.4862068965517241,-1.1343489950637098,1.7269917257693468,-3.861340720833056,1/9,-2.8647417378719346
30,PL2,lr,score,all,0.1,fixed_hold,1159,0.5125107851596203,-1.5096247146639725,1.711860236173807,-4.221484950837779,2/9,-2.13311771713515
30,PL2,lr,score,all,0.1,barrier,1159,0.4969801553062985,-0.6988073176126356,1.711860236173807,-3.410667553786442,2/9,-3.0270085880997035
30,PL2,lr,score,all,0.2,fixed_hold,2318,0.5056082830025884,-1.423668466141299,1.731671700277519,-4.155340166418819,1/9,-2.820112275026274
30,PL2,lr,score,all,0.2,barrier,2318,0.4926660914581536,-0.554886038038032,1.731671700277519,-3.286557738315551,0/9,-3.7011751810179656
30,PL2,lr,score,all,1.0,fixed_hold,11590,0.5043140638481449,-0.5677741261244786,1.630390209587965,-3.1981643357124434,0/9,-4.377689107070866
30,PL2,lr,score,all,1.0,barrier,11590,0.49810181190681624,-0.16287180598022022,1.630390209587965,-2.793262015568185,0/9,-5.9137141976017364
30,PL2,lr,ev,all,0.05,fixed_hold,580,0.4706896551724138,-3.8998591747021933,2.1528980702322253,-7.052757244934418,1/9,-2.049804049303501
30,PL2,lr,ev,all,0.05,barrier,580,0.46206896551724136,-2.462317996955846,2.1528980702322253,-5.61521606718807,0/9,-2.5197297329261006
30,PL2,lr,ev,all,0.1,fixed_hold,1159,0.47368421052631576,-3.4276276988167624,2.0639529133717724,-6.491580612188534,1/9,-2.3681887830665076
30,PL2,lr,ev,all,0.1,barrier,1159,0.46678170836928384,-1.7697229452276821,2.0639529133717724,-4.833675858599455,0/9,-2.715322045743698
30,PL2,lr,ev,all,0.2,fixed_hold,2318,0.47670405522001724,-2.0977274703454447,1.9515682501299403,-5.049295720475385,0/9,-2.8661123078512754
30,PL2,lr,ev,all,0.2,barrier,2318,0.4685073339085418,-1.2371087405372718,1.9515682501299403,-4.188676990667211,0/9,-3.433094329512944
30,PL2,lr,ev,all,1.0,fixed_hold,11590,0.5043140638481449,-0.5677741261244786,1.630390209587965,-3.1981643357124434,0/9,-4.377689107070866
30,PL2,lr,ev,all,1.0,barrier,11590,0.49810181190681624,-0.16287180598022022,1.630390209587965,-2.793262015568185,0/9,-5.9137141976017364
30,ALL,gb,score,all,0.05,fixed_hold,580,0.6827586206896552,7.040896582528279,1.39181420485288,4.649082377675398,5/9,2.2929232137263984
30,ALL,gb,score,all,0.05,barrier,580,0.6862068965517242,5.346076791238669,1.39181420485288,2.95426258638579,5/9,1.8482797040046548
30,ALL,gb,score,all,0.1,fixed_hold,1164,0.6469072164948454,3.971368207707884,1.4048433058446186,1.5665249018632657,6/9,1.1836079722819222
30,ALL,gb,score,all,0.1,barrier,1164,0.6512027491408935,3.5202981047213036,1.4048433058446186,1.115454798876685,5/9,1.2230331420294573
30,ALL,gb,score,all,0.2,fixed_hold,2318,0.6229508196721312,3.552163172788906,1.4650673803848173,1.0870957924040894,7/9,0.7767256911955707
30,ALL,gb,score,all,0.2,barrier,2318,0.6289905090595341,3.137401750642871,1.4650673803848173,0.6723343702580534,7/9,0.6173501080271053
30,ALL,gb,score,all,1.0,fixed_hold,11590,0.5194995685936152,0.24577956274618237,1.630390209587965,-2.3846106468417823,1/9,-4.342394831703652
30,ALL,gb,score,all,1.0,barrier,11590,0.5344262295081967,0.531724659960965,1.630390209587965,-2.098665549627,0/9,-3.9027263118577893
30,ALL,gb,ev,all,0.05,fixed_hold,580,0.4379310344827586,-6.2033980900479415,1.991862861926497,-9.19526095197444,1/9,-1.8652089253695616
30,ALL,gb,ev,all,0.05,barrier,580,0.46551724137931033,-2.4388861275229727,1.991862861926497,-5.4307489894494685,3/9,-1.2922269613325046
30,ALL,gb,ev,pred_vol_high,0.05,fixed_hold,580,0.4379310344827586,-6.2033980900479415,1.991862861926497,-9.19526095197444,1/9,-1.8652089253695616
30,ALL,gb,ev,pred_vol_high,0.05,barrier,580,0.46551724137931033,-2.4388861275229727,1.991862861926497,-5.4307489894494685,3/9,-1.2922269613325046
30,ALL,gb,ev,all,0.1,fixed_hold,1159,0.4659188955996549,-5.541428006998363,1.8983550902796082,-8.43978309727797,3/9,-1.4165066883211512
30,ALL,gb,ev,all,0.1,barrier,1159,0.4710957722174288,-2.9753217419158964,1.8983550902796082,-5.873676832195505,3/9,-1.2810081874284767
30,ALL,gb,ev,pred_vol_high,0.1,fixed_hold,1137,0.46262093227792433,-5.75770887570043,1.9067250884392961,-8.664433964139727,2/9,-1.4341710320830932
30,ALL,gb,ev,pred_vol_high,0.1,barrier,1137,0.4678979771328056,-3.090871281196694,1.9067250884392961,-5.997596369635991,2/9,-1.2875456888586048
30,ALL,gb,ev,all,0.2,fixed_hold,2318,0.5043140638481449,-2.5509238508155905,1.837183106208231,-5.3881069570238225,3/9,-1.631995772467519
30,ALL,gb,ev,all,0.2,barrier,2318,0.5163934426229508,-0.46179570608901516,1.837183106208231,-3.298978812297246,2/9,-1.6468482018745676
30,ALL,gb,ev,pred_vol_high,0.2,fixed_hold,2049,0.49389946315275746,-3.2596177040276775,1.8708676612640631,-6.130485365291742,2/9,-1.6452773533104053
30,ALL,gb,ev,pred_vol_high,0.2,barrier,2049,0.5002440214738897,-0.9634758985679338,1.8708676612640631,-3.834343559831997,1/9,-1.688527425387258
30,ALL,gb,ev,all,1.0,fixed_hold,11590,0.5194995685936152,0.24577956274618237,1.630390209587965,-2.3846106468417823,1/9,-4.342394831703652
30,ALL,gb,ev,all,1.0,barrier,11590,0.5344262295081967,0.531724659960965,1.630390209587965,-2.098665549627,0/9,-3.9027263118577893
30,ALL,gb,ev,pred_vol_high,1.0,fixed_hold,5795,0.5095772217428818,0.15070516403108086,1.8431948357949675,-2.692489671763887,1/9,-2.1681213680179274
30,ALL,gb,ev,pred_vol_high,1.0,barrier,5795,0.523899913718723,0.4412164763800263,1.8431948357949675,-2.401978359414941,1/9,-2.142963419572804
30,ALL,lr,score,all,0.05,fixed_hold,580,0.49310344827586206,-1.1841049725427704,1.8160541819534624,-4.000159154496232,3/9,-1.0405915503630667
30,ALL,lr,score,all,0.05,barrier,580,0.4862068965517241,-1.1397660311144024,1.8160541819534624,-3.9558202130678652,3/9,-1.6773858312923984
30,ALL,lr,score,all,0.1,fixed_hold,1159,0.5220017256255393,0.5523890733897674,1.778443784040642,-2.2260547106508746,5/9,-0.7695569783223507
30,ALL,lr,score,all,0.1,barrier,1159,0.5056082830025884,-0.13425961014722468,1.778443784040642,-2.9127033941878664,3/9,-1.5481477584703098
30,ALL,lr,score,all,0.2,fixed_hold,2318,0.5327868852459017,0.6248080201415447,1.721186023774727,-2.096378003633182,3/9,-0.8337327015342196
30,ALL,lr,score,all,0.2,barrier,2318,0.5155306298533219,0.2256780989568207,1.721186023774727,-2.4955079248179066,1/9,-1.514036517076764
30,ALL,lr,score,all,1.0,fixed_hold,11590,0.513632441760138,0.19356454405386164,1.630390209587965,-2.4368256655341036,2/9,-2.2993677186285923
30,ALL,lr,score,all,1.0,barrier,11590,0.5031924072476273,0.04327069321853028,1.630390209587965,-2.5871195163694347,1/9,-3.8987353167459857
30,ALL,lr,ev,all,0.05,fixed_hold,580,0.49482758620689654,0.9004544757998454,2.054805897616992,-2.154351421817147,2/9,-0.39810398198088276
30,ALL,lr,ev,all,0.05,barrier,580,0.4844827586206897,-1.1679867495378244,2.054805897616992,-4.222792647154816,2/9,-1.5192487966475037
30,ALL,lr,ev,pred_vol_high,0.05,fixed_hold,555,0.4936936936936937,0.6362517453535499,2.0593699056675945,-2.4231181603140457,2/9,-0.436034126348065
30,ALL,lr,ev,pred_vol_high,0.05,barrier,555,0.4846846846846847,-1.3098591234195898,2.0593699056675945,-4.369229029087183,2/9,-1.5661111113958563
30,ALL,lr,ev,all,0.1,fixed_hold,1159,0.5047454702329595,0.06878234529056568,1.9841637871935696,-2.915381441903004,4/9,-0.7021007169875737
30,ALL,lr,ev,all,0.1,barrier,1159,0.4900776531492666,-0.4403659685483862,1.9841637871935696,-3.4245297557419563,2/9,-1.3261510121834819
30,ALL,lr,ev,pred_vol_high,0.1,fixed_hold,1038,0.5019267822736031,-0.12439441303910076,1.991878511822173,-3.1162729248612733,3/9,-0.7009327001625935
30,ALL,lr,ev,pred_vol_high,0.1,barrier,1038,0.48940269749518306,-0.5074025565312063,1.991878511822173,-3.499281068353379,2/9,-1.3295897975528548
30,ALL,lr,ev,all,0.2,fixed_hold,2318,0.5012942191544435,-0.10345596849996064,1.9095673185172606,-3.013023287017221,4/9,-1.0347313869735681
30,ALL,lr,ev,all,0.2,barrier,2318,0.47627264883520276,-0.649662242545068,1.9095673185172606,-3.559229561062328,3/9,-1.8826547260581334
30,ALL,lr,ev,pred_vol_high,0.2,fixed_hold,1872,0.4962606837606838,-0.04904126000820175,1.9500618025600094,-2.999103062568212,3/9,-0.9059741254055904
30,ALL,lr,ev,pred_vol_high,0.2,barrier,1872,0.4732905982905983,-0.7763513277786521,1.9500618025600094,-3.7264131303386616,2/9,-1.847994098160121
30,ALL,lr,ev,all,1.0,fixed_hold,11590,0.513632441760138,0.19356454405386164,1.630390209587965,-2.4368256655341036,2/9,-2.2993677186285923
30,ALL,lr,ev,all,1.0,barrier,11590,0.5031924072476273,0.04327069321853028,1.630390209587965,-2.5871195163694347,1/9,-3.8987353167459857
30,ALL,lr,ev,pred_vol_high,1.0,fixed_hold,5795,0.5037100949094047,0.026470515438936307,1.8431948357949675,-2.8167243203560313,3/9,-1.4818899930382003
30,ALL,lr,ev,pred_vol_high,1.0,barrier,5795,0.4928386540120794,-0.31981255296687094,1.8431948357949675,-3.1630073887618386,1/9,-2.505439090065534
60,P,gb,score,all,0.05,fixed_hold,579,0.6062176165803109,1.0934465083516054,1.375730870252093,-1.2822843619004882,7/9,-0.1205702086872677
60,P,gb,score,all,0.05,barrier,579,0.5958549222797928,-0.9411417570467855,1.375730870252093,-3.316872627298878,6/9,-0.33631002259763626
60,P,gb,score,all,0.1,fixed_hold,1156,0.6055363321799307,0.10154081883294934,1.4571031478245722,-2.3555623289916228,7/9,-0.2558654575120381
60,P,gb,score,all,0.1,barrier,1156,0.6211072664359861,1.612163063964938,1.4571031478245722,-0.8449400838596366,7/9,-0.1123852507016969
60,P,gb,score,all,0.2,fixed_hold,2312,0.5847750865051903,-0.4514177455453892,1.5144004527900679,-2.9658181983354583,5/9,-0.3662874041080999
60,P,gb,score,all,0.2,barrier,2312,0.6042387543252595,1.47990667503298,1.5144004527900679,-1.0344937777570884,6/9,-0.17742273815025816
60,P,gb,score,all,1.0,fixed_hold,11560,0.5354671280276817,0.11301077879423335,1.632340694904876,-2.5193299161106433,3/9,-1.0878865318320317
60,P,gb,score,all,1.0,barrier,11560,0.5294117647058824,0.838717678838287,1.632340694904876,-1.7936230160665891,3/9,-1.2721857723696963
60,P,gb,ev,all,0.05,fixed_hold,578,0.5034602076124568,-4.104996647076732,2.030102858869143,-7.135099505945875,5/9,-0.33819102105822485
60,P,gb,ev,all,0.05,barrier,578,0.4844290657439446,-3.561350198343501,2.030102858869143,-6.591453057212643,5/9,-0.4188952949966669
60,P,gb,ev,all,0.1,fixed_hold,1156,0.5025951557093425,-4.620230420716141,1.8487380568991223,-7.468968477615263,4/9,-0.5477656099687713
60,P,gb,ev,all,0.1,barrier,1156,0.5129757785467128,-1.2736263283154436,1.8487380568991223,-4.122364385214568,6/9,-0.41671201306148914
60,P,gb,ev,all,0.2,fixed_hold,2312,0.5294117647058824,-2.3017645283533756,1.7782545970513803,-5.080019125404756,4/9,-0.6582834000893436
60,P,gb,ev,all,0.2,barrier,2312,0.528114186851211,-0.16051969495385537,1.7782545970513803,-2.9387742920052347,5/9,-0.5426696419337743
60,P,gb,ev,all,1.0,fixed_hold,11560,0.5354671280276817,0.11301077879423335,1.632340694904876,-2.5193299161106433,3/9,-1.0878865318320317
60,P,gb,ev,all,1.0,barrier,11560,0.5294117647058824,0.838717678838287,1.632340694904876,-1.7936230160665891,3/9,-1.2721857723696963
60,P,lr,score,all,0.05,fixed_hold,578,0.44809688581314877,-5.111031277503751,1.7039022376998476,-7.814933515203601,6/9,-0.5902737521012482
60,P,lr,score,all,0.05,barrier,578,0.45501730103806226,-5.67563329754052,1.7039022376998476,-8.379535535240365,6/9,-0.7473848441227815
60,P,lr,score,all,0.1,fixed_hold,1156,0.47058823529411764,-4.842178974487152,1.6868412230846443,-7.529020197571798,5/9,-0.7191028194304068
60,P,lr,score,all,0.1,barrier,1156,0.4852941176470588,-3.271740071603569,1.6868412230846443,-5.958581294688215,6/9,-0.7318768879489467
60,P,lr,score,all,0.2,fixed_hold,2312,0.5190311418685121,-2.871559023637568,1.6803370348376707,-5.551896058475239,5/9,-0.7231840286892532
60,P,lr,score,all,0.2,barrier,2312,0.5229238754325259,-1.270366173231958,1.6803370348376707,-3.9507032080696303,5/9,-0.8359997947308703
60,P,lr,score,all,1.0,fixed_hold,11560,0.5577854671280277,1.881443396969487,1.632340694904876,-0.7508972979353885,5/9,-0.3300606522217384
60,P,lr,score,all,1.0,barrier,11560,0.5451557093425605,1.2635124644477815,1.632340694904876,-1.3688282304570942,3/9,-1.3582392241827987
60,P,lr,ev,all,0.05,fixed_hold,578,0.41695501730103807,-10.093290044617149,2.054414924054378,-13.147704968671531,5/9,-0.6923993416518602
60,P,lr,ev,all,0.05,barrier,578,0.4186851211072664,-5.599041062630986,2.054414924054378,-8.653455986685366,5/9,-0.8658891819075001
60,P,lr,ev,all,0.1,fixed_hold,1156,0.4204152249134948,-7.212162042160201,2.030264765468048,-10.242426807628245,4/9,-0.7144796067971872
60,P,lr,ev,all,0.1,barrier,1156,0.4005190311418685,-6.198455640077788,2.030264765468048,-9.228720405545836,3/9,-1.149526545020714
60,P,lr,ev,all,0.2,fixed_hold,2312,0.4982698961937716,-3.3818024567960308,1.933709209800393,-6.315511666596423,4/9,-0.6635367651792594
60,P,lr,ev,all,0.2,barrier,2312,0.4826989619377163,-1.838102485192997,1.933709209800393,-4.7718116949933895,3/9,-0.9431312325012357
60,P,lr,ev,all,1.0,fixed_hold,11560,0.5577854671280277,1.881443396969487,1.632340694904876,-0.7508972979353885,5/9,-0.3300606522217384
60,P,lr,ev,all,1.0,barrier,11560,0.5451557093425605,1.2635124644477815,1.632340694904876,-1.3688282304570942,3/9,-1.3582392241827987
60,F,gb,score,all,0.05,fixed_hold,583,0.5986277873070326,1.6676597350570865,1.5649104573978985,-0.8972507223408109,3/9,-0.4853067521014007
60,F,gb,score,all,0.05,barrier,583,0.614065180102916,2.3930301796890414,1.5649104573978985,-0.17188027770885694,3/9,-0.12375460223389627
60,F,gb,score,all,0.1,fixed_hold,1156,0.6046712802768166,3.6238174785328203,1.5752134581019877,1.0486040204308325,4/9,0.498074380424279
60,F,gb,score,all,0.1,barrier,1156,0.5994809688581315,3.1638155363387708,1.5752134581019877,0.5886020782367831,4/9,0.3392228682117475
60,F,gb,score,all,0.2,fixed_hold,2312,0.5782871972318339,3.303522086176781,1.6487952536118087,0.6547268325649719,3/9,0.31381920915629025
60,F,gb,score,all,0.2,barrier,2312,0.5674740484429066,2.3197533905049967,1.6487952536118087,-0.3290418631068112,3/9,-0.21887647397268653
60,F,gb,score,all,1.0,fixed_hold,11560,0.5166955017301038,-0.1923707009695793,1.632340694904876,-2.824711395874456,1/9,-2.5604561165589845
60,F,gb,score,all,1.0,barrier,11560,0.5166089965397924,0.37963696430594807,1.632340694904876,-2.2527037305989284,1/9,-2.090480721295432
60,F,gb,ev,all,0.05,fixed_hold,578,0.5224913494809689,2.1518432094257527,1.8827969542466052,-0.7309537448208521,4/9,-0.18571721013362552
60,F,gb,ev,all,0.05,barrier,578,0.5103806228373703,0.3556915492211726,1.8827969542466052,-2.527105405025434,3/9,-0.5109799591234719
60,F,gb,ev,all,0.1,fixed_hold,1156,0.5683391003460208,4.311229170052465,1.8441027119161508,1.467126458136314,4/9,0.6297234411292306
60,F,gb,ev,all,0.1,barrier,1156,0.5666089965397924,3.147413224793836,1.8441027119161508,0.3033105128776857,4/9,0.1563128916243931
60,F,gb,ev,all,0.2,fixed_hold,2312,0.5480103806228374,1.2944877325459505,1.832945799936403,-1.5384580673904522,3/9,-0.6987508438942798
60,F,gb,ev,all,0.2,barrier,2312,0.546280276816609,1.5497147059850171,1.832945799936403,-1.2832310939513853,2/9,-1.1449298629160147
60,F,gb,ev,all,1.0,fixed_hold,11560,0.5166955017301038,-0.1923707009695793,1.632340694904876,-2.824711395874456,1/9,-2.5604561165589845
60,F,gb,ev,all,1.0,barrier,11560,0.5166089965397924,0.37963696430594807,1.632340694904876,-2.2527037305989284,1/9,-2.090480721295432
60,F,lr,score,all,0.05,fixed_hold,578,0.615916955017301,20.409126006733036,2.1030889723789308,17.30603703435411,7/9,1.1886365555676779
60,F,lr,score,all,0.05,barrier,578,0.5882352941176471,7.890986292977463,2.1030889723789308,4.787897320598532,6/9,0.5681249367907958
60,F,lr,score,all,0.1,fixed_hold,1156,0.5761245674740484,13.262269933318242,1.914167365651683,10.348102567666556,6/9,1.1047508876772854
60,F,lr,score,all,0.1,barrier,1156,0.5640138408304498,4.480991821176712,1.914167365651683,1.566824455525027,6/9,0.24815836629890775
60,F,lr,score,all,0.2,fixed_hold,2312,0.5713667820069204,8.19722718221387,1.7728303605881601,5.42439682162571,6/9,1.0877275740414065
60,F,lr,score,all,0.2,barrier,2312,0.5588235294117647,3.2475366071359875,1.7728303605881601,0.4747062465478262,5/9,0.12198611126299477
60,F,lr,score,all,1.0,fixed_hold,11560,0.543166089965398,2.133930956899745,1.632340694904876,-0.498409738005132,4/9,-0.2115374204699767
60,F,lr,score,all,1.0,barrier,11560,0.5349480968858131,1.0350633118625354,1.632340694904876,-1.5972773830423406,4/9,-1.2653771713991324
60,F,lr,ev,all,0.05,fixed_hold,578,0.5467128027681661,18.124710549735312,2.3750214544086203,14.749689095326685,4/9,0.873652803403195
60,F,lr,ev,all,0.05,barrier,578,0.5224913494809689,3.9342111566255222,2.3750214544086203,0.5591897022169,4/9,0.051027547066553436
60,F,lr,ev,all,0.1,fixed_hold,1156,0.5519031141868512,12.128265143138565,2.0616967665726347,9.066568376565929,5/9,1.0377477188932915
60,F,lr,ev,all,0.1,barrier,1156,0.5501730103806228,4.817629138072293,2.0616967665726347,1.7559323714996589,5/9,0.2721817134821647
60,F,lr,ev,all,0.2,fixed_hold,2312,0.5532006920415224,6.235033176371871,1.8848780504855007,3.3501551258863698,5/9,0.6653649886690155
60,F,lr,ev,all,0.2,barrier,2312,0.53719723183391,2.1288048426753963,1.8848780504855007,-0.7560732078101037,3/9,-0.20359610163138794
60,F,lr,ev,all,1.0,fixed_hold,11560,0.543166089965398,2.133930956899745,1.632340694904876,-0.498409738005132,4/9,-0.2115374204699767
60,F,lr,ev,all,1.0,barrier,11560,0.5349480968858131,1.0350633118625354,1.632340694904876,-1.5972773830423406,4/9,-1.2653771713991324
60,B,gb,score,all,0.05,fixed_hold,587,0.4684838160136286,-4.2192139406604845,1.2520516629743383,-6.471265603634823,2/9,-2.0299379555992836
60,B,gb,score,all,0.05,barrier,587,0.5110732538330494,0.21199683111762624,1.2520516629743383,-2.040054831856712,2/9,-1.5161775915484628
60,B,gb,score,all,0.1,fixed_hold,1156,0.5086505190311419,-0.5616563385664171,1.458541593396955,-3.020197931963372,3/9,-1.5517249152760468
60,B,gb,score,all,0.1,barrier,1156,0.5302768166089965,0.9906945919581558,1.458541593396955,-1.4678470014387988,3/9,-1.4134145401219491
60,B,gb,score,all,0.2,fixed_hold,2312,0.5190311418685121,0.13830711479291205,1.6029212975899396,-2.464614182797027,3/9,-1.6134348727256678
60,B,gb,score,all,0.2,barrier,2312,0.5302768166089965,0.9318777059097975,1.6029212975899396,-1.6710435916801418,3/9,-1.2610189778954541
60,B,gb,score,all,1.0,fixed_hold,11560,0.5208477508650519,0.03073680263673378,1.632340694904876,-2.6016038922681424,1/9,-2.2538805893441576
60,B,gb,score,all,1.0,barrier,11560,0.5298442906574394,0.5267126578811793,1.632340694904876,-2.105628037023697,2/9,-2.051463776473602
60,B,gb,ev,all,0.05,fixed_hold,578,0.39792387543252594,-4.848751688532506,1.733556362692298,-7.582308051224803,3/9,-0.6196898400783487
60,B,gb,ev,all,0.05,barrier,578,0.3754325259515571,-5.312213048616761,1.733556362692298,-8.045769411309061,3/9,-0.7590125707365576
60,B,gb,ev,all,0.1,fixed_hold,1156,0.435121107266436,-6.2364871766899785,1.8352883330688488,-9.071775509758831,3/9,-0.7003964561032338
60,B,gb,ev,all,0.1,barrier,1156,0.4195501730103806,-4.189324112213156,1.8352883330688488,-7.024612445282005,2/9,-0.6959668571154364
60,B,gb,ev,all,0.2,fixed_hold,2312,0.45588235294117646,-7.936320752476159,1.8789914767769171,-10.815312229253074,2/9,-1.2321027432042142
60,B,gb,ev,all,0.2,barrier,2312,0.4641003460207612,-3.050992998471908,1.8789914767769171,-5.929984475248825,2/9,-1.0029124060317223
60,B,gb,ev,all,1.0,fixed_hold,11560,0.5208477508650519,0.03073680263673378,1.632340694904876,-2.6016038922681424,1/9,-2.2538805893441576
60,B,gb,ev,all,1.0,barrier,11560,0.5298442906574394,0.5267126578811793,1.632340694904876,-2.105628037023697,2/9,-2.051463776473602
60,B,lr,score,all,0.05,fixed_hold,578,0.5311418685121108,2.2732772621569803,1.905843762762192,-0.6325665006052112,2/9,-0.1519061121793639
60,B,lr,score,all,0.05,barrier,578,0.5346020761245674,1.2888815572331278,1.905843762762192,-1.6169622055290642,2/9,-0.6360639878605879
60,B,lr,score,all,0.1,fixed_hold,1156,0.49653979238754326,-0.5753330960627107,1.8910095811258532,-3.466342677188565,2/9,-1.0116564803059758
60,B,lr,score,all,0.1,barrier,1156,0.5060553633217993,-0.630204812490623,1.8910095811258532,-3.521214393616476,2/9,-1.504770979713398
60,B,lr,score,all,0.2,fixed_hold,2312,0.4991349480968858,-0.9458479524388306,1.7951490805304724,-3.740997032969303,2/9,-1.2168440658137032
60,B,lr,score,all,0.2,barrier,2312,0.5173010380622838,-0.3257525597388617,1.7951490805304724,-3.120901640269334,3/9,-1.4624332677491794
60,B,lr,score,all,1.0,fixed_hold,11560,0.5208477508650519,0.03073680263673378,1.632340694904876,-2.6016038922681424,1/9,-2.2538805893441576
60,B,lr,score,all,1.0,barrier,11560,0.5298442906574394,0.5267126578811793,1.632340694904876,-2.105628037023697,2/9,-2.051463776473602
60,B,lr,ev,all,0.05,fixed_hold,578,0.4671280276816609,-5.496274570987951,2.0013329566469658,-8.497607527634917,1/9,-1.437730557820075
60,B,lr,ev,all,0.05,barrier,578,0.4688581314878893,-2.0350529371065593,2.0013329566469658,-5.036385893753526,3/9,-1.137655884165874
60,B,lr,ev,all,0.1,fixed_hold,1156,0.47664359861591693,-3.0661542260014385,1.8589717401876706,-5.9251259661891105,4/9,-1.31243056886912
60,B,lr,ev,all,0.1,barrier,1156,0.46972318339100344,-1.7335914599923374,1.8589717401876706,-4.592563200180009,3/9,-1.2613664476825992
60,B,lr,ev,all,0.2,fixed_hold,2312,0.5,-1.874564271936621,1.7964689832884542,-4.671033255225075,3/9,-1.5984407063928803
60,B,lr,ev,all,0.2,barrier,2312,0.5121107266435986,0.05233533894766378,1.7964689832884542,-2.74413364434079,4/9,-1.2080728586640326
60,B,lr,ev,all,1.0,fixed_hold,11560,0.5208477508650519,0.03073680263673378,1.632340694904876,-2.6016038922681424,1/9,-2.2538805893441576
60,B,lr,ev,all,1.0,barrier,11560,0.5298442906574394,0.5267126578811793,1.632340694904876,-2.105628037023697,2/9,-2.051463776473602
60,L2,gb,score,all,0.05,fixed_hold,578,0.40484429065743943,-11.394048735709344,2.355553166954772,-14.749601902664114,1/9,-2.020585803578412
60,L2,gb,score,all,0.05,barrier,578,0.4429065743944637,-3.642059992472447,2.355553166954772,-6.9976131594272175,1/9,-1.5856294442661814
60,L2,gb,score,all,0.1,fixed_hold,1156,0.44809688581314877,-6.697459520445822,2.1669646595439724,-9.864424179989795,1/9,-2.033633705424064
60,L2,gb,score,all,0.1,barrier,1156,0.4749134948096886,-1.51157641913758,2.1669646595439724,-4.678541078681552,1/9,-1.6692514217692227
60,L2,gb,score,all,0.2,fixed_hold,2312,0.47707612456747406,-4.022229604612175,1.993731436494624,-7.015961041106799,1/9,-2.229255122318047
60,L2,gb,score,all,0.2,barrier,2312,0.48788927335640137,-1.2031596842638304,1.993731436494624,-4.196891120758454,1/9,-1.9929454976094558
60,L2,gb,score,all,1.0,fixed_hold,11560,0.5118512110726644,0.07585340153679385,1.632340694904876,-2.5564872933680824,1/9,-3.5031857133758524
60,L2,gb,score,all,1.0,barrier,11560,0.5151384083044983,0.4766537018473511,1.632340694904876,-2.1556869930575253,1/9,-4.0089019752888015
60,L2,gb,ev,all,0.05,fixed_hold,578,0.43079584775086505,-11.073838758022296,2.4231984258845145,-14.497037183906812,2/9,-1.1636365925668857
60,L2,gb,ev,all,0.05,barrier,578,0.4515570934256055,-2.272040229274775,2.4231984258845145,-5.695238655159289,2/9,-0.6782388489918656
60,L2,gb,ev,all,0.1,fixed_hold,1156,0.44896193771626297,-9.016731330719503,2.293212394017761,-12.309943724737265,1/9,-1.534461862032731
60,L2,gb,ev,all,0.1,barrier,1156,0.4610726643598616,-2.871354347454146,2.293212394017761,-6.164566741471906,1/9,-1.1325455754446176
60,L2,gb,ev,all,0.2,fixed_hold,2312,0.4826989619377163,-4.149665840100023,2.0608121896112888,-7.210478029711311,2/9,-1.7792339321775588
60,L2,gb,ev,all,0.2,barrier,2312,0.4935121107266436,-0.8075429047483135,2.0608121896112888,-3.868355094359602,2/9,-1.3994838291432938
60,L2,gb,ev,all,1.0,fixed_hold,11560,0.5118512110726644,0.07585340153679385,1.632340694904876,-2.5564872933680824,1/9,-3.5031857133758524
60,L2,gb,ev,all,1.0,barrier,11560,0.5151384083044983,0.4766537018473511,1.632340694904876,-2.1556869930575253,1/9,-4.0089019752888015
60,L2,lr,score,all,0.05,fixed_hold,578,0.40657439446366783,-3.7202804539248797,1.7351698658498353,-6.455450319774715,2/9,-1.7818739509973611
60,L2,lr,score,all,0.05,barrier,578,0.43079584775086505,-2.302482747329277,1.7351698658498353,-5.037652613179112,2/9,-2.3885018601995633
60,L2,lr,score,all,0.1,fixed_hold,1156,0.45501730103806226,-1.3767119674476265,1.6568106832963312,-4.033522650743957,1/9,-2.403756886562714
60,L2,lr,score,all,0.1,barrier,1156,0.4662629757785467,-0.9752158246390286,1.6568106832963312,-3.6320265079353597,1/9,-3.563795580518271
60,L2,lr,score,all,0.2,fixed_hold,2312,0.45761245674740486,-1.993973213597357,1.623933422537795,-4.617906636135152,1/9,-3.3718744585012064
60,L2,lr,score,all,0.2,barrier,2312,0.47015570934256057,-1.143735481768175,1.623933422537795,-3.76766890430597,1/9,-3.9669146394819657
60,L2,lr,score,all,1.0,fixed_hold,11560,0.48192041522491347,-0.834458465046475,1.632340694904876,-3.4667991599513517,0/9,-5.65848705999791
60,L2,lr,score,all,1.0,barrier,11560,0.48901384083044985,-0.35551680589456125,1.632340694904876,-2.987857500799438,0/9,-5.78081304207088
60,L2,lr,ev,all,0.05,fixed_hold,578,0.444636678200692,-0.011337585680493638,1.8072372646365875,-2.8185748503170807,2/9,-0.5262966160782875
60,L2,lr,ev,all,0.05,barrier,578,0.46539792387543255,-1.293540849668331,1.8072372646365875,-4.1007781143049185,1/9,-1.096870509523411
60,L2,lr,ev,all,0.1,fixed_hold,1156,0.4731833910034602,0.08145973393247968,1.789005375703625,-2.7075456417711465,1/9,-0.9178075536926285
60,L2,lr,ev,all,0.1,barrier,1156,0.47837370242214533,-0.5032150842976264,1.789005375703625,-3.292220460001252,2/9,-1.273763893148442
60,L2,lr,ev,all,0.2,fixed_hold,2312,0.4727508650519031,0.20410681997547547,1.7866496428514025,-2.5825428228759266,2/9,-1.374489467805007
60,L2,lr,ev,all,0.2,barrier,2312,0.4731833910034602,-0.5240265824205553,1.7866496428514025,-3.310676225271958,2/9,-2.4275390215314996
60,L2,lr,ev,all,1.0,fixed_hold,11560,0.48192041522491347,-0.834458465046475,1.632340694904876,-3.4667991599513517,0/9,-5.65848705999791
60,L2,lr,ev,all,1.0,barrier,11560,0.48901384083044985,-0.35551680589456125,1.632340694904876,-2.987857500799438,0/9,-5.78081304207088
60,PL2,gb,score,all,0.05,fixed_hold,578,0.5934256055363322,-0.1027327309009527,1.3543702538735474,-2.457102984774501,6/9,-0.22203138926867882
60,PL2,gb,score,all,0.05,barrier,578,0.5847750865051903,-2.3417998043391997,1.3543702538735474,-4.696170058212747,5/9,-0.4365543715956118
60,PL2,gb,score,all,0.1,fixed_hold,1156,0.606401384083045,0.692009705495852,1.4687535507558724,-1.7767438452600215,7/9,-0.19209521742732197
60,PL2,gb,score,all,0.1,barrier,1156,0.6219723183391004,1.3347329396393697,1.4687535507558724,-1.134020611116503,6/9,-0.14562504570081827
60,PL2,gb,score,all,0.2,fixed_hold,2312,0.5895328719723183,0.6899234131971876,1.5499415333389424,-1.860018120141756,5/9,-0.22569240807257954
60,PL2,gb,score,all,0.2,barrier,2312,0.6120242214532872,2.261444020495981,1.5499415333389424,-0.2884975128429634,7/9,-0.04969495740340675
60,PL2,gb,score,all,1.0,fixed_hold,11560,0.534083044982699,-0.7602351871461814,1.632340694904876,-3.392575882051057,4/9,-1.3462631712635216
60,PL2,gb,score,all,1.0,barrier,11560,0.5314878892733564,0.9169678160892013,1.632340694904876,-1.7153728788156746,3/9,-1.2165097306474102
60,PL2,gb,ev,all,0.05,fixed_hold,578,0.4913494809688581,-5.467897905582066,2.011666069304987,-8.47956397488705,2/9,-0.37569168660403673
60,PL2,gb,ev,all,0.05,barrier,578,0.47231833910034604,-4.339358033533544,2.011666069304987,-7.351024102838527,2/9,-0.43510820357093727
60,PL2,gb,ev,all,0.1,fixed_hold,1156,0.5311418685121108,-0.04340840476452852,1.874352606882388,-2.9177610116469177,5/9,-0.22637196478152655
60,PL2,gb,ev,all,0.1,barrier,1156,0.5250865051903114,-0.5609861126690711,1.874352606882388,-3.4353387195514578,6/9,-0.3525222483266302
60,PL2,gb,ev,all,0.2,fixed_hold,2312,0.5350346020761245,-1.9929895709002434,1.8011637517454702,-4.7941533226457125,5/9,-0.5635462870741851
60,PL2,gb,ev,all,0.2,barrier,2312,0.5384948096885813,0.4085929110821291,1.8011637517454702,-2.3925708406633404,4/9,-0.4348613992889923
60,PL2,gb,ev,all,1.0,fixed_hold,11560,0.534083044982699,-0.7602351871461814,1.632340694904876,-3.392575882051057,4/9,-1.3462631712635216
60,PL2,gb,ev,all,1.0,barrier,11560,0.5314878892733564,0.9169678160892013,1.632340694904876,-1.7153728788156746,3/9,-1.2165097306474102
60,PL2,lr,score,all,0.05,fixed_hold,578,0.4982698961937716,-1.5301887034251642,1.6475108067326105,-4.177699510157774,2/9,-1.6080603799082458
60,PL2,lr,score,all,0.05,barrier,578,0.5017301038062284,-0.5482513864328556,1.6475108067326105,-3.1957621931654665,1/9,-2.2349779316226566
60,PL2,lr,score,all,0.1,fixed_hold,1156,0.49567474048442905,-2.339200360946057,1.611620422441458,-4.950820783387514,1/9,-2.1179914501856065
60,PL2,lr,score,all,0.1,barrier,1156,0.4991349480968858,-0.8005802835867143,1.611620422441458,-3.4122007060281727,1/9,-2.683659611530935
60,PL2,lr,score,all,0.2,fixed_hold,2312,0.5069204152249135,-0.5963372312869835,1.5927507403380567,-3.18908797162504,2/9,-2.5102189885740387
60,PL2,lr,score,all,0.2,barrier,2312,0.513840830449827,-0.2338417319444237,1.5927507403380567,-2.8265924722824805,1/9,-3.371689130578628
60,PL2,lr,score,all,1.0,fixed_hold,11560,0.4957612456747405,-0.7742684740864066,1.632340694904876,-3.4066091689912827,1/9,-3.9100960046714337
60,PL2,lr,score,all,1.0,barrier,11560,0.4995674740484429,-0.3696547836027942,1.632340694904876,-3.0019954785076703,0/9,-4.8321185514995415
60,PL2,lr,ev,all,0.05,fixed_hold,578,0.4532871972318339,-3.094163720410541,1.8976186582452046,-5.991782378655745,2/9,-1.6218140329693562
60,PL2,lr,ev,all,0.05,barrier,578,0.45501730103806226,-2.600213062594323,1.8976186582452046,-5.497831720839527,1/9,-2.1164202034339725
60,PL2,lr,ev,all,0.1,fixed_hold,1156,0.46453287197231835,-3.13678933043865,1.8918321347981042,-6.028621465236754,2/9,-1.5536281872033215
60,PL2,lr,ev,all,0.1,barrier,1156,0.47058823529411764,-1.758410900806143,1.8918321347981042,-4.6502430356042455,1/9,-1.928265444799166
60,PL2,lr,ev,all,0.2,fixed_hold,2312,0.47664359861591693,-1.3929959167533934,1.8825626161210995,-4.275558532874492,1/9,-1.5574553298007208
60,PL2,lr,ev,all,0.2,barrier,2312,0.4844290657439446,-0.7245767637925159,1.8825626161210995,-3.607139379913615,1/9,-2.2056736573390765
60,PL2,lr,ev,all,1.0,fixed_hold,11560,0.4957612456747405,-0.7742684740864066,1.632340694904876,-3.4066091689912827,1/9,-3.9100960046714337
60,PL2,lr,ev,all,1.0,barrier,11560,0.4995674740484429,-0.3696547836027942,1.632340694904876,-3.0019954785076703,0/9,-4.8321185514995415
60,ALL,gb,score,all,0.05,fixed_hold,601,0.5557404326123128,-6.3892564013778195,1.3603333821927484,-8.749589783570569,6/9,-0.5973081185001334
60,ALL,gb,score,all,0.05,barrier,601,0.5590682196339434,-5.047482919880745,1.3603333821927484,-7.407816302073494,7/9,-0.540033989004621
60,ALL,gb,score,all,0.1,fixed_hold,1157,0.6231633535004322,-1.4304329525084312,1.4694947290416671,-3.8999276815500994,6/9,-0.41028047330620565
60,ALL,gb,score,all,0.1,barrier,1157,0.6231633535004322,-1.2399805458033673,1.4694947290416671,-3.709475274845036,7/9,-0.4243532666054762
60,ALL,gb,score,all,0.2,fixed_hold,2313,0.6359706009511457,2.744478074227754,1.5524049013988446,0.19207317282890837,6/9,0.03567527095083194
60,ALL,gb,score,all,0.2,barrier,2313,0.6251621271076524,1.3595855487913577,1.5524049013988446,-1.192819352607487,6/9,-0.25781191562167693
60,ALL,gb,score,all,1.0,fixed_hold,11560,0.5165224913494809,-0.7066137273466802,1.632340694904876,-3.3389544222515557,1/9,-2.790464440960586
60,ALL,gb,score,all,1.0,barrier,11560,0.5272491349480969,0.4113200752236261,1.632340694904876,-2.22102061968125,2/9,-2.343788687718133
60,ALL,gb,ev,all,0.05,fixed_hold,578,0.44809688581314877,-9.368981205150682,1.9549056405929952,-12.323886845743676,2/9,-0.9188467337027297
60,ALL,gb,ev,all,0.05,barrier,578,0.4290657439446367,-5.812617481705955,1.9549056405929952,-8.767523122298948,3/9,-0.9090996097281644
60,ALL,gb,ev,pred_vol_high,0.05,fixed_hold,578,0.44809688581314877,-9.368981205150682,1.9549056405929952,-12.323886845743676,2/9,-0.9188467337027297
60,ALL,gb,ev,pred_vol_high,0.05,barrier,578,0.4290657439446367,-5.812617481705955,1.9549056405929952,-8.767523122298948,3/9,-0.9090996097281644
60,ALL,gb,ev,all,0.1,fixed_hold,1156,0.4991349480968858,-6.902625755887546,1.9320309816070864,-9.834656737494635,3/9,-0.9521416554248321
60,ALL,gb,ev,all,0.1,barrier,1156,0.4818339100346021,-3.2205645119025257,1.9320309816070864,-6.152595493509611,4/9,-0.839750225329473
60,ALL,gb,ev,pred_vol_high,0.1,fixed_hold,1133,0.4942630185348632,-7.424719626780092,1.9336263339745168,-10.358345960754612,3/9,-0.9788804348729974
60,ALL,gb,ev,pred_vol_high,0.1,barrier,1133,0.47749338040600176,-3.471240041516493,1.9336263339745168,-6.404866375491008,4/9,-0.8609235503262201
60,ALL,gb,ev,all,0.2,fixed_hold,2312,0.5155709342560554,-6.886993272022628,1.8444474004171973,-9.731440672439826,2/9,-1.4325302839993916
60,ALL,gb,ev,all,0.2,barrier,2312,0.5207612456747405,-1.7312474997169724,1.8444474004171973,-4.5756949001341685,3/9,-1.0798860728992417
60,ALL,gb,ev,pred_vol_high,0.2,fixed_hold,2139,0.5049088359046283,-7.93597839633706,1.8670495139851595,-10.80302791032222,2/9,-1.4561989940705302
60,ALL,gb,ev,pred_vol_high,0.2,barrier,2139,0.511921458625526,-2.0900803138249415,1.8670495139851595,-4.9571298278101,2/9,-1.100632570699059
60,ALL,gb,ev,all,1.0,fixed_hold,11560,0.5165224913494809,-0.7066137273466802,1.632340694904876,-3.3389544222515557,1/9,-2.790464440960586
60,ALL,gb,ev,all,1.0,barrier,11560,0.5272491349480969,0.4113200752236261,1.632340694904876,-2.22102061968125,2/9,-2.343788687718133
60,ALL,gb,ev,pred_vol_high,1.0,fixed_hold,5780,0.4961937716262976,-2.7318960142448114,1.8426910049579392,-5.574587019202751,1/9,-2.1735841889483476
60,ALL,gb,ev,pred_vol_high,1.0,barrier,5780,0.5164359861591695,-0.12288655790574131,1.8426910049579392,-2.96557756286368,2/9,-1.7262300620214515
60,ALL,lr,score,all,0.05,fixed_hold,578,0.5224913494809689,-2.9310091247657293,1.5784539769647985,-5.509463101730527,2/9,-2.199562080114966
60,ALL,lr,score,all,0.05,barrier,578,0.5121107266435986,-1.5818258200037216,1.5784539769647985,-4.16027979696852,2/9,-1.7124925302969827
60,ALL,lr,score,all,0.1,fixed_hold,1156,0.532871972318339,-1.6903694358591714,1.5897392184291195,-4.2801086542882905,2/9,-1.5917230062352739
60,ALL,lr,score,all,0.1,barrier,1156,0.5311418685121108,-0.48018357671402784,1.5897392184291195,-3.0699227951431474,3/9,-1.2536471828128328
60,ALL,lr,score,all,0.2,fixed_hold,2312,0.5402249134948097,-0.2532686167129495,1.577345687594108,-2.830614304307057,3/9,-1.3876054122928956
60,ALL,lr,score,all,0.2,barrier,2312,0.5493079584775087,0.5509093002168546,1.577345687594108,-2.0264363873772533,4/9,-1.1243544599139328
60,ALL,lr,score,all,1.0,fixed_hold,11560,0.5211937716262975,0.16718451650741573,1.632340694904876,-2.4651561783974607,1/9,-2.931742021874366
60,ALL,lr,score,all,1.0,barrier,11560,0.5258650519031142,0.4657999310294811,1.632340694904876,-2.1665407638753953,1/9,-2.9429406771041062
60,ALL,lr,ev,all,0.05,fixed_hold,578,0.4290657439446367,-11.776287841442015,1.8569825453986835,-14.633270386840696,2/9,-1.3807418906228632
60,ALL,lr,ev,all,0.05,barrier,578,0.4342560553633218,-4.61794378132353,1.8569825453986835,-7.474926326722214,2/9,-1.2303207580140716
60,ALL,lr,ev,pred_vol_high,0.05,fixed_hold,576,0.4288194444444444,-11.8857961514757,1.8568099454695122,-14.742606096945215,2/9,-1.388849965638047
60,ALL,lr,ev,pred_vol_high,0.05,barrier,576,0.4340277777777778,-4.661044643475231,1.8568099454695122,-7.517854588944742,2/9,-1.2365724251202852
60,ALL,lr,ev,all,0.1,fixed_hold,1156,0.4593425605536332,-7.852151269555255,1.8248285016674077,-10.676979771222664,2/9,-1.626463355777309
60,ALL,lr,ev,all,0.1,barrier,1156,0.46366782006920415,-2.6437755318591525,1.8248285016674077,-5.46860403352656,2/9,-1.3980299814317756
60,ALL,lr,ev,pred_vol_high,0.1,fixed_hold,1110,0.45315315315315313,-8.31824601846589,1.8352454036673387,-11.15349142213323,2/9,-1.60822887349442
60,ALL,lr,ev,pred_vol_high,0.1,barrier,1110,0.45855855855855854,-2.783205777856867,1.8352454036673387,-5.618451181524205,2/9,-1.3641672164018293
60,ALL,lr,ev,all,0.2,fixed_hold,2312,0.48788927335640137,-3.8154817357459883,1.7789684426730465,-6.594450178419034,1/9,-1.9788818424460404
60,ALL,lr,ev,all,0.2,barrier,2312,0.4969723183391003,-1.0464793387992628,1.7789684426730465,-3.8254477814723087,0/9,-1.8422767322417934
60,ALL,lr,ev,pred_vol_high,0.2,fixed_hold,1999,0.4732366183091546,-4.983402760656902,1.8189954695170245,-7.802398230173926,1/9,-1.8595027216830522
60,ALL,lr,ev,pred_vol_high,0.2,barrier,1999,0.48774387193596797,-1.3577439450410378,1.8189954695170245,-4.176739414558062,2/9,-1.6666934109974072
60,ALL,lr,ev,all,1.0,fixed_hold,11560,0.5211937716262975,0.16718451650741573,1.632340694904876,-2.4651561783974607,1/9,-2.931742021874366
60,ALL,lr,ev,all,1.0,barrier,11560,0.5258650519031142,0.4657999310294811,1.632340694904876,-2.1665407638753953,1/9,-2.9429406771041062
60,ALL,lr,ev,pred_vol_high,1.0,fixed_hold,5780,0.5027681660899654,-1.1124789230749115,1.8426910049579392,-3.9551699280328507,1/9,-1.899224282377504
60,ALL,lr,ev,pred_vol_high,1.0,barrier,5780,0.5171280276816609,0.18878508361733826,1.8426910049579392,-2.653905921340601,2/9,-1.716845461410494
120,P,gb,score,all,0.05,fixed_hold,575,0.5652173913043478,1.1580175010013805,1.5194932927278475,-1.3614757917264686,6/9,-0.06835469363985751
120,P,gb,score,all,0.05,barrier,575,0.5704347826086956,-1.057377949895588,1.5194932927278475,-3.5768712426234357,6/9,-0.17868401335882286
120,P,gb,score,all,0.1,fixed_hold,1166,0.6192109777015438,2.9188366273011495,1.4830014377983614,0.43583518950278877,7/9,0.02890092277883642
120,P,gb,score,all,0.1,barrier,1166,0.5857632933104632,0.045915759943881425,1.4830014377983614,-2.4370856778544794,7/9,-0.16914945097785197
120,P,gb,score,all,0.2,fixed_hold,2300,0.6721739130434783,6.612949489077957,1.500172936674367,4.112776552403592,6/9,0.3596443079487921
120,P,gb,score,all,0.2,barrier,2300,0.6152173913043478,3.0078581753317777,1.500172936674367,0.5076852386574138,7/9,0.05194025332920689
120,P,gb,score,all,1.0,fixed_hold,11500,0.5886956521739131,0.6052434948227642,1.6365918388712881,-2.0313483440485256,5/9,-0.3913229108143829
120,P,gb,score,all,1.0,barrier,11500,0.577304347826087,3.789893299151185,1.6365918388712881,1.1533014602798959,7/9,0.3787784248488035
120,P,gb,ev,all,0.05,fixed_hold,575,0.591304347826087,9.855241468035835,1.940012355152144,6.915229112883694,5/9,0.23773174517686926
120,P,gb,ev,all,0.05,barrier,575,0.5304347826086957,-2.814469549284592,1.940012355152144,-5.754481904436731,6/9,-0.30293353498091186
120,P,gb,ev,all,0.1,fixed_hold,1150,0.48869565217391303,-5.102958401529251,1.9225790345613833,-8.025537436090632,4/9,-0.37399987200091045
120,P,gb,ev,all,0.1,barrier,1150,0.4582608695652174,-7.2795785051328386,1.9225790345613833,-10.202157539694221,4/9,-0.6720465219989828
120,P,gb,ev,all,0.2,fixed_hold,2300,0.5256521739130435,-4.261050582581545,1.8236242167207908,-7.084674799302334,4/9,-0.43153655281732795
120,P,gb,ev,all,0.2,barrier,2300,0.5295652173913044,-0.9831196164173747,1.8236242167207908,-3.8067438331381647,5/9,-0.34614446037531216
120,P,gb,ev,all,1.0,fixed_hold,11500,0.5886956521739131,0.6052434948227642,1.6365918388712881,-2.0313483440485256,5/9,-0.3913229108143829
120,P,gb,ev,all,1.0,barrier,11500,0.577304347826087,3.789893299151185,1.6365918388712881,1.1533014602798959,7/9,0.3787784248488035
120,P,lr,score,all,0.05,fixed_hold,575,0.47130434782608693,-6.127009286239804,1.6991953174640613,-8.826204603703863,5/9,-0.40760643462004137
120,P,lr,score,all,0.05,barrier,575,0.4973913043478261,-8.426196271093529,1.6991953174640613,-11.125391588557589,5/9,-0.8211368402247093
120,P,lr,score,all,0.1,fixed_hold,1150,0.48434782608695653,-7.934161160047033,1.7077983958823468,-10.64195955592938,4/9,-0.5904372598931475
120,P,lr,score,all,0.1,barrier,1150,0.5217391304347826,-4.57959193463488,1.7077983958823468,-7.287390330517226,4/9,-0.6810083522874283
120,P,lr,score,all,0.2,fixed_hold,2300,0.5152173913043478,-8.223424527447222,1.6928372443940285,-10.91626177184125,4/9,-0.7431374658615073
120,P,lr,score,all,0.2,barrier,2300,0.5347826086956522,-2.903203115549019,1.6928372443940285,-5.596040359943047,4/9,-0.6571785246150799
120,P,lr,score,all,1.0,fixed_hold,11500,0.5627826086956522,0.5180462755396328,1.6365918388712881,-2.1185455633316552,3/9,-0.3803090108711144
120,P,lr,score,all,1.0,barrier,11500,0.5630434782608695,3.2427592097096674,1.6365918388712881,0.6061673708383791,5/9,0.19521287949451746
120,P,lr,ev,all,0.05,fixed_hold,575,0.39304347826086955,-25.836295781139995,2.0989671505104854,-28.935262931650477,3/9,-0.774993090979113
120,P,lr,ev,all,0.05,barrier,575,0.3808695652173913,-18.84030104776143,2.0989671505104854,-21.939268198271915,3/9,-0.9575188020653154
120,P,lr,ev,all,0.1,fixed_hold,1150,0.45304347826086955,-17.13896703957647,2.0265910825480016,-20.165558122124466,3/9,-0.8413835080807636
120,P,lr,ev,all,0.1,barrier,1150,0.4365217391304348,-10.321542126338647,2.0265910825480016,-13.348133208886651,3/9,-0.9827046180459633
120,P,lr,ev,all,0.2,fixed_hold,2300,0.5265217391304348,-8.251670151760855,1.9403951063101745,-11.19206525807103,4/9,-0.6141322646039389
120,P,lr,ev,all,0.2,barrier,2300,0.5178260869565218,-2.511850881486302,1.9403951063101745,-5.452245987796476,4/9,-0.5745328481878479
120,P,lr,ev,all,1.0,fixed_hold,11500,0.5627826086956522,0.5180462755396328,1.6365918388712881,-2.1185455633316552,3/9,-0.3803090108711144
120,P,lr,ev,all,1.0,barrier,11500,0.5630434782608695,3.2427592097096674,1.6365918388712881,0.6061673708383791,5/9,0.19521287949451746
120,F,gb,score,all,0.05,fixed_hold,575,0.5008695652173913,-6.581382942030946,1.8194827469780428,-9.40086568900899,5/9,-0.9388426578573831
120,F,gb,score,all,0.05,barrier,575,0.48869565217391303,-3.627821406616028,1.8194827469780428,-6.447304153594072,3/9,-0.8865332981599827
120,F,gb,score,all,0.1,fixed_hold,1150,0.508695652173913,-3.169176425750858,1.8692338566873001,-6.038410282438158,5/9,-0.7445367365561069
120,F,gb,score,all,0.1,barrier,1150,0.4991304347826087,-1.0938389950761698,1.8692338566873001,-3.963072851763468,4/9,-0.6263676399490874
120,F,gb,score,all,0.2,fixed_hold,2300,0.5152173913043478,-1.5704231570964104,1.8548595007527715,-4.4252826578491815,4/9,-0.8634319938771449
120,F,gb,score,all,0.2,barrier,2300,0.5060869565217392,-0.07285759916123583,1.8548595007527715,-2.9277170999140067,4/9,-0.6047023107249136
120,F,gb,score,all,1.0,fixed_hold,11500,0.5256521739130435,-0.32456040365548056,1.6365918388712881,-2.9611522425267687,2/9,-1.9278817228847125
120,F,gb,score,all,1.0,barrier,11500,0.5137391304347826,0.5222050645082758,1.6365918388712881,-2.1143867743630125,3/9,-1.6239497831179466
120,F,gb,ev,all,0.05,fixed_hold,575,0.49043478260869566,-2.660041368499701,2.1297722705572286,-5.78981363905693,4/9,-0.4301936428025366
120,F,gb,ev,all,0.05,barrier,575,0.4852173913043478,1.7995873675281266,2.1297722705572286,-1.3301849030291029,4/9,-0.1346930717144949
120,F,gb,ev,all,0.1,fixed_hold,1150,0.4782608695652174,-4.203643984682129,2.0839621648347326,-7.2876061495168605,5/9,-0.8731065950708032
120,F,gb,ev,all,0.1,barrier,1150,0.47391304347826085,-2.066235383660581,2.0839621648347326,-5.150197548495311,4/9,-0.9103694835636801
120,F,gb,ev,all,0.2,fixed_hold,2300,0.51,-2.269271845222784,1.9607949824885256,-5.230066827711309,3/9,-1.353464959700345
120,F,gb,ev,all,0.2,barrier,2300,0.5082608695652174,-0.3135142821001631,1.9607949824885256,-3.2743092645886884,4/9,-0.8375129044084233
120,F,gb,ev,all,1.0,fixed_hold,11500,0.5256521739130435,-0.32456040365548056,1.6365918388712881,-2.9611522425267687,2/9,-1.9278817228847125
120,F,gb,ev,all,1.0,barrier,11500,0.5137391304347826,0.5222050645082758,1.6365918388712881,-2.1143867743630125,3/9,-1.6239497831179466
120,F,lr,score,all,0.05,fixed_hold,575,0.5113043478260869,-3.554924397454823,1.8327905765868162,-6.387714974041639,5/9,-0.6397362481519637
120,F,lr,score,all,0.05,barrier,575,0.48,-0.6063964591231888,1.8327905765868162,-3.439187035710007,4/9,-0.5455246880833885
120,F,lr,score,all,0.1,fixed_hold,1150,0.5313043478260869,0.42041580731325845,1.8227923662066083,-2.4023765588933506,6/9,-0.2843666641768873
120,F,lr,score,all,0.1,barrier,1150,0.5121739130434783,1.598795187001802,1.8227923662066083,-1.2239971792048072,5/9,-0.2416976805644884
120,F,lr,score,all,0.2,fixed_hold,2300,0.5634782608695652,4.682879420489598,1.7712810379811152,1.9115983825084826,5/9,0.2779556060320177
120,F,lr,score,all,0.2,barrier,2300,0.5356521739130434,3.575690818066565,1.7712810379811152,0.8044097800854505,6/9,0.181906356083178
120,F,lr,score,all,1.0,fixed_hold,11500,0.5508695652173913,3.640297379602483,1.6365918388712881,1.003705540731195,5/9,0.2958554495932835
120,F,lr,score,all,1.0,barrier,11500,0.5459130434782609,3.0575201576439204,1.6365918388712881,0.4209283187726325,5/9,0.2338442417464094
120,F,lr,ev,all,0.05,fixed_hold,575,0.5930434782608696,7.611411194343153,2.11970849808101,4.491702696262142,4/9,0.3750063489642356
120,F,lr,ev,all,0.05,barrier,575,0.591304347826087,6.815456715593547,2.11970849808101,3.695748217512537,3/9,0.5724666941964797
120,F,lr,ev,all,0.1,fixed_hold,1150,0.6095652173913043,8.6076449345295,2.048033476652811,5.559611457876689,3/9,0.6362134223626048
120,F,lr,ev,all,0.1,barrier,1150,0.6139130434782609,8.862102736298066,2.048033476652811,5.8140692596452554,3/9,0.8255015073634591
120,F,lr,ev,all,0.2,fixed_hold,2300,0.6008695652173913,7.90680772985047,1.9268071066595227,4.980000623190946,4/9,0.6778769295317048
120,F,lr,ev,all,0.2,barrier,2300,0.6004347826086956,7.802615243082709,1.9268071066595227,4.875808136423187,4/9,0.8702807230687578
120,F,lr,ev,all,1.0,fixed_hold,11500,0.5508695652173913,3.640297379602483,1.6365918388712881,1.003705540731195,5/9,0.2958554495932835
120,F,lr,ev,all,1.0,barrier,11500,0.5459130434782609,3.0575201576439204,1.6365918388712881,0.4209283187726325,5/9,0.2338442417464094
120,B,gb,score,all,0.05,fixed_hold,854,0.5140515222482436,0.1669821932752232,1.3986806617155683,-2.231698468440345,5/9,-1.1817628155532447
120,B,gb,score,all,0.05,barrier,854,0.49765807962529274,-0.7133071407923137,1.3986806617155683,-3.1119878025078824,5/9,-1.3342114144946635
120,B,gb,score,all,0.1,fixed_hold,1292,0.5201238390092879,0.8767428521750075,1.4398370004846535,-1.5630941483096472,5/9,-0.6554179105508625
120,B,gb,score,all,0.1,barrier,1292,0.5085139318885449,0.10185357213602016,1.4398370004846535,-2.3379834283486334,2/9,-1.2751108780045866
120,B,gb,score,all,0.2,fixed_hold,2349,0.5291613452532993,0.8031510106828404,1.5166245955402853,-1.713473584857445,5/9,-0.8159573880999298
120,B,gb,score,all,0.2,barrier,2349,0.5163899531715623,0.4838847956224984,1.5166245955402853,-2.032739799917787,4/9,-1.1141305379292423
120,B,gb,score,all,1.0,fixed_hold,11500,0.5157391304347826,-0.06790187614701775,1.6365918388712881,-2.7044937150183066,2/9,-1.202563310848629
120,B,gb,score,all,1.0,barrier,11500,0.5092173913043478,-0.2647516120163497,1.6365918388712881,-2.9013434508876372,2/9,-1.1913743145894329
120,B,gb,ev,all,0.05,fixed_hold,575,0.43826086956521737,-5.990308591405679,1.8145357210121817,-8.804844312417863,3/9,-0.5550857670992501
120,B,gb,ev,all,0.05,barrier,575,0.4191304347826087,-9.355245572097093,1.8145357210121817,-12.169781293109276,3/9,-0.7441940610576722
120,B,gb,ev,all,0.1,fixed_hold,1150,0.4443478260869565,-7.067171046311562,1.8848464300342256,-9.952017476345787,4/9,-0.7681806393619397
120,B,gb,ev,all,0.1,barrier,1150,0.42695652173913046,-9.604107527979314,1.8848464300342256,-12.48895395801354,3/9,-1.035965138474331
120,B,gb,ev,all,0.2,fixed_hold,2300,0.4534782608695652,-11.026158504020815,1.8539587725954942,-13.880117276616312,3/9,-1.0062533683835388
120,B,gb,ev,all,0.2,barrier,2300,0.4391304347826087,-9.02698922263654,1.8539587725954942,-11.880947995232036,2/9,-1.2132575529934697
120,B,gb,ev,all,1.0,fixed_hold,11500,0.5157391304347826,-0.06790187614701775,1.6365918388712881,-2.7044937150183066,2/9,-1.202563310848629
120,B,gb,ev,all,1.0,barrier,11500,0.5092173913043478,-0.2647516120163497,1.6365918388712881,-2.9013434508876372,2/9,-1.1913743145894329
120,B,lr,score,all,0.05,fixed_hold,575,0.5408695652173913,5.435331670356654,2.099526359053515,2.335805311303141,2/9,0.23854656611923308
120,B,lr,score,all,0.05,barrier,575,0.5391304347826087,3.1547868358508735,2.099526359053515,0.05526047679735909,3/9,0.006408674779577885
120,B,lr,score,all,0.1,fixed_hold,1150,0.5539130434782609,4.057298092894581,2.005108126989499,1.0521899659050822,2/9,0.11867818731908152
120,B,lr,score,all,0.1,barrier,1150,0.5304347826086957,2.259588889155419,2.005108126989499,-0.7455192378340788,3/9,-0.09479493614363214
120,B,lr,score,all,0.2,fixed_hold,2300,0.5060869565217392,-2.625066062001062,1.895063764905529,-5.520129826906592,3/9,-0.6959678633909602
120,B,lr,score,all,0.2,barrier,2300,0.49434782608695654,-1.7068506356135917,1.895063764905529,-4.60191440051912,3/9,-0.6946290618797233
120,B,lr,score,all,1.0,fixed_hold,11500,0.5157391304347826,-0.06790187614701775,1.6365918388712881,-2.7044937150183066,2/9,-1.202563310848629
120,B,lr,score,all,1.0,barrier,11500,0.5092173913043478,-0.2647516120163497,1.6365918388712881,-2.9013434508876372,2/9,-1.1913743145894329
120,B,lr,ev,all,0.05,fixed_hold,575,0.49043478260869566,-1.7041699284993244,2.044272161689546,-4.74844209018887,3/9,-0.9388739649424261
120,B,lr,ev,all,0.05,barrier,575,0.49217391304347824,-0.5009586150352848,2.044272161689546,-3.545230776724834,4/9,-0.6738678145069533
120,B,lr,ev,all,0.1,fixed_hold,1150,0.5234782608695652,3.270375503837857,2.0636682308973815,0.20670727294047597,3/9,0.04391826245087833
120,B,lr,ev,all,0.1,barrier,1150,0.5173913043478261,1.779686570375576,2.0636682308973815,-1.283981660521805,4/9,-0.26838836931973614
120,B,lr,ev,all,0.2,fixed_hold,2300,0.4969565217391304,0.8423752433230056,1.9757317467320141,-2.13335650340901,4/9,-0.8436189937572145
120,B,lr,ev,all,0.2,barrier,2300,0.48739130434782607,-0.07764580429501922,1.9757317467320141,-3.053377551027034,2/9,-0.9666485349539558
120,B,lr,ev,all,1.0,fixed_hold,11500,0.5157391304347826,-0.06790187614701775,1.6365918388712881,-2.7044937150183066,2/9,-1.202563310848629
120,B,lr,ev,all,1.0,barrier,11500,0.5092173913043478,-0.2647516120163497,1.6365918388712881,-2.9013434508876372,2/9,-1.1913743145894329
120,L2,gb,score,all,0.05,fixed_hold,575,0.4591304347826087,-6.848258070436787,1.8835505884092605,-9.731808658846045,2/9,-1.8966165832049033
120,L2,gb,score,all,0.05,barrier,575,0.4539130434782609,-2.4301035647681632,1.8835505884092605,-5.313654153177423,1/9,-1.4708869882903959
120,L2,gb,score,all,0.1,fixed_hold,1150,0.4791304347826087,-4.398134005870686,1.839926036467304,-7.238060042337991,2/9,-1.8585230722679384
120,L2,gb,score,all,0.1,barrier,1150,0.4791304347826087,-0.7808037489729259,1.839926036467304,-3.62072978544023,2/9,-1.3598599047868363
120,L2,gb,score,all,0.2,fixed_hold,2300,0.4808695652173913,-3.2508044965473104,1.7939239010876245,-6.044728397634936,2/9,-1.5995461294109488
120,L2,gb,score,all,0.2,barrier,2300,0.4791304347826087,-0.9730883800446773,1.7939239010876245,-3.7670122811323017,2/9,-1.3990789534246828
120,L2,gb,score,all,1.0,fixed_hold,11500,0.4890434782608696,-1.1493567119289392,1.6365918388712881,-3.785948550800228,2/9,-2.4824773055985956
120,L2,gb,score,all,1.0,barrier,11500,0.4882608695652174,-0.2608225200332567,1.6365918388712881,-2.8974143589045447,2/9,-2.117006856713044
120,L2,gb,ev,all,0.05,fixed_hold,575,0.5060869565217392,2.836840271276889,1.8552581777224249,-0.018417906445537997,3/9,-0.002729175490498791
120,L2,gb,ev,all,0.05,barrier,575,0.5182608695652174,5.8108257963073155,1.8552581777224249,2.9555676185848903,4/9,0.4817170177010041
120,L2,gb,ev,all,0.1,fixed_hold,1150,0.4834782608695652,-2.15516752066996,1.8626983995516113,-5.017865920221571,2/9,-1.0788874340156247
120,L2,gb,ev,all,0.1,barrier,1150,0.49130434782608695,1.7175490367775565,1.8626983995516113,-1.1451493627740563,1/9,-0.28079278641748556
120,L2,gb,ev,all,0.2,fixed_hold,2300,0.48478260869565215,-2.353681331477839,1.8515853481237463,-5.2052666796015865,2/9,-1.2171641665753985
120,L2,gb,ev,all,0.2,barrier,2300,0.49130434782608695,0.9373527928683087,1.8515853481237463,-1.9142325552554373,3/9,-0.5127057391089858
120,L2,gb,ev,all,1.0,fixed_hold,11500,0.4890434782608696,-1.1493567119289392,1.6365918388712881,-3.785948550800228,2/9,-2.4824773055985956
120,L2,gb,ev,all,1.0,barrier,11500,0.4882608695652174,-0.2608225200332567,1.6365918388712881,-2.8974143589045447,2/9,-2.117006856713044
120,L2,lr,score,all,0.05,fixed_hold,575,0.43478260869565216,-7.683826526506689,1.8732923214341057,-10.557118847940794,1/9,-1.8856584634182993
120,L2,lr,score,all,0.05,barrier,575,0.44,-2.8202297476815623,1.8732923214341057,-5.693522069115667,2/9,-1.4207745670770808
120,L2,lr,score,all,0.1,fixed_hold,1150,0.43217391304347824,-7.214640399752464,1.8390869521724285,-10.053727351924893,1/9,-1.9672914129384316
120,L2,lr,score,all,0.1,barrier,1150,0.44956521739130434,-2.6816474681764624,1.8390869521724285,-5.520734420348891,2/9,-1.4400859445087788
120,L2,lr,score,all,0.2,fixed_hold,2300,0.4491304347826087,-5.48749886341247,1.7930044238919849,-8.280503287304455,2/9,-2.0874709193237697
120,L2,lr,score,all,0.2,barrier,2300,0.4591304347826087,-2.054881297840214,1.7930044238919849,-4.847885721732199,2/9,-1.5760084687430314
120,L2,lr,score,all,1.0,fixed_hold,11500,0.4808695652173913,-2.061966527670467,1.6365918388712881,-4.698558366541755,1/9,-3.5455327339032117
120,L2,lr,score,all,1.0,barrier,11500,0.48678260869565215,-0.7510530672446168,1.6365918388712881,-3.3876449061159053,1/9,-3.6014453846578562
120,L2,lr,ev,all,0.05,fixed_hold,575,0.44869565217391305,-5.736522601091225,2.036653923803071,-8.773176524894296,1/9,-1.1094818859168594
120,L2,lr,ev,all,0.05,barrier,575,0.4591304347826087,-1.4551620398847183,2.036653923803071,-4.491815963687789,1/9,-0.6359308755441502
120,L2,lr,ev,all,0.1,fixed_hold,1150,0.46347826086956523,-4.720086288016265,1.9297649255560692,-7.649851213572335,1/9,-1.2682868664359033
120,L2,lr,ev,all,0.1,barrier,1150,0.47391304347826085,-0.48690636667619164,1.9297649255560692,-3.4166712922322615,1/9,-0.6558591677685716
120,L2,lr,ev,all,0.2,fixed_hold,2300,0.48391304347826086,-2.1737170881842838,1.8677703493524915,-5.041487437536774,2/9,-1.0009751785840801
120,L2,lr,ev,all,0.2,barrier,2300,0.4856521739130435,-0.1366541666765751,1.8677703493524915,-3.0044245160290677,1/9,-0.7608930921516923
120,L2,lr,ev,all,1.0,fixed_hold,11500,0.4808695652173913,-2.061966527670467,1.6365918388712881,-4.698558366541755,1/9,-3.5455327339032117
120,L2,lr,ev,all,1.0,barrier,11500,0.48678260869565215,-0.7510530672446168,1.6365918388712881,-3.3876449061159053,1/9,-3.6014453846578562
120,PL2,gb,score,all,0.05,fixed_hold,577,0.5459272097053726,-0.6558478111473077,1.5639337558761346,-3.2197815670234395,5/9,-0.15054087686448892
120,PL2,gb,score,all,0.05,barrier,577,0.5580589254766031,-2.0868518499219784,1.5639337558761346,-4.650785605798113,5/9,-0.21046552866115836
120,PL2,gb,score,all,0.1,fixed_hold,1151,0.5960034752389227,0.45955596931342607,1.4824992293606174,-2.0229432600471924,6/9,-0.13759828396425916
120,PL2,gb,score,all,0.1,barrier,1151,0.580364900086881,-1.3860281557635317,1.4824992293606174,-3.8685273851241546,7/9,-0.26121858399687176
120,PL2,gb,score,all,0.2,fixed_hold,2303,0.6513243595310465,4.265731418518325,1.4951967603706007,1.770534658147725,6/9,0.14273007837995264
120,PL2,gb,score,all,0.2,barrier,2303,0.6009552757273122,1.8970590955569762,1.4951967603706007,-0.5981376648136242,6/9,-0.0583888633174368
120,PL2,gb,score,all,1.0,fixed_hold,11500,0.5892173913043478,0.23424089202807416,1.6365918388712881,-2.402350946843214,5/9,-0.45159312460673157
120,PL2,gb,score,all,1.0,barrier,11500,0.5762608695652174,3.5121326709183105,1.6365918388712881,0.8755408320470217,7/9,0.27296535046101383
120,PL2,gb,ev,all,0.05,fixed_hold,575,0.5791304347826087,7.338477026770325,1.9887891344172588,4.349687892353063,4/9,0.1446424180689046
120,PL2,gb,ev,all,0.05,barrier,575,0.5182608695652174,-4.178575827325774,1.9887891344172588,-7.167364961743039,5/9,-0.3565529589685058
120,PL2,gb,ev,all,0.1,fixed_hold,1150,0.47043478260869565,-8.625834369711349,1.9439487793338301,-11.569783149045179,4/9,-0.5164790549636517
120,PL2,gb,ev,all,0.1,barrier,1150,0.45130434782608697,-8.024375073142703,1.9439487793338301,-10.968323852476528,4/9,-0.6762369859854592
120,PL2,gb,ev,all,0.2,fixed_hold,2300,0.5182608695652174,-5.970200430952218,1.841337861043531,-8.811538291995749,4/9,-0.5021657987489314
120,PL2,gb,ev,all,0.2,barrier,2300,0.5056521739130435,-2.6495100933520686,1.841337861043531,-5.4908479543956,4/9,-0.47036066513778685
120,PL2,gb,ev,all,1.0,fixed_hold,11500,0.5892173913043478,0.23424089202807416,1.6365918388712881,-2.402350946843214,5/9,-0.45159312460673157
120,PL2,gb,ev,all,1.0,barrier,11500,0.5762608695652174,3.5121326709183105,1.6365918388712881,0.8755408320470217,7/9,0.27296535046101383
120,PL2,lr,score,all,0.05,fixed_hold,575,0.4608695652173913,-12.622695656286245,1.9730525163410575,-15.595748172627303,1/9,-2.067002163250308
120,PL2,lr,score,all,0.05,barrier,575,0.4834782608695652,-2.854410919382768,1.9730525163410575,-5.827463435723823,1/9,-1.5217794209135322
120,PL2,lr,score,all,0.1,fixed_hold,1150,0.49478260869565216,-7.414071911286962,1.9045038495228517,-10.318575760809813,2/9,-1.6491963054483454
120,PL2,lr,score,all,0.1,barrier,1150,0.5104347826086957,-0.6118374141582646,1.9045038495228517,-3.516341263681116,2/9,-1.1643783664405898
120,PL2,lr,score,all,0.2,fixed_hold,2300,0.48782608695652174,-6.774916391840806,1.8103516521363465,-9.585268043977154,2/9,-1.776977085953376
120,PL2,lr,score,all,0.2,barrier,2300,0.49956521739130433,-1.65357587432471,1.8103516521363465,-4.463927526461057,1/9,-1.6385437100295337
120,PL2,lr,score,all,1.0,fixed_hold,11500,0.5039130434782608,-1.767678306830184,1.6365918388712881,-4.404270145701472,1/9,-2.7155484296094192
120,PL2,lr,score,all,1.0,barrier,11500,0.5066086956521739,-0.12114850755668087,1.6365918388712881,-2.757740346427969,1/9,-3.2071527293027917
120,PL2,lr,ev,all,0.05,fixed_hold,575,0.48869565217391303,-12.237527931884033,2.1531320206312863,-15.390659952515321,2/9,-1.2483151396547087
120,PL2,lr,ev,all,0.05,barrier,575,0.4956521739130435,-2.7254393086753397,2.1531320206312863,-5.8785713293066255,2/9,-0.9698421445723683
120,PL2,lr,ev,all,0.1,fixed_hold,1150,0.4643478260869565,-11.409315080988051,2.0363152704806593,-14.445630351468711,3/9,-1.795572957569376
120,PL2,lr,ev,all,0.1,barrier,1150,0.48695652173913045,-3.154165346033415,2.0363152704806593,-6.190480616514075,3/9,-1.5685811620720083
120,PL2,lr,ev,all,0.2,fixed_hold,2300,0.47956521739130437,-7.498272782402036,1.9342095035275877,-10.432482285929623,2/9,-2.1200079067938487
120,PL2,lr,ev,all,0.2,barrier,2300,0.4934782608695652,-2.3750621856727587,1.9342095035275877,-5.309271689200346,3/9,-2.0914675783374475
120,PL2,lr,ev,all,1.0,fixed_hold,11500,0.5039130434782608,-1.767678306830184,1.6365918388712881,-4.404270145701472,1/9,-2.7155484296094192
120,PL2,lr,ev,all,1.0,barrier,11500,0.5066086956521739,-0.12114850755668087,1.6365918388712881,-2.757740346427969,1/9,-3.2071527293027917
120,ALL,gb,score,all,0.05,fixed_hold,575,0.5617391304347826,-0.21896103504757142,1.6438193850417395,-2.8627804200893108,6/9,-0.20806903351762343
120,ALL,gb,score,all,0.05,barrier,575,0.5165217391304348,-3.5455728972438387,1.6438193850417395,-6.189392282285576,5/9,-0.39860383643749986
120,ALL,gb,score,all,0.1,fixed_hold,1150,0.5991304347826087,4.283070848034528,1.6193150331283053,1.6637558149062226,7/9,0.149004407163307
120,ALL,gb,score,all,0.1,barrier,1150,0.5617391304347826,-0.5319695165801726,1.6193150331283053,-3.151284549708481,6/9,-0.25361092175549554
120,ALL,gb,score,all,0.2,fixed_hold,2301,0.6688396349413298,9.18028583028017,1.6086116736868847,6.571674156593285,8/9,0.7316294990638965
120,ALL,gb,score,all,0.2,barrier,2301,0.655367231638418,5.7166461451077595,1.6086116736868847,3.1080344714208765,8/9,0.3533524176915878
120,ALL,gb,score,all,1.0,fixed_hold,11500,0.5158260869565218,-0.08651142146179874,1.6365918388712881,-2.723103260333087,2/9,-1.206507586422129
120,ALL,gb,score,all,1.0,barrier,11500,0.5080869565217392,-0.28849874890785404,1.6365918388712881,-2.9250905877791418,2/9,-1.1946991555661002
120,ALL,gb,ev,all,0.05,fixed_hold,575,0.44,-20.404923044100276,1.9868310644780256,-23.391754108578294,2/9,-0.9780522623867762
120,ALL,gb,ev,all,0.05,barrier,575,0.43478260869565216,-10.758278822101532,1.9868310644780256,-13.745109886579554,2/9,-0.8348249312358109
120,ALL,gb,ev,pred_vol_high,0.05,fixed_hold,575,0.44,-20.404923044100276,1.9868310644780256,-23.391754108578294,2/9,-0.9780522623867762
120,ALL,gb,ev,pred_vol_high,0.05,barrier,575,0.43478260869565216,-10.758278822101532,1.9868310644780256,-13.745109886579554,2/9,-0.8348249312358109
120,ALL,gb,ev,all,0.1,fixed_hold,1150,0.4721739130434783,-14.775311626973616,1.8966054701878305,-17.67191709716144,2/9,-0.8686018555110963
120,ALL,gb,ev,all,0.1,barrier,1150,0.48782608695652174,-6.883208620507619,1.8966054701878305,-9.779814090695455,3/9,-0.6755004501771111
120,ALL,gb,ev,pred_vol_high,0.1,fixed_hold,1142,0.4754816112084063,-14.731994041955915,1.892993545766152,-17.624987587722067,2/9,-0.8564629317610505
120,ALL,gb,ev,pred_vol_high,0.1,barrier,1142,0.4912434325744308,-6.611670097641494,1.892993545766152,-9.504663643407648,3/9,-0.6456301034335084
120,ALL,gb,ev,all,0.2,fixed_hold,2300,0.4808695652173913,-8.379612214628985,1.8434354937718056,-11.22304770840079,2/9,-0.9120048354157793
120,ALL,gb,ev,all,0.2,barrier,2300,0.49043478260869566,-4.979467415423798,1.8434354937718056,-7.822902909195604,2/9,-0.8141191490489738
120,ALL,gb,ev,pred_vol_high,0.2,fixed_hold,2131,0.4702017832003754,-10.773219063367723,1.8509088259549378,-13.62412788932266,2/9,-1.0077074779821193
120,ALL,gb,ev,pred_vol_high,0.2,barrier,2131,0.4800563115908024,-5.790234657408941,1.8509088259549378,-8.641143483363882,3/9,-0.8441787604545822
120,ALL,gb,ev,all,1.0,fixed_hold,11500,0.5158260869565218,-0.08651142146179874,1.6365918388712881,-2.723103260333087,2/9,-1.206507586422129
120,ALL,gb,ev,all,1.0,barrier,11500,0.5080869565217392,-0.28849874890785404,1.6365918388712881,-2.9250905877791418,2/9,-1.1946991555661002
120,ALL,gb,ev,pred_vol_high,1.0,fixed_hold,5750,0.5036521739130435,-4.016540796952633,1.8499629292175075,-6.866503726170139,1/9,-1.5755913305176912
120,ALL,gb,ev,pred_vol_high,1.0,barrier,5750,0.5260869565217391,-0.4579341387737467,1.8499629292175075,-3.3078970679912536,2/9,-0.9069810962732848
120,ALL,lr,score,all,0.05,fixed_hold,575,0.528695652173913,-1.6610845810504928,1.342488404588884,-4.003572985639377,1/9,-1.8373156001948816
120,ALL,lr,score,all,0.05,barrier,575,0.5269565217391304,0.21699808330115847,1.342488404588884,-2.1254903212877254,3/9,-0.9487466230035488
120,ALL,lr,score,all,0.1,fixed_hold,1150,0.5478260869565217,0.11460586935265689,1.390894795094502,-2.276288925741845,3/9,-0.9366657556863621
120,ALL,lr,score,all,0.1,barrier,1150,0.5182608695652174,-0.032565560155417186,1.390894795094502,-2.423460355249919,3/9,-1.099531680272581
120,ALL,lr,score,all,0.2,fixed_hold,2300,0.5313043478260869,-0.614396060631713,1.4187965531645217,-3.033192613796236,2/9,-1.7506249159247906
120,ALL,lr,score,all,0.2,barrier,2300,0.5095652173913043,-0.1729332508652515,1.4187965531645217,-2.5917298040297743,3/9,-1.3229259887377272
120,ALL,lr,score,all,1.0,fixed_hold,11500,0.5183478260869565,-0.23852053736559878,1.6365918388712881,-2.8751123762368875,2/9,-1.4546116133464646
120,ALL,lr,score,all,1.0,barrier,11500,0.5094782608695653,-0.25421878313800206,1.6365918388712881,-2.8908106220092904,2/9,-1.3618673234218168
120,ALL,lr,ev,all,0.05,fixed_hold,575,0.45565217391304347,-16.627167097820738,1.9036437020609291,-19.53081079988167,2/9,-1.1203984651161722
120,ALL,lr,ev,all,0.05,barrier,575,0.44521739130434784,-6.5780708165774,1.9036437020609291,-9.481714518638329,1/9,-1.0396499741581002
120,ALL,lr,ev,pred_vol_high,0.05,fixed_hold,574,0.4564459930313589,-16.61422011281283,1.9002786510015595,-19.51449876381439,2/9,-1.1163333407424691
120,ALL,lr,ev,pred_vol_high,0.05,barrier,574,0.445993031358885,-6.51020736673567,1.9002786510015595,-9.410486017737233,1/9,-1.0293904494046806
120,ALL,lr,ev,all,0.1,fixed_hold,1150,0.4782608695652174,-12.26417254854257,1.8889016091006496,-15.153074157643221,1/9,-1.452347179944064
120,ALL,lr,ev,all,0.1,barrier,1150,0.4747826086956522,-4.627163752833218,1.8889016091006496,-7.516065361933867,1/9,-1.2482496843899704
120,ALL,lr,ev,pred_vol_high,0.1,fixed_hold,1119,0.4736371760500447,-12.891220301141347,1.9035536240661894,-15.794773925207537,1/9,-1.4676066579434603
120,ALL,lr,ev,pred_vol_high,0.1,barrier,1119,0.4709562109025916,-4.843651872965109,1.9035536240661894,-7.747205497031299,1/9,-1.2606874925353324
120,ALL,lr,ev,all,0.2,fixed_hold,2300,0.5139130434782608,-5.419722414942556,1.8333223081978192,-8.253044723140373,1/9,-1.765340887108448
120,ALL,lr,ev,all,0.2,barrier,2300,0.52,-0.944242219922872,1.8333223081978192,-3.7775645281206915,2/9,-1.0450438490350988
120,ALL,lr,ev,pred_vol_high,0.2,fixed_hold,1968,0.4994918699186992,-7.928591672137769,1.8798450912431424,-10.80843676338091,1/9,-1.6858718795310885
120,ALL,lr,ev,pred_vol_high,0.2,barrier,1968,0.5137195121951219,-1.7159875004864968,1.8798450912431424,-4.595832591729638,2/9,-1.1132272165522077
120,ALL,lr,ev,all,1.0,fixed_hold,11500,0.5183478260869565,-0.23852053736559878,1.6365918388712881,-2.8751123762368875,2/9,-1.4546116133464646
120,ALL,lr,ev,all,1.0,barrier,11500,0.5094782608695653,-0.25421878313800206,1.6365918388712881,-2.8908106220092904,2/9,-1.3618673234218168
120,ALL,lr,ev,pred_vol_high,1.0,fixed_hold,5750,0.5033043478260869,-4.13332534309736,1.8499629292175075,-6.983288272314868,1/9,-1.6948928092028388
120,ALL,lr,ev,pred_vol_high,1.0,barrier,5750,0.5236521739130435,-0.5144008143951418,1.8499629292175075,-3.3643637436126497,2/9,-1.0209531155988054
240,P,gb,score,all,0.05,fixed_hold,570,0.7578947368421053,24.231164620213658,1.5273714757025094,21.70379314451115,7/9,1.8695739885183509
240,P,gb,score,all,0.05,barrier,570,0.7140350877192982,24.795508382528954,1.5273714757025094,22.268136906826445,6/9,1.6192358762533912
240,P,gb,score,all,0.1,fixed_hold,1139,0.6865671641791045,15.994957752372372,1.559531077951005,13.43542667442137,6/9,1.021164055479018
240,P,gb,score,all,0.1,barrier,1139,0.6725197541703248,15.522458718225092,1.559531077951005,12.96292764027409,6/9,0.8907610466539593
240,P,gb,score,all,0.2,fixed_hold,2276,0.6968365553602812,12.316546886715843,1.5924091778444893,9.724137708871353,6/9,1.0022808713751254
240,P,gb,score,all,0.2,barrier,2276,0.6559753954305799,11.047743562091249,1.5924091778444893,8.45533438424676,6/9,1.2094230129180177
240,P,gb,score,all,1.0,fixed_hold,11380,0.574340949033392,-1.0010458561079085,1.642985816570392,-3.644031672678302,6/9,-0.35881880690473617
240,P,gb,score,all,1.0,barrier,11380,0.5920035149384886,5.255702516341175,1.642985816570392,2.612716699770781,6/9,0.4358012112461856
240,P,gb,ev,all,0.05,fixed_hold,569,0.8014059753954306,30.13047793206433,1.903536570896566,27.22694136116777,4/9,0.6735809596968685
240,P,gb,ev,all,0.05,barrier,569,0.5659050966608085,7.581727350154496,1.903536570896566,4.678190779257936,4/9,0.28912815181509377
240,P,gb,ev,all,0.1,fixed_hold,1138,0.7038664323374341,12.216774400414748,1.8624037697625848,9.354370630652168,4/9,0.3500485040861798
240,P,gb,ev,all,0.1,barrier,1138,0.6054481546572935,7.575035992799116,1.8624037697625848,4.712632223036531,4/9,0.3762946254249398
240,P,gb,ev,all,0.2,fixed_hold,2276,0.6313708260105448,1.0294143869870283,1.789493625980981,-1.760079238993956,2/9,-0.09463680284376921
240,P,gb,ev,all,0.2,barrier,2276,0.6177504393673111,8.069499899426827,1.789493625980981,5.280006273445849,4/9,0.4752251897447985
240,P,gb,ev,all,1.0,fixed_hold,11380,0.574340949033392,-1.0010458561079085,1.642985816570392,-3.644031672678302,6/9,-0.35881880690473617
240,P,gb,ev,all,1.0,barrier,11380,0.5920035149384886,5.255702516341175,1.642985816570392,2.612716699770781,6/9,0.4358012112461856
240,P,lr,score,all,0.05,fixed_hold,569,0.5782073813708261,-1.847068369983656,1.757558590780175,-4.604626960763825,6/9,-0.1546800921741803
240,P,lr,score,all,0.05,barrier,569,0.5588752196836555,-5.192075916174837,1.757558590780175,-7.94963450695501,6/9,-0.44888669642573575
240,P,lr,score,all,0.1,fixed_hold,1138,0.523725834797891,-3.911936879066301,1.7484000556510066,-6.660336934717304,7/9,-0.2882291437408927
240,P,lr,score,all,0.1,barrier,1138,0.492091388400703,-5.696419955429715,1.7484000556510066,-8.444820011080722,5/9,-0.6496700148908156
240,P,lr,score,all,0.2,fixed_hold,2276,0.4398066783831283,-9.655830922379907,1.6913843538142634,-12.347215276194172,2/9,-0.6284612531543416
240,P,lr,score,all,0.2,barrier,2276,0.4279437609841828,-8.44810112516891,1.6913843538142634,-11.139485478983172,2/9,-1.0012499626416533
240,P,lr,score,all,1.0,fixed_hold,11380,0.5403339191564147,-1.2197042303526155,1.642985816570392,-3.862690046923009,5/9,-0.35530656032912156
240,P,lr,score,all,1.0,barrier,11380,0.5372583479789104,3.5077327179872024,1.642985816570392,0.8647469014168098,3/9,0.1312086815196613
240,P,lr,ev,all,0.05,fixed_hold,569,0.47627416520210897,-21.652490810129283,2.1742491367563144,-24.826739946885596,3/9,-0.503669584595078
240,P,lr,ev,all,0.05,barrier,569,0.46045694200351495,-18.325223959329346,2.1742491367563144,-21.499473096085655,3/9,-0.7285248413054842
240,P,lr,ev,all,0.1,fixed_hold,1138,0.5474516695957821,-10.923151304721367,2.1031069464823586,-14.026258251203723,4/9,-0.3493623528998654
240,P,lr,ev,all,0.1,barrier,1138,0.5289982425307557,-5.696512363725536,2.1031069464823586,-8.7996193102079,4/9,-0.3706238778898595
240,P,lr,ev,all,0.2,fixed_hold,2276,0.6023725834797891,-1.7484203977189356,1.97500207862016,-4.723422476339088,4/9,-0.16499335337902543
240,P,lr,ev,all,0.2,barrier,2276,0.5861159929701231,3.9150982013031115,1.97500207862016,0.9400961226829552,4/9,0.05130994536374761
240,P,lr,ev,all,1.0,fixed_hold,11380,0.5403339191564147,-1.2197042303526155,1.642985816570392,-3.862690046923009,5/9,-0.35530656032912156
240,P,lr,ev,all,1.0,barrier,11380,0.5372583479789104,3.5077327179872024,1.642985816570392,0.8647469014168098,3/9,0.1312086815196613
240,F,gb,score,all,0.05,fixed_hold,569,0.5992970123022847,17.2603565129332,1.6276119534619395,14.632744559471261,6/9,1.4574725449414843
240,F,gb,score,all,0.05,barrier,569,0.6115992970123023,5.2668212706779025,1.6276119534619395,2.639209317215965,5/9,0.49857549162200687
240,F,gb,score,all,0.1,fixed_hold,1139,0.5417032484635645,11.06726359681506,1.6086554220390346,8.458608174776025,6/9,0.9127738719804912
240,F,gb,score,all,0.1,barrier,1139,0.5469710272168569,0.3851831297054526,1.6086554220390346,-2.223472292333581,3/9,-0.426020074887194
240,F,gb,score,all,0.2,fixed_hold,2276,0.5298769771528998,7.875047451232527,1.640295385853868,5.234752065378659,5/9,0.5599415543974474
240,F,gb,score,all,0.2,barrier,2276,0.5373462214411248,-0.48705096440313167,1.640295385853868,-3.1273463502570005,4/9,-0.5500005309382464
240,F,gb,score,all,1.0,fixed_hold,11380,0.5045694200351494,4.85268735942089,1.642985816570392,2.209701542850497,4/9,0.5804333716996893
240,F,gb,score,all,1.0,barrier,11380,0.5057117750439367,-0.5764333101451266,1.642985816570392,-3.219419126715519,2/9,-1.571565388836253
240,F,gb,ev,all,0.05,fixed_hold,569,0.46221441124780316,-11.05802862474517,2.135181854202568,-14.193210478947735,4/9,-1.1644965875509123
240,F,gb,ev,all,0.05,barrier,569,0.4780316344463972,-10.019942258042947,2.135181854202568,-13.155124112245518,4/9,-0.8857550080413575
240,F,gb,ev,all,0.1,fixed_hold,1138,0.46924428822495606,-3.185937154778779,1.9767158621976826,-6.162653016976461,4/9,-0.8175337113221854
240,F,gb,ev,all,0.1,barrier,1138,0.4876977152899824,-6.476399086522031,1.9767158621976826,-9.453114948719715,3/9,-1.244901543862453
240,F,gb,ev,all,0.2,fixed_hold,2276,0.4758347978910369,-0.21907903736279594,1.8691264130447882,-3.088205450407585,4/9,-0.5563058759195775
240,F,gb,ev,all,0.2,barrier,2276,0.4881370826010545,-4.126195806391928,1.8691264130447882,-6.995322219436715,3/9,-1.3629639452824878
240,F,gb,ev,all,1.0,fixed_hold,11380,0.5045694200351494,4.85268735942089,1.642985816570392,2.209701542850497,4/9,0.5804333716996893
240,F,gb,ev,all,1.0,barrier,11380,0.5057117750439367,-0.5764333101451266,1.642985816570392,-3.219419126715519,2/9,-1.571565388836253
240,F,lr,score,all,0.05,fixed_hold,569,0.6080843585237259,13.077396108730499,1.8829807030889034,10.194415405641594,4/9,1.1147523085970137
240,F,lr,score,all,0.05,barrier,569,0.6186291739894552,11.927068697246952,1.8829807030889034,9.044087994158051,5/9,0.976153190870612
240,F,lr,score,all,0.1,fixed_hold,1138,0.5984182776801406,13.21355913570159,1.7880334497300283,10.42552568597156,4/9,1.3416747718250188
240,F,lr,score,all,0.1,barrier,1138,0.6001757469244289,10.124034477784255,1.7880334497300283,7.336001028054227,5/9,0.9643500151491184
240,F,lr,score,all,0.2,fixed_hold,2276,0.5746924428822495,9.176904793289811,1.7203512881624228,6.456553505127388,4/9,1.1218158603974013
240,F,lr,score,all,0.2,barrier,2276,0.5905096660808435,8.79490057051412,1.7203512881624228,6.074549282351697,4/9,1.0111941073080857
240,F,lr,score,all,1.0,fixed_hold,11380,0.5225834797891037,2.0888484207893514,1.642985816570392,-0.5541373957810408,4/9,-0.19289049957401871
240,F,lr,score,all,1.0,barrier,11380,0.5327768014059754,3.076950678378911,1.642985816570392,0.43396486180851873,4/9,0.29921586906255343
240,F,lr,ev,all,0.05,fixed_hold,569,0.6449912126537786,27.05963496235237,2.1885558458399945,23.871079116512373,5/9,1.3631965812337001
240,F,lr,ev,all,0.05,barrier,569,0.648506151142355,20.218396051410508,2.1885558458399945,17.029840205570512,5/9,1.0240233117853426
240,F,lr,ev,all,0.1,fixed_hold,1138,0.6195079086115993,20.797726381216307,2.000185358843391,17.79754102237292,4/9,1.6577783277117615
240,F,lr,ev,all,0.1,barrier,1138,0.6362038664323374,17.32837633080088,2.000185358843391,14.328190971957484,5/9,1.3718397615414215
240,F,lr,ev,all,0.2,fixed_hold,2276,0.5790861159929701,10.867430071259653,1.9139292070930072,7.953500864166643,5/9,1.4755780623063628
240,F,lr,ev,all,0.2,barrier,2276,0.6107205623901582,12.128229509706722,1.9139292070930072,9.214300302613715,4/9,1.4827015571459916
240,F,lr,ev,all,1.0,fixed_hold,11380,0.5225834797891037,2.0888484207893514,1.642985816570392,-0.5541373957810408,4/9,-0.19289049957401871
240,F,lr,ev,all,1.0,barrier,11380,0.5327768014059754,3.076950678378911,1.642985816570392,0.43396486180851873,4/9,0.29921586906255343
240,B,gb,score,all,0.05,fixed_hold,584,0.5017123287671232,0.8676854441621719,1.6819672131773884,-1.8142817690152164,4/9,-0.1913784089837862
240,B,gb,score,all,0.05,barrier,584,0.541095890410959,5.603247359738542,1.6819672131773884,2.9212801465611515,4/9,0.8481823650610578
240,B,gb,score,all,0.1,fixed_hold,1167,0.5089974293059126,1.668659357755309,1.7453808033131462,-1.0767214455578389,4/9,-0.14581545368326654
240,B,gb,score,all,0.1,barrier,1167,0.5158526135389888,2.1998782024967873,1.7453808033131462,-0.545502600816358,3/9,-0.23719613224090072
240,B,gb,score,all,0.2,fixed_hold,2279,0.515577007459412,0.766462350606437,1.6920489049378165,-1.9255865543313762,4/9,-0.29661708283653826
240,B,gb,score,all,0.2,barrier,2279,0.5348837209302325,4.457089582589295,1.6920489049378165,1.7650406776514798,5/9,0.6028332978195061
240,B,gb,score,all,1.0,fixed_hold,11380,0.5315465729349736,0.020136234182984436,1.642985816570392,-2.6228495823874067,3/9,-0.5445110732206565
240,B,gb,score,all,1.0,barrier,11380,0.5390158172231986,1.1858851239296613,1.642985816570392,-1.4571006926407304,3/9,-0.33108723783899235
240,B,gb,ev,all,0.05,fixed_hold,569,0.35500878734622143,-36.24875366681302,1.759209401372683,-39.0079630681857,2/9,-1.3237665404047585
240,B,gb,ev,all,0.05,barrier,569,0.36731107205623903,-26.041266180286552,1.759209401372683,-28.80047558165923,3/9,-1.0748530502604507
240,B,gb,ev,all,0.1,fixed_hold,1138,0.4279437609841828,-28.126106087900595,1.8692238138116668,-30.995329901712264,3/9,-1.2417669367597601
240,B,gb,ev,all,0.1,barrier,1138,0.4305799648506151,-17.71622973921201,1.8692238138116668,-20.58545355302368,3/9,-1.0148391144145177
240,B,gb,ev,all,0.2,fixed_hold,2276,0.484182776801406,-16.190354335023326,1.8315332552752692,-19.021887590298594,2/9,-1.1346949565112658
240,B,gb,ev,all,0.2,barrier,2276,0.46441124780316345,-12.234857477264727,1.8315332552752692,-15.066390732539995,2/9,-1.1309828919183045
240,B,gb,ev,all,1.0,fixed_hold,11380,0.5315465729349736,0.020136234182984436,1.642985816570392,-2.6228495823874067,3/9,-0.5445110732206565
240,B,gb,ev,all,1.0,barrier,11380,0.5390158172231986,1.1858851239296613,1.642985816570392,-1.4571006926407304,3/9,-0.33108723783899235
240,B,lr,score,all,0.05,fixed_hold,569,0.6063268892794376,5.530761242686406,1.9206226259621086,2.610138616724297,4/9,0.22028066906883215
240,B,lr,score,all,0.05,barrier,569,0.5869947275922671,6.190667459202339,1.9206226259621086,3.270044833240229,5/9,0.27621835415400003
240,B,lr,score,all,0.1,fixed_hold,1138,0.5764499121265377,2.0837913201119505,1.9194943208510944,-0.8357030007391418,5/9,-0.062166461255885194
240,B,lr,score,all,0.1,barrier,1138,0.5782073813708261,4.166933062648366,1.9194943208510944,1.2474387417972714,5/9,0.10055939768305924
240,B,lr,score,all,0.2,fixed_hold,2276,0.554920913884007,-0.8828940584751332,1.8592977235433268,-3.742191782018459,4/9,-0.30348386438309494
240,B,lr,score,all,0.2,barrier,2276,0.562829525483304,2.5298009004333464,1.8592977235433268,-0.3294968231099808,4/9,-0.03146914531651392
240,B,lr,score,all,1.0,fixed_hold,11380,0.5315465729349736,0.020136234182984436,1.642985816570392,-2.6228495823874067,3/9,-0.5445110732206565
240,B,lr,score,all,1.0,barrier,11380,0.5390158172231986,1.1858851239296613,1.642985816570392,-1.4571006926407304,3/9,-0.33108723783899235
240,B,lr,ev,all,0.05,fixed_hold,569,0.45694200351493847,1.5300474651348042,2.036116494838771,-1.506069029703965,3/9,-0.18860476240678217
240,B,lr,ev,all,0.05,barrier,569,0.507908611599297,1.3494012710440033,2.036116494838771,-1.686715223794767,3/9,-0.3441863807764631
240,B,lr,ev,all,0.1,fixed_hold,1138,0.4903339191564148,1.754487124681766,1.9834580853450592,-1.228970960663295,4/9,-0.20942905996928624
240,B,lr,ev,all,0.1,barrier,1138,0.5087873462214412,1.515358920589358,1.9834580853450592,-1.4680991647557002,3/9,-0.3395200885209312
240,B,lr,ev,all,0.2,fixed_hold,2276,0.5035149384885764,1.9686501481352798,1.9471434666322085,-0.9784933184969279,4/9,-0.1987042175910395
240,B,lr,ev,all,0.2,barrier,2276,0.5202108963093146,2.083092926304395,1.9471434666322085,-0.8640505403278127,2/9,-0.2581931392619048
240,B,lr,ev,all,1.0,fixed_hold,11380,0.5315465729349736,0.020136234182984436,1.642985816570392,-2.6228495823874067,3/9,-0.5445110732206565
240,B,lr,ev,all,1.0,barrier,11380,0.5390158172231986,1.1858851239296613,1.642985816570392,-1.4571006926407304,3/9,-0.33108723783899235
240,L2,gb,score,all,0.05,fixed_hold,569,0.45342706502636204,-19.91792390752107,2.126913792651467,-23.04483770017254,1/9,-1.4659288333937155
240,L2,gb,score,all,0.05,barrier,569,0.4850615114235501,-7.098472872626215,2.126913792651467,-10.22538666527768,2/9,-1.172868858904501
240,L2,gb,score,all,0.1,fixed_hold,1138,0.45869947275922673,-15.422909540234068,2.011026961267386,-18.433936501501456,2/9,-1.5229872002908171
240,L2,gb,score,all,0.1,barrier,1138,0.4929701230228471,-5.257586898347111,2.011026961267386,-8.268613859614495,3/9,-1.1078496502750588
240,L2,gb,score,all,0.2,fixed_hold,2276,0.4718804920913884,-12.104459188872433,1.879646358126625,-14.984105546999062,1/9,-1.7260582432815226
240,L2,gb,score,all,0.2,barrier,2276,0.4995606326889279,-3.659763492668802,1.879646358126625,-6.539409850795425,2/9,-1.188315849195658
240,L2,gb,score,all,1.0,fixed_hold,11380,0.4854130052724077,-4.11367958303717,1.642985816570392,-6.756665399607562,1/9,-2.3612254872858345
240,L2,gb,score,all,1.0,barrier,11380,0.49261862917398946,-1.6136793585896603,1.642985816570392,-4.256665175160053,1/9,-2.246453956456505
240,L2,gb,ev,all,0.05,fixed_hold,569,0.46572934973637964,-25.521163546564217,2.1419771684903597,-28.66314071505458,2/9,-1.133301875564441
240,L2,gb,ev,all,0.05,barrier,569,0.46748681898066785,-13.84126119454366,2.1419771684903597,-16.983238363034022,3/9,-1.0143688363559957
240,L2,gb,ev,all,0.1,fixed_hold,1138,0.46572934973637964,-18.51665657777549,2.0198854853659065,-21.5365420631414,2/9,-1.1882463728955313
240,L2,gb,ev,all,0.1,barrier,1138,0.46836555360281196,-10.174523706456187,2.0198854853659065,-13.19440919182209,3/9,-1.0968730224913672
240,L2,gb,ev,all,0.2,fixed_hold,2276,0.4780316344463972,-12.518988758582596,1.9155763325494313,-15.434565091132027,2/9,-1.3903394992046332
240,L2,gb,ev,all,0.2,barrier,2276,0.4907732864674868,-5.354897707469047,1.9155763325494313,-8.270474040018478,4/9,-1.133340739394815
240,L2,gb,ev,all,1.0,fixed_hold,11380,0.4854130052724077,-4.11367958303717,1.642985816570392,-6.756665399607562,1/9,-2.3612254872858345
240,L2,gb,ev,all,1.0,barrier,11380,0.49261862917398946,-1.6136793585896603,1.642985816570392,-4.256665175160053,1/9,-2.246453956456505
240,L2,lr,score,all,0.05,fixed_hold,569,0.4094903339191564,-11.343379813447916,1.489960000681136,-13.833339814129053,3/9,-2.1599233613328743
240,L2,lr,score,all,0.05,barrier,569,0.4235500878734622,-6.433399274705296,1.489960000681136,-8.92335927538643,4/9,-1.3591085242429046
240,L2,lr,score,all,0.1,fixed_hold,1138,0.45254833040421794,-4.2138330568218585,1.4749232704953883,-6.688756327317246,4/9,-1.0862254984197344
240,L2,lr,score,all,0.1,barrier,1138,0.4428822495606327,-3.627194244246596,1.4749232704953883,-6.102117514741985,4/9,-1.0780775219223393
240,L2,lr,score,all,0.2,fixed_hold,2276,0.45035149384885764,-3.823418509201453,1.5027681465021878,-6.326186655703642,4/9,-1.5003900948815412
240,L2,lr,score,all,0.2,barrier,2276,0.4507908611599297,-2.8561262745285565,1.5027681465021878,-5.358894421030744,3/9,-1.2911051974155192
240,L2,lr,score,all,1.0,fixed_hold,11380,0.4804042179261863,-2.3085369838795975,1.642985816570392,-4.95152280044999,1/9,-2.5314742531097747
240,L2,lr,score,all,1.0,barrier,11380,0.48251318101933216,-1.1345294784183204,1.642985816570392,-3.7775152949887127,1/9,-2.0311873115052883
240,L2,lr,ev,all,0.05,fixed_hold,569,0.5096660808435852,-7.430204026519505,1.6046347694951058,-10.034838796014611,2/9,-1.402221534808144
240,L2,lr,ev,all,0.05,barrier,569,0.507908611599297,-5.217519676381386,1.6046347694951058,-7.822154445876492,3/9,-1.2743112390451588
240,L2,lr,ev,all,0.1,fixed_hold,1138,0.5017574692442882,-5.321198098230428,1.590781870244658,-7.9119799684750864,1/9,-2.0150073582495738
240,L2,lr,ev,all,0.1,barrier,1138,0.5149384885764499,-1.1301699213648906,1.590781870244658,-3.720951791609549,2/9,-1.1513829941449192
240,L2,lr,ev,all,0.2,fixed_hold,2276,0.4969244288224956,-1.4537033941158375,1.627786910357437,-4.081490304473275,3/9,-1.269340231899007
240,L2,lr,ev,all,0.2,barrier,2276,0.5092267135325131,0.7573181183154155,1.627786910357437,-1.8704687920420204,3/9,-0.7167649452764637
240,L2,lr,ev,all,1.0,fixed_hold,11380,0.4804042179261863,-2.3085369838795975,1.642985816570392,-4.95152280044999,1/9,-2.5314742531097747
240,L2,lr,ev,all,1.0,barrier,11380,0.48251318101933216,-1.1345294784183204,1.642985816570392,-3.7775152949887127,1/9,-2.0311873115052883
240,PL2,gb,score,all,0.05,fixed_hold,577,0.7157712305025996,20.14367938184512,1.498640723215117,17.645038658630003,7/9,1.8946622174141652
240,PL2,gb,score,all,0.05,barrier,577,0.6793760831889082,21.490345308761984,1.498640723215117,18.99170458554687,6/9,1.550455487842634
240,PL2,gb,score,all,0.1,fixed_hold,1138,0.7117750439367311,17.094125072645685,1.5451233479966877,14.549001724649,6/9,1.3171356464855528
240,PL2,gb,score,all,0.1,barrier,1138,0.695079086115993,17.56518068273144,1.5451233479966877,15.020057334734751,6/9,1.1632569762998626
240,PL2,gb,score,all,0.2,fixed_hold,2298,0.7032201914708442,12.811616098373214,1.572623002004486,10.238993096368729,7/9,0.9751200121280752
240,PL2,gb,score,all,0.2,barrier,2298,0.6462140992167101,8.958042278050657,1.572623002004486,6.385419276046173,6/9,1.105975973001078
240,PL2,gb,score,all,1.0,fixed_hold,11380,0.570298769771529,-1.5937446124506998,1.642985816570392,-4.236730429021094,6/9,-0.4532992917062331
240,PL2,gb,score,all,1.0,barrier,11380,0.5828646748681898,4.563083750491839,1.642985816570392,1.9200979339214452,6/9,0.3139980236872116
240,PL2,gb,ev,all,0.05,fixed_hold,569,0.8260105448154658,35.852551909469085,1.8531221757157215,32.99942973375336,4/9,0.8077740752157772
240,PL2,gb,ev,all,0.05,barrier,569,0.5711775043936731,9.164343118899518,1.8531221757157215,6.3112209431838,4/9,0.4106924778391429
240,PL2,gb,ev,all,0.1,fixed_hold,1138,0.7390158172231986,18.01810450111898,1.8595682461180214,15.15853625500096,3/9,0.5736440294244356
240,PL2,gb,ev,all,0.1,barrier,1138,0.6159929701230229,9.70086566865835,1.8595682461180214,6.84129742254033,5/9,0.5488723274368967
240,PL2,gb,ev,all,0.2,fixed_hold,2276,0.6335676625659051,3.242011861676069,1.791644265021544,0.4503675966545267,2/9,0.0259764813781344
240,PL2,gb,ev,all,0.2,barrier,2276,0.6243409490333919,9.037516270980177,1.791644265021544,6.245872005958633,4/9,0.596595254881624
240,PL2,gb,ev,all,1.0,fixed_hold,11380,0.570298769771529,-1.5937446124506998,1.642985816570392,-4.236730429021094,6/9,-0.4532992917062331
240,PL2,gb,ev,all,1.0,barrier,11380,0.5828646748681898,4.563083750491839,1.642985816570392,1.9200979339214452,6/9,0.3139980236872116
240,PL2,lr,score,all,0.05,fixed_hold,569,0.45166959578207383,-4.358903912586057,1.4924676783386794,-6.851371590924736,4/9,-0.9253719353181646
240,PL2,lr,score,all,0.05,barrier,569,0.45694200351493847,-2.5203530453433123,1.4924676783386794,-5.012820723681991,5/9,-0.7146366170360721
240,PL2,lr,score,all,0.1,fixed_hold,1138,0.44815465729349735,-5.178182458581343,1.4957313169252013,-7.673913775506544,3/9,-1.3168698745077596
240,PL2,lr,score,all,0.1,barrier,1138,0.4437609841827768,-3.3531124209014656,1.4957313169252013,-5.848843737826666,4/9,-1.0825767495259853
240,PL2,lr,score,all,0.2,fixed_hold,2276,0.46660808435852374,-3.933668890197703,1.5127627318662684,-6.446431622063971,2/9,-1.8690263151985824
240,PL2,lr,score,all,0.2,barrier,2276,0.47144112478031636,-1.9768931132806957,1.5127627318662684,-4.489655845146964,3/9,-1.3934647867660515
240,PL2,lr,score,all,1.0,fixed_hold,11380,0.4903339191564148,-1.9228787053797858,1.642985816570392,-4.565864521950179,2/9,-1.995872650409537
240,PL2,lr,score,all,1.0,barrier,11380,0.49103690685413004,-0.8341873668334107,1.642985816570392,-3.4771731834038033,1/9,-2.062553927808275
240,PL2,lr,ev,all,0.05,fixed_hold,569,0.492091388400703,-9.216602772394742,1.7877893668139944,-12.004392139208738,4/9,-1.0057675022636476
240,PL2,lr,ev,all,0.05,barrier,569,0.492091388400703,-3.9747023451983976,1.7877893668139944,-6.762491712012393,3/9,-0.9788322097447982
240,PL2,lr,ev,all,0.1,fixed_hold,1138,0.4912126537785589,-6.013922655114844,1.7579641401525015,-8.771886795267346,4/9,-1.055551512339947
240,PL2,lr,ev,all,0.1,barrier,1138,0.5105448154657294,-0.9374727617397296,1.7579641401525015,-3.695436901892231,3/9,-0.9360833717038249
240,PL2,lr,ev,all,0.2,fixed_hold,2276,0.5057117750439367,-2.8842383256542106,1.7304206143898244,-5.614658940044035,3/9,-1.3027433496392327
240,PL2,lr,ev,all,0.2,barrier,2276,0.5123022847100176,-0.022352933916323387,1.7304206143898244,-2.7527735483061484,3/9,-1.3778269812079404
240,PL2,lr,ev,all,1.0,fixed_hold,11380,0.4903339191564148,-1.9228787053797858,1.642985816570392,-4.565864521950179,2/9,-1.995872650409537
240,PL2,lr,ev,all,1.0,barrier,11380,0.49103690685413004,-0.8341873668334107,1.642985816570392,-3.4771731834038033,1/9,-2.062553927808275
240,ALL,gb,score,all,0.05,fixed_hold,585,0.335042735042735,-14.16789062805161,1.597871288571433,-16.765761916623045,0/9,-1.2733557542960545
240,ALL,gb,score,all,0.05,barrier,585,0.37264957264957266,-8.503210207652009,1.597871288571433,-11.101081496223442,0/9,-1.5192007698764327
240,ALL,gb,score,all,0.1,fixed_hold,1144,0.5480769230769231,-7.180788917747302,1.6263003904612794,-9.807089308208582,2/9,-1.8866847481644662
240,ALL,gb,score,all,0.1,barrier,1144,0.5472027972027972,-3.7235814569923407,1.6263003904612794,-6.349881847453619,2/9,-1.6880894158403803
240,ALL,gb,score,all,0.2,fixed_hold,2304,0.6024305555555556,-0.3709393174620601,1.5600766700321298,-2.93101598749419,6/9,-0.5521537411536105
240,ALL,gb,score,all,0.2,barrier,2304,0.6089409722222222,3.9995356010322407,1.5600766700321298,1.439458931000112,5/9,0.2745371558024177
240,ALL,gb,score,all,1.0,fixed_hold,11380,0.5315465729349736,0.020136234182984436,1.642985816570392,-2.6228495823874067,3/9,-0.5445110732206565
240,ALL,gb,score,all,1.0,barrier,11380,0.5390158172231986,1.1858851239296613,1.642985816570392,-1.4571006926407304,3/9,-0.33108723783899235
240,ALL,gb,ev,all,0.05,fixed_hold,569,0.47627416520210897,-46.39943750783619,1.7560324477900768,-49.155469955626266,1/9,-0.8347781054380924
240,ALL,gb,ev,all,0.05,barrier,569,0.28822495606326887,-38.961350004820886,1.7560324477900768,-41.717382452610956,0/9,-1.6501739175800423
240,ALL,gb,ev,pred_vol_high,0.05,fixed_hold,569,0.47627416520210897,-46.39943750783619,1.7560324477900768,-49.155469955626266,1/9,-0.8347781054380924
240,ALL,gb,ev,pred_vol_high,0.05,barrier,569,0.28822495606326887,-38.961350004820886,1.7560324477900768,-41.717382452610956,0/9,-1.6501739175800423
240,ALL,gb,ev,all,0.1,fixed_hold,1138,0.5193321616871704,-24.144981309786736,1.6921165996752099,-26.83709790946195,2/9,-0.7633522066752443
240,ALL,gb,ev,all,0.1,barrier,1138,0.4797891036906854,-10.717374800204036,1.6921165996752099,-13.409491399879247,2/9,-0.9966917136998029
240,ALL,gb,ev,pred_vol_high,0.1,fixed_hold,1138,0.5193321616871704,-24.144981309786736,1.6921165996752099,-26.83709790946195,2/9,-0.7633522066752443
240,ALL,gb,ev,pred_vol_high,0.1,barrier,1138,0.4797891036906854,-10.717374800204036,1.6921165996752099,-13.409491399879247,2/9,-0.9966917136998029
240,ALL,gb,ev,all,0.2,fixed_hold,2276,0.5483304042179262,-12.998549564832897,1.7893450912774638,-15.787894656110367,3/9,-0.6647980711662568
240,ALL,gb,ev,all,0.2,barrier,2276,0.6076449912126538,6.731561390426381,1.7893450912774638,3.9422162991489182,4/9,0.417994192778958
240,ALL,gb,ev,pred_vol_high,0.2,fixed_hold,2276,0.5483304042179262,-12.998549564832897,1.7893450912774638,-15.787894656110367,3/9,-0.6647980711662568
240,ALL,gb,ev,pred_vol_high,0.2,barrier,2276,0.6076449912126538,6.731561390426381,1.7893450912774638,3.9422162991489182,4/9,0.417994192778958
240,ALL,gb,ev,all,1.0,fixed_hold,11380,0.5315465729349736,0.020136234182984436,1.642985816570392,-2.6228495823874067,3/9,-0.5445110732206565
240,ALL,gb,ev,all,1.0,barrier,11380,0.5390158172231986,1.1858851239296613,1.642985816570392,-1.4571006926407304,3/9,-0.33108723783899235
240,ALL,gb,ev,pred_vol_high,1.0,fixed_hold,5692,0.5094869992972593,-7.552139253542634,1.8371451415555606,-10.389284395098196,2/9,-1.1531123925514821
240,ALL,gb,ev,pred_vol_high,1.0,barrier,5692,0.5632466619817288,2.5507380427742,1.8371451415555606,-0.28640709878136056,3/9,-0.04872705823168534
240,ALL,lr,score,all,0.05,fixed_hold,569,0.46572934973637964,-12.324866747703137,1.6043640184402586,-14.929230766143395,2/9,-1.4673129080182317
240,ALL,lr,score,all,0.05,barrier,569,0.492091388400703,-3.8546960606457255,1.6043640184402586,-6.459060079085982,2/9,-1.217960449241861
240,ALL,lr,score,all,0.1,fixed_hold,1138,0.5114235500878734,-5.039118586723163,1.5524415883105003,-7.591560175033665,2/9,-1.0482657843703715
240,ALL,lr,score,all,0.1,barrier,1138,0.5281195079086116,-1.170740666497544,1.5524415883105003,-3.7231822548080435,4/9,-0.7596779109765118
240,ALL,lr,score,all,0.2,fixed_hold,2276,0.5342706502636204,-1.2289599594225544,1.5836769350091582,-3.812636894431712,4/9,-0.6025995652426744
240,ALL,lr,score,all,0.2,barrier,2276,0.5408611599297012,0.5615245871301864,1.5836769350091582,-2.022152347878971,4/9,-0.4367048479863673
240,ALL,lr,score,all,1.0,fixed_hold,11380,0.5219683655536028,-0.7115986730762464,1.642985816570392,-3.3545844896466375,3/9,-0.8328922125523972
240,ALL,lr,score,all,1.0,barrier,11380,0.5278558875219683,0.5968673633200416,1.642985816570392,-2.0461184532503505,2/9,-0.6043066496515714
240,ALL,lr,ev,all,0.05,fixed_hold,569,0.46045694200351495,-24.108210029670005,1.8962813055183831,-27.004491335188387,4/9,-1.0511252395641812
240,ALL,lr,ev,all,0.05,barrier,569,0.4182776801405975,-18.74672500651709,1.8962813055183831,-21.643006312035475,2/9,-1.4023992368996512
240,ALL,lr,ev,pred_vol_high,0.05,fixed_hold,568,0.4612676056338028,-24.05968835028566,1.8928677461792618,-26.95255609646492,4/9,-1.046618399020986
240,ALL,lr,ev,pred_vol_high,0.05,barrier,568,0.41901408450704225,-18.666364425601863,1.8928677461792618,-21.559232171781126,2/9,-1.3952332811864994
240,ALL,lr,ev,all,0.1,fixed_hold,1138,0.4964850615114236,-14.047610655811512,1.8137938934995685,-16.86140454931108,3/9,-0.9911907294672234
240,ALL,lr,ev,all,0.1,barrier,1138,0.484182776801406,-9.051368194426383,1.8137938934995685,-11.865162087925953,3/9,-1.3188988813428555
240,ALL,lr,ev,pred_vol_high,0.1,fixed_hold,1093,0.4931381518755718,-15.250614796429662,1.825918777231113,-18.076533573660775,4/9,-1.0285493617729193
240,ALL,lr,ev,pred_vol_high,0.1,barrier,1093,0.48032936870997256,-9.384459533670027,1.825918777231113,-12.21037831090114,3/9,-1.3683733104467917
240,ALL,lr,ev,all,0.2,fixed_hold,2276,0.523725834797891,-5.68543332198313,1.8010522577928758,-8.486485579776005,4/9,-0.8055206543017597
240,ALL,lr,ev,all,0.2,barrier,2276,0.5518453427065027,0.45967469492186963,1.8010522577928758,-2.3413775628710067,3/9,-0.3772675302365294
240,ALL,lr,ev,pred_vol_high,0.2,fixed_hold,1957,0.515074092999489,-9.178622830338727,1.8406123590093615,-12.019235189348084,1/9,-1.0042123186609164
240,ALL,lr,ev,pred_vol_high,0.2,barrier,1957,0.5539090444557997,0.5780612991111769,1.8406123590093615,-2.2625510598981835,3/9,-0.40620997148764426
240,ALL,lr,ev,all,1.0,fixed_hold,11380,0.5219683655536028,-0.7115986730762464,1.642985816570392,-3.3545844896466375,3/9,-0.8328922125523972
240,ALL,lr,ev,all,1.0,barrier,11380,0.5278558875219683,0.5968673633200416,1.642985816570392,-2.0461184532503505,2/9,-0.6043066496515714
240,ALL,lr,ev,pred_vol_high,1.0,fixed_hold,5692,0.4984188334504568,-7.879507351926612,1.8371451415555606,-10.716652493482172,1/9,-1.3127388401338616
240,ALL,lr,ev,pred_vol_high,1.0,barrier,5692,0.5426914968376669,1.186070542354889,1.8371451415555606,-1.651074599200671,3/9,-0.34746529357158756
