H_min,group,model,select,gate,top_frac,exit,n_trades_prev,win_rate_prev,gross_bps_prev,spread_rt_bps_prev,net_bps_prev,days_pos_prev,t_daily_prev,n_trades_clean,win_rate_clean,gross_bps_clean,spread_rt_bps_clean,net_bps_clean,days_pos_clean,t_daily_clean
5,P,gb,score,all,0.05,fixed_hold,581,0.6058519793459552,0.826423989050537,1.926218174898057,-2.09979418584752,1/9,-1.9852507045783216,581,0.5438898450946644,-0.3215105554249389,1.9687719621520352,-3.290282517576974,1/9,-2.3139858851843456
5,P,gb,score,all,0.05,barrier,581,0.5628227194492255,0.2586817632068285,1.926218174898057,-2.667536411691228,1/9,-3.0288635165266435,581,0.4991394148020654,-0.3903159846298281,1.9687719621520352,-3.3590879467818637,1/9,-3.467204064863548
5,P,gb,score,all,0.1,fixed_hold,1163,0.5803955288048152,0.950470174779253,1.791120441619702,-1.8406502668404492,1/9,-2.261425190116877,1162,0.5533562822719449,0.3266809088143212,1.8113849934317248,-2.484704084617404,1/9,-2.716154727806937
5,P,gb,score,all,0.1,barrier,1163,0.5408426483233018,0.3116223453201519,1.791120441619702,-2.47949809629955,1/9,-3.523933633854586,1162,0.5189328743545611,0.021736227539727,1.8113849934317248,-2.789648765891997,1/9,-3.608414530758128
5,P,gb,score,all,0.2,fixed_hold,2323,0.5626345243219975,0.6938341161266781,1.741886850682021,-2.0480527345553434,1/9,-3.3117526748421664,2323,0.538958243650452,0.1069879855187818,1.7526216697589576,-2.645633684240176,1/9,-3.916158346738814
5,P,gb,score,all,0.2,barrier,2323,0.5398191993112355,0.3670318708270193,1.741886850682021,-2.3748549798550025,1/9,-4.8775792652644006,2323,0.5191562634524322,0.0925572877270351,1.7526216697589576,-2.6600643820319223,1/9,-4.701043379208706
5,P,gb,score,all,1.0,fixed_hold,11615,0.5168316831683168,0.1516458252865727,1.62902797387988,-2.4773821485933074,0/9,-6.567861688496918,11615,0.5099440378820491,0.0423731697967885,1.62902797387988,-2.586654804083092,0/9,-7.137262034233016
5,P,gb,score,all,1.0,barrier,11615,0.5092552733534222,0.1065421614464804,1.62902797387988,-2.5224858124334,0/9,-7.496281300845855,11615,0.503486870426173,0.0235859248310577,1.62902797387988,-2.605442049048823,0/9,-7.632537928404305
5,P,gb,ev,all,0.05,fixed_hold,581,0.5542168674698795,0.5517478099006642,2.20690115562247,-2.6551533457218057,3/9,-1.6696248808109289,581,0.5249569707401033,-0.4948938523951088,2.1841932622061275,-3.679087114601237,2/9,-1.8392404190536875
5,P,gb,ev,all,0.05,barrier,581,0.5180722891566265,0.0282638445463591,2.20690115562247,-3.1786373110761104,1/9,-1.947771346778847,581,0.4905335628227194,-0.4970438310677033,2.1841932622061275,-3.681237093273831,1/9,-1.9680033005462625
5,P,gb,ev,all,0.1,fixed_hold,1162,0.5481927710843374,0.2227340870276228,2.1594453349799902,-2.936711247952368,1/9,-2.0165299305883595,1162,0.5232358003442341,-0.2264183306003953,2.1505688432311416,-3.3769871738315365,2/9,-2.133398679596654
5,P,gb,ev,all,0.1,barrier,1162,0.5189328743545611,0.0936105162095482,2.1594453349799902,-3.0658348187704414,0/9,-2.712766927618261,1162,0.5051635111876076,-0.15366357319722,2.1505688432311416,-3.3042324164283614,0/9,-2.765955531990532
5,P,gb,ev,all,0.2,fixed_hold,2323,0.5234610417563496,0.1054380668352413,1.972057985234608,-2.8666199183993677,0/9,-2.3986760604684467,2323,0.5144210073181231,-0.1819093034037139,1.9853853109386708,-3.167294614342385,1/9,-2.8500616721875613
5,P,gb,ev,all,0.2,barrier,2323,0.5058114507102884,-0.0580966487696024,1.972057985234608,-3.0301546340042105,0/9,-3.3536357512293744,2323,0.4933275936289281,-0.3286165697964859,1.9853853109386708,-3.314001880735157,0/9,-3.723506849487888
5,P,gb,ev,all,1.0,fixed_hold,11615,0.5168316831683168,0.1516458252865727,1.62902797387988,-2.4773821485933074,0/9,-6.567861688496918,11615,0.5099440378820491,0.0423731697967885,1.62902797387988,-2.586654804083092,0/9,-7.137262034233016
5,P,gb,ev,all,1.0,barrier,11615,0.5092552733534222,0.1065421614464804,1.62902797387988,-2.5224858124334,0/9,-7.496281300845855,11615,0.503486870426173,0.0235859248310577,1.62902797387988,-2.605442049048823,0/9,-7.632537928404305
5,P,lr,score,all,0.05,fixed_hold,581,0.5370051635111877,-0.208583764692661,2.164223258384027,-3.372807023076688,2/9,-1.7591972720401667,581,0.5490533562822719,0.2354503485199251,2.113078614767474,-2.877628266247549,2/9,-1.5891893970768376
5,P,lr,score,all,0.05,barrier,581,0.5060240963855421,-0.1891618345852758,2.164223258384027,-3.3533850929693028,0/9,-2.5792495017543238,581,0.5146299483648882,-0.0939573648220495,2.113078614767474,-3.207035979589524,0/9,-2.5740695359567933
5,P,lr,score,all,0.1,fixed_hold,1162,0.5438898450946644,0.3181811296632825,1.9442029564394645,-2.626021826776181,1/9,-2.139163613823772,1162,0.540447504302926,0.2155018926811785,1.933450004414678,-2.7179481117335,1/9,-2.5006743763513257
5,P,lr,score,all,0.1,barrier,1162,0.5086058519793459,-0.1107972661017645,1.9442029564394645,-3.0550002225412287,0/9,-3.106979731124127,1162,0.5120481927710844,-0.0504369293831905,1.933450004414678,-2.983886933797869,0/9,-3.455132255667446
5,P,lr,score,all,0.2,fixed_hold,2323,0.5346534653465347,0.300302498401037,1.80096839683545,-2.500665898434413,0/9,-3.628703677332048,2323,0.5346534653465347,0.4289054310307497,1.791740047178089,-2.36283461614734,1/9,-3.5363604315981645
5,P,lr,score,all,0.2,barrier,2323,0.509685751183814,0.0268762021361531,1.80096839683545,-2.774092194699296,0/9,-4.697652607116878,2323,0.5122686181661644,0.0702819307058552,1.791740047178089,-2.7214581164722342,0/9,-4.708515551177907
5,P,lr,score,all,1.0,fixed_hold,11615,0.5214808437365476,0.3450187960955745,1.62902797387988,-2.284009177784305,0/9,-7.282015870861635,11615,0.5208781747739991,0.3377624929268925,1.62902797387988,-2.291265480952988,0/9,-7.387152449515774
5,P,lr,score,all,1.0,barrier,11615,0.5157124408092983,0.2351155634434364,1.62902797387988,-2.393912410436444,0/9,-7.854957558114647,11615,0.5144210073181231,0.2137547021040903,1.62902797387988,-2.41527327177579,0/9,-8.09565121585892
5,P,lr,ev,all,0.05,fixed_hold,581,0.5490533562822719,0.9671045726519786,2.2748252208679096,-2.307720648215931,3/9,-1.3078495469153,581,0.5387263339070568,0.7267868437582505,2.2549258905605822,-2.528139046802332,2/9,-1.477340197273022
5,P,lr,ev,all,0.05,barrier,581,0.4939759036144578,-0.2782656010607272,2.2748252208679096,-3.553090821928637,1/9,-2.009126797696392,581,0.4905335628227194,-0.293217071923851,2.2549258905605822,-3.548142962484433,1/9,-1.9774436862994795
5,P,lr,ev,all,0.1,fixed_hold,1162,0.5421686746987951,0.6602863007904686,2.121307657753556,-2.461021356963088,3/9,-1.5423662784792498,1162,0.5499139414802066,0.8409738128932354,2.124450588551859,-2.283476775658624,2/9,-1.400444709533918
5,P,lr,ev,all,0.1,barrier,1162,0.5077452667814114,-0.024263004671659,2.121307657753556,-3.145570662425215,1/9,-2.3133691761029054,1162,0.5137693631669535,0.0908304568971471,2.124450588551859,-3.033620131654712,0/9,-2.1886254142502364
5,P,lr,ev,all,0.2,fixed_hold,2323,0.530779164873009,0.6564618041799913,1.995417466618195,-2.338955662438204,2/9,-2.0498874742270057,2323,0.5363753766681016,0.7168796098443632,1.998482157058397,-2.281602547214034,2/9,-2.0438820289551587
5,P,lr,ev,all,0.2,barrier,2323,0.5071028842014637,0.0800958328745915,1.995417466618195,-2.915321633743603,0/9,-3.2201493628031845,2323,0.5114076625053809,0.1005037597490121,1.998482157058397,-2.897978397309385,0/9,-3.1582873922241723
5,P,lr,ev,all,1.0,fixed_hold,11615,0.5214808437365476,0.3450187960955745,1.62902797387988,-2.284009177784305,0/9,-7.282015870861635,11615,0.5208781747739991,0.3377624929268925,1.62902797387988,-2.291265480952988,0/9,-7.387152449515774
5,P,lr,ev,all,1.0,barrier,11615,0.5157124408092983,0.2351155634434364,1.62902797387988,-2.393912410436444,0/9,-7.854957558114647,11615,0.5144210073181231,0.2137547021040903,1.62902797387988,-2.41527327177579,0/9,-8.09565121585892
5,F,gb,score,all,0.05,fixed_hold,581,0.5301204819277109,0.7786953242691214,1.6891298390348588,-1.910434514765737,3/9,-2.5944823921909053,581,0.4939759036144578,-0.2895506833226053,1.7945211714814349,-3.08407185480404,1/9,-4.638083801175457
5,F,gb,score,all,0.05,barrier,581,0.5025817555938038,-0.0834109868115678,1.6891298390348588,-2.7725408258464266,0/9,-5.189331135944707,581,0.4991394148020654,-0.2056034353678066,1.7945211714814349,-3.000124606849241,0/9,-5.960501271384039
5,F,gb,score,all,0.1,fixed_hold,1162,0.5223752151462995,0.4940727619542603,1.68127057974937,-2.1871978177951097,2/9,-3.651016496839681,1162,0.5086058519793459,-0.2814661980570893,1.7224662204222567,-3.003932418479346,0/9,-5.020754067706951
5,F,gb,score,all,0.1,barrier,1162,0.5077452667814114,0.0291877496801642,1.68127057974937,-2.652082830069206,0/9,-5.666318344945972,1162,0.5111876075731497,-0.0655564901769476,1.7224662204222567,-2.7880227105992046,0/9,-5.888152018113884
5,F,gb,score,all,0.2,fixed_hold,2323,0.5083943176926389,0.2191209191251911,1.6644331057858786,-2.4453121866606877,1/9,-4.434865277898865,2323,0.5238915195867413,0.3241472902334294,1.7003481877037978,-2.376200897470369,0/9,-3.641718463816289
5,F,gb,score,all,0.2,barrier,2323,0.5006457167455876,-0.054026125719105,1.6644331057858786,-2.718459231504984,0/9,-5.783612629536347,2323,0.5182953077916488,0.1652619385250923,1.7003481877037978,-2.535086249178706,0/9,-4.961297747980633
5,F,gb,score,all,1.0,fixed_hold,11615,0.5083082221265605,0.2029337725721499,1.62902797387988,-2.4260942013077305,0/9,-8.050866353130639,11615,0.5078777442961687,0.190628264986566,1.62902797387988,-2.4383997088933143,0/9,-6.914094609998021
5,F,gb,score,all,1.0,barrier,11615,0.5072750753336204,0.1001721911408344,1.62902797387988,-2.5288557827390457,0/9,-8.703693266492325,11615,0.5072750753336204,0.1222451189115766,1.62902797387988,-2.506782854968304,0/9,-8.20583729351939
5,F,gb,ev,all,0.05,fixed_hold,581,0.5060240963855421,0.4247393104137999,2.12536809980639,-2.700628789392589,1/9,-2.153977648886663,581,0.5077452667814114,-0.1262952827722306,2.0442229473147577,-3.170518230086988,1/9,-2.3114184951668326
5,F,gb,ev,all,0.05,barrier,581,0.4698795180722891,-0.399565921221994,2.12536809980639,-3.5249340210283844,0/9,-2.899232304221736,581,0.4922547332185886,-0.1917923276313648,2.0442229473147577,-3.2360152749461224,0/9,-2.60783087183372
5,F,gb,ev,all,0.1,fixed_hold,1162,0.5240963855421686,0.7238044564382117,2.003552753931276,-2.279748297493065,0/9,-2.723438896189651,1162,0.5266781411359724,0.6200215867784766,1.9661876339318776,-2.346166047153401,1/9,-1.9809754610821904
5,F,gb,ev,all,0.1,barrier,1162,0.4965576592082616,-0.049321853874963,2.003552753931276,-3.05287460780624,0/9,-3.1923265518598343,1162,0.5163511187607573,0.2345231020699307,1.9661876339318776,-2.7316645318619472,0/9,-2.5561877000981053
5,F,gb,ev,all,0.2,fixed_hold,2323,0.5101162290142057,0.3557696428205049,1.8893419549005008,-2.533572312079996,0/9,-3.361670355386038,2323,0.5135600516573396,0.3607954944645228,1.8861111080547253,-2.525315613590202,0/9,-3.183043202844151
5,F,gb,ev,all,0.2,barrier,2323,0.4993542832544124,0.0113947750830337,1.8893419549005008,-2.8779471798174665,0/9,-3.619835230412559,2323,0.5053809728798967,0.1539390956606879,1.8861111080547253,-2.7321720123940376,0/9,-3.558599380724835
5,F,gb,ev,all,1.0,fixed_hold,11615,0.5083082221265605,0.2029337725721499,1.62902797387988,-2.4260942013077305,0/9,-8.050866353130639,11615,0.5078777442961687,0.190628264986566,1.62902797387988,-2.4383997088933143,0/9,-6.914094609998021
5,F,gb,ev,all,1.0,barrier,11615,0.5072750753336204,0.1001721911408344,1.62902797387988,-2.5288557827390457,0/9,-8.703693266492325,11615,0.5072750753336204,0.1222451189115766,1.62902797387988,-2.506782854968304,0/9,-8.20583729351939
5,F,lr,score,all,0.05,fixed_hold,581,0.5180722891566265,0.3591012601393553,1.9509849472874552,-2.5918836871481004,2/9,-2.8417093141799907,581,0.5352839931153184,0.6824501644118552,1.8843912086643195,-2.2019410442524645,2/9,-2.4565921157345225
5,F,lr,score,all,0.05,barrier,581,0.5215146299483648,0.4569815011438015,1.9509849472874552,-2.4940034461436538,1/9,-3.140784311133197,581,0.540447504302926,0.716447396663971,1.8843912086643195,-2.167943812000349,1/9,-3.0163101895730158
5,F,lr,score,all,0.1,fixed_hold,1162,0.5240963855421686,0.6993874402592294,1.8625986530769048,-2.163211212817676,2/9,-2.7392861151221486,1162,0.5283993115318416,0.8552433232288784,1.850533859540016,-1.9952905363111373,2/9,-2.657615140819978
5,F,lr,score,all,0.1,barrier,1162,0.5275387263339071,0.538127450676812,1.8625986530769048,-2.324471202400093,1/9,-3.437124645442136,1162,0.5344234079173839,0.665296298248366,1.850533859540016,-2.18523756129165,1/9,-3.3388672310088574
5,F,lr,score,all,0.2,fixed_hold,2323,0.5264743865690917,0.7760894630695551,1.7640252081821055,-1.98793574511255,2/9,-2.866524164421341,2323,0.5260439087387,0.7715217133109625,1.762655984036999,-1.9911342707260369,2/9,-3.02978889429364
5,F,lr,score,all,0.2,barrier,2323,0.5299182092122255,0.5136723615483907,1.7640252081821055,-2.2503528466337146,0/9,-4.325516591856649,2323,0.5320705983641842,0.5550776361526946,1.762655984036999,-2.2075783478843047,0/9,-4.675732956760849
5,F,lr,score,all,1.0,fixed_hold,11615,0.5165733964700818,0.4125271030135093,1.62902797387988,-2.216500870866371,0/9,-7.599970639109253,11615,0.5164012053379251,0.388127506725154,1.62902797387988,-2.240900467154726,0/9,-8.240748692123104
5,F,lr,score,all,1.0,barrier,11615,0.5172621609987086,0.2160814615099081,1.62902797387988,-2.412946512369972,0/9,-9.111600570244436,11615,0.5177787343951786,0.2206505970841617,1.62902797387988,-2.4083773767957184,0/9,-9.733526402309678
5,F,lr,ev,all,0.05,fixed_hold,581,0.5352839931153184,0.4679497909867759,2.3156573100752325,-2.8477075190884564,1/9,-1.8785986440367768,581,0.5301204819277109,0.2864136823863514,2.3338679886533766,-3.047454306267025,1/9,-2.160308185745668
5,F,lr,ev,all,0.05,barrier,581,0.5146299483648882,0.2316101754609317,2.3156573100752325,-3.0840471346143006,0/9,-2.278586964473054,581,0.5163511187607573,0.3165208228019886,2.3338679886533766,-3.017347165851388,0/9,-2.419767920608605
5,F,lr,ev,all,0.1,fixed_hold,1162,0.5395869191049913,0.9663705492055394,2.0983865057599718,-2.132015956554432,1/9,-2.0930924099168577,1162,0.5370051635111877,0.8344927876661395,2.0985130956205187,-2.264020307954379,0/9,-2.4477550416202862
5,F,lr,ev,all,0.1,barrier,1162,0.5275387263339071,0.4490680104260885,2.0983865057599718,-2.649318495333883,0/9,-2.700248840621797,1162,0.5266781411359724,0.4139427471479681,2.0985130956205187,-2.6845703484725503,0/9,-2.714657340920248
5,F,lr,ev,all,0.2,fixed_hold,2323,0.5436934997847611,0.8366782585264607,1.9324935362991909,-2.0958152777727297,0/9,-2.8487002898414504,2323,0.5424020662935859,0.8607258515797781,1.925542844463069,-2.0648169928832907,0/9,-3.028924695509828
5,F,lr,ev,all,0.2,barrier,2323,0.5376668101592768,0.5234446492200427,1.9324935362991909,-2.409048887079148,0/9,-3.4567792761513423,2323,0.537236332328885,0.5564299639510802,1.925542844463069,-2.3691128805119885,0/9,-3.544681136936208
5,F,lr,ev,all,1.0,fixed_hold,11615,0.5165733964700818,0.4125271030135093,1.62902797387988,-2.216500870866371,0/9,-7.599970639109253,11615,0.5164012053379251,0.388127506725154,1.62902797387988,-2.240900467154726,0/9,-8.240748692123104
5,F,lr,ev,all,1.0,barrier,11615,0.5172621609987086,0.2160814615099081,1.62902797387988,-2.412946512369972,0/9,-9.111600570244436,11615,0.5177787343951786,0.2206505970841617,1.62902797387988,-2.4083773767957184,0/9,-9.733526402309678
5,B,gb,score,all,0.05,fixed_hold,581,0.5077452667814114,0.5960317861664983,1.7488507806726887,-2.15281899450619,1/9,-2.950471660636929,582,0.520618556701031,0.0292694763220817,1.6392347049594491,-2.6099652286373667,0/9,-2.9456118713136874
5,B,gb,score,all,0.05,barrier,581,0.5111876075731497,0.3643705853191,1.7488507806726887,-2.3844801953535883,0/9,-4.588113927324788,582,0.5240549828178694,0.0813189384505022,1.6392347049594491,-2.5579157665089465,0/9,-4.364906087608257
5,B,gb,score,all,0.1,fixed_hold,1162,0.5232358003442341,0.4932072636823181,1.6878455603330056,-2.1946382966506874,0/9,-4.375296103485137,1162,0.5103270223752151,0.224682876711618,1.6183291780211944,-2.393646301309576,0/9,-5.184545562078393
5,B,gb,score,all,0.1,barrier,1162,0.5292598967297762,0.4882287960317802,1.6878455603330056,-2.1996167643012257,0/9,-6.666783413645397,1162,0.5146299483648882,0.1610171130430921,1.6183291780211944,-2.457312064978102,0/9,-6.435239916063705
5,B,gb,score,all,0.2,fixed_hold,2323,0.509685751183814,0.1743847451999307,1.6604110902042284,-2.486026345004298,0/9,-6.839363415349034,2323,0.5148514851485149,0.2400666349051033,1.6111601940647438,-2.3710935591596405,0/9,-6.37193527206056
5,B,gb,score,all,0.2,barrier,2323,0.5165733964700818,0.2145106325097484,1.6604110902042284,-2.44590045769448,0/9,-8.381808599678081,2323,0.5204476969436074,0.2810017872810543,1.6111601940647438,-2.330158406783689,0/9,-7.015561679122564
5,B,gb,score,all,1.0,fixed_hold,11615,0.5013344812742144,0.0037453139692265,1.62902797387988,-2.6252826599106536,0/9,-9.443878590373547,11615,0.5013344812742144,0.0037453139692265,1.62902797387988,-2.6252826599106536,0/9,-9.443878590373547
5,B,gb,score,all,1.0,barrier,11615,0.5014205768402927,-0.0474855037389823,1.62902797387988,-2.676513477618863,0/9,-8.616933478012918,11615,0.5014205768402927,-0.0474855037389823,1.62902797387988,-2.676513477618863,0/9,-8.616933478012918
5,B,gb,ev,all,0.05,fixed_hold,581,0.487091222030981,0.3099303914590069,1.772203386010442,-2.462272994551435,0/9,-1.999427255972349,581,0.4819277108433735,0.179477253189875,1.7847757013886163,-2.605298448198741,1/9,-1.9882446121836104
5,B,gb,ev,all,0.05,barrier,581,0.4905335628227194,-0.036559068381921,1.772203386010442,-2.808762454392363,0/9,-2.351904023098806,581,0.4802065404475043,-0.1354595909811965,1.7847757013886163,-2.9202352923698127,0/9,-2.138936952492846
5,B,gb,ev,all,0.1,fixed_hold,1162,0.4896729776247848,-0.1448975219527213,1.8178107927935256,-2.9627083147462465,0/9,-2.3931614429949706,1162,0.4905335628227194,-0.3185540785455699,1.8305208320183763,-3.1490749105639466,0/9,-2.3026016595193752
5,B,gb,ev,all,0.1,barrier,1162,0.4931153184165232,-0.1482847600579024,1.8178107927935256,-2.966095552851428,0/9,-2.511820646510374,1162,0.4922547332185886,-0.1949304567415929,1.8305208320183763,-3.0254512887599696,0/9,-2.455172703649052
5,B,gb,ev,all,0.2,fixed_hold,2323,0.4847180370210934,-0.497534763324139,1.8279823792752352,-3.3255171425993746,0/9,-2.941488859747889,2323,0.4920361601377529,-0.3167696143653334,1.8014009052411568,-3.1181705196064904,1/9,-3.3396560194190017
5,B,gb,ev,all,0.2,barrier,2323,0.4834266035299182,-0.4043572737125697,1.8279823792752352,-3.2323396529878043,0/9,-2.958456311515639,2323,0.4881618596642273,-0.2253036280958101,1.8014009052411568,-3.0267045333369675,1/9,-3.289963554577162
5,B,gb,ev,all,1.0,fixed_hold,11615,0.5013344812742144,0.0037453139692265,1.62902797387988,-2.6252826599106536,0/9,-9.443878590373547,11615,0.5013344812742144,0.0037453139692265,1.62902797387988,-2.6252826599106536,0/9,-9.443878590373547
5,B,gb,ev,all,1.0,barrier,11615,0.5014205768402927,-0.0474855037389823,1.62902797387988,-2.676513477618863,0/9,-8.616933478012918,11615,0.5014205768402927,-0.0474855037389823,1.62902797387988,-2.676513477618863,0/9,-8.616933478012918
5,B,lr,score,all,0.05,fixed_hold,581,0.5232358003442341,0.1230760492717957,1.8008373763180687,-2.677761327046273,1/9,-2.994416619353108,581,0.5283993115318416,0.5090196219550038,1.7994522026282174,-2.290432580673213,1/9,-2.697186355284114
5,B,lr,score,all,0.05,barrier,581,0.5232358003442341,0.2182596450040137,1.8008373763180687,-2.582577731314055,0/9,-3.68466007179992,581,0.5283993115318416,0.3609940268823462,1.7994522026282174,-2.438458175745871,0/9,-3.6033161361064567
5,B,lr,score,all,0.1,fixed_hold,1162,0.5275387263339071,0.413104891097501,1.7112512257889994,-2.298146334691498,0/9,-3.171424800279472,1162,0.5232358003442341,0.517205263626701,1.717653335414799,-2.200448071788097,0/9,-3.0774386923420165
5,B,lr,score,all,0.1,barrier,1162,0.53184165232358,0.3922111533313447,1.7112512257889994,-2.3190400724576543,0/9,-4.61825254166576,1162,0.5309810671256454,0.3765347854890652,1.717653335414799,-2.3411185499257336,0/9,-4.714434929112941
5,B,lr,score,all,0.2,fixed_hold,2323,0.5273353422298752,0.3612116128055547,1.5945719814729935,-2.2333603686674395,0/9,-4.224382820425667,2323,0.530779164873009,0.4052657344272811,1.6134779281124303,-2.2082121936851493,0/9,-4.06587340536426
5,B,lr,score,all,0.2,barrier,2323,0.5337925096857512,0.323598447696607,1.5945719814729935,-2.2709735337763868,0/9,-5.828884975778306,2323,0.5376668101592768,0.3589690254537759,1.6134779281124303,-2.254508902658654,0/9,-5.609396253182755
5,B,lr,score,all,1.0,fixed_hold,11615,0.5021954369349978,0.1280020253939683,1.62902797387988,-2.501025948485912,0/9,-8.514202599931192,11615,0.502970297029703,-0.0031246183049548,1.62902797387988,-2.632152592184835,0/9,-8.900131034012862
5,B,lr,score,all,1.0,barrier,11615,0.5081360309944037,0.1122800246471012,1.62902797387988,-2.516747949232779,0/9,-8.720878307499039,11615,0.5088247955230306,0.0560197694677996,1.62902797387988,-2.573008204412081,0/9,-8.896108090961151
5,B,lr,ev,all,0.05,fixed_hold,581,0.459552495697074,-1.0263163071801509,1.8785676365353208,-3.9048839437154728,1/9,-2.412319931559513,581,0.4629948364888124,-0.8776686638492626,1.8673338863639224,-3.745002550213185,0/9,-2.4065919657574915
5,B,lr,ev,all,0.05,barrier,581,0.4647160068846815,-0.7506463483458149,1.8785676365353208,-3.629213984881136,0/9,-2.6010085335921183,581,0.4664371772805508,-0.7067147236857679,1.8673338863639224,-3.5740486100496907,0/9,-2.589152137705648
5,B,lr,ev,all,0.1,fixed_hold,1162,0.4836488812392427,-0.4974282178417472,1.837073511964768,-3.334501729806515,0/9,-2.6680025184293603,1162,0.4862306368330464,-0.5499669041934525,1.849488689144604,-3.3994555933380566,0/9,-2.709744622545906
5,B,lr,ev,all,0.1,barrier,1162,0.4922547332185886,-0.0827645455523027,1.837073511964768,-2.9198380575170706,0/9,-2.686367900919797,1162,0.4948364888123924,-0.078477634818176,1.849488689144604,-2.92796632396278,0/9,-2.6704417455109226
5,B,lr,ev,all,0.2,fixed_hold,2323,0.4855789926818769,-0.3606786170441027,1.779550071285696,-3.1402286883297985,0/9,-3.155910446033982,2323,0.4795523030563925,-0.4653097150467526,1.7740500343165952,-3.239359749363348,0/9,-3.1450046093581823
5,B,lr,ev,all,0.2,barrier,2323,0.488592337494619,-0.1713846760080291,1.779550071285696,-2.9509347472937253,0/9,-3.265929931197652,2323,0.4838570813603099,-0.2363582077842401,1.7740500343165952,-3.010408242100836,0/9,-3.2319397916769934
5,B,lr,ev,all,1.0,fixed_hold,11615,0.5021954369349978,0.1280020253939683,1.62902797387988,-2.501025948485912,0/9,-8.514202599931192,11615,0.502970297029703,-0.0031246183049548,1.62902797387988,-2.632152592184835,0/9,-8.900131034012862
5,B,lr,ev,all,1.0,barrier,11615,0.5081360309944037,0.1122800246471012,1.62902797387988,-2.516747949232779,0/9,-8.720878307499039,11615,0.5088247955230306,0.0560197694677996,1.62902797387988,-2.573008204412081,0/9,-8.896108090961151
5,L2,gb,score,all,0.05,fixed_hold,581,0.4905335628227194,0.2744027861101379,1.7012806529049809,-2.4268778667948427,0/9,-5.574455605696973,581,0.4836488812392427,-0.3842216447721067,1.898019010270386,-3.2822406550424925,1/9,-4.504398379044651
5,L2,gb,score,all,0.05,barrier,581,0.4939759036144578,0.0586237027340644,1.7012806529049809,-2.6426569501709163,0/9,-5.636132834746738,581,0.4939759036144578,0.0456528474129121,1.898019010270386,-2.8523661628574737,0/9,-4.463071546071089
5,L2,gb,score,all,0.1,fixed_hold,1162,0.5025817555938038,-0.1145432442795405,1.7263469115903178,-2.8408901558698587,0/9,-6.466636466341631,1162,0.5060240963855421,-0.188206925246345,1.862881877336418,-3.051088802582763,0/9,-6.4842746602526695
5,L2,gb,score,all,0.1,barrier,1162,0.5025817555938038,-0.0454285657904582,1.7263469115903178,-2.771775477380777,0/9,-6.232011300239375,1162,0.5163511187607573,0.2982123145024689,1.862881877336418,-2.5646695628339486,0/9,-5.645298846027584
5,L2,gb,score,all,0.2,fixed_hold,2323,0.5161429186396901,-0.0532933696466405,1.7098205809035396,-2.76311395055018,0/9,-8.032909092697697,2323,0.5040895393887215,-0.2009125701277295,1.7595468972920072,-2.9604594674197364,0/9,-6.7885176063239605
5,L2,gb,score,all,0.2,barrier,2323,0.5161429186396901,0.1220831811957284,1.7098205809035396,-2.587737399707811,0/9,-7.034236250860198,2323,0.5083943176926389,0.0222804137422191,1.7595468972920072,-2.737266483549788,0/9,-6.769626773387583
5,L2,gb,score,all,1.0,fixed_hold,11615,0.5038312526904865,0.1572118789007523,1.62902797387988,-2.471816094979128,0/9,-8.765488681098017,11615,0.5046061127851915,0.1285274002502494,1.62902797387988,-2.500500573629631,0/9,-9.80053546584333
5,L2,gb,score,all,1.0,barrier,11615,0.5075333620318554,0.0843211487564554,1.62902797387988,-2.544706825123425,0/9,-8.575433599648948,11615,0.5053809728798967,0.041846358506283,1.62902797387988,-2.587181615373597,0/9,-9.130638541426327
5,L2,gb,ev,all,0.05,fixed_hold,581,0.4664371772805508,-0.5922040974338868,2.102016542269859,-3.6942206397037456,2/9,-2.2618100212819683,581,0.5025817555938038,-0.0909954816679516,2.1450313822698788,-3.23602686393783,2/9,-1.8404258920051035
5,L2,gb,ev,all,0.05,barrier,581,0.4612736660929432,-0.4219200617854988,2.102016542269859,-3.5239366040553577,1/9,-2.125727845438175,581,0.4991394148020654,0.0973097317864602,2.1450313822698788,-3.0477216504834184,1/9,-1.9905873461247707
5,L2,gb,ev,all,0.1,fixed_hold,1162,0.4888123924268502,-0.3335867644741278,2.034290621977752,-3.3678773864518794,0/9,-2.423864156929544,1162,0.4922547332185886,-0.2003561986598079,2.066380193510164,-3.2667363921699715,0/9,-2.537698332422456
5,L2,gb,ev,all,0.1,barrier,1162,0.4836488812392427,-0.1499002231864896,2.034290621977752,-3.184190845164242,0/9,-2.468619069794091,1162,0.4888123924268502,-0.0576405667829128,2.066380193510164,-3.124020760293076,0/9,-2.5244839912173243
5,L2,gb,ev,all,0.2,fixed_hold,2323,0.496771416272062,0.1045620189770105,1.9235424628151767,-2.818980443838166,0/9,-3.637155976186144,2323,0.4873009040034438,-0.2343497232987205,1.9673012099054248,-3.201650933204145,0/9,-3.519336140782797
5,L2,gb,ev,all,0.2,barrier,2323,0.4963409384416702,0.0423950225422334,1.9235424628151767,-2.881147440272944,0/9,-3.376068764381729,2323,0.4851485148514851,-0.1668474249109621,1.9673012099054248,-3.1341486348163867,0/9,-3.381811417532669
5,L2,gb,ev,all,1.0,fixed_hold,11615,0.5038312526904865,0.1572118789007523,1.62902797387988,-2.471816094979128,0/9,-8.765488681098017,11615,0.5046061127851915,0.1285274002502494,1.62902797387988,-2.500500573629631,0/9,-9.80053546584333
5,L2,gb,ev,all,1.0,barrier,11615,0.5075333620318554,0.0843211487564554,1.62902797387988,-2.544706825123425,0/9,-8.575433599648948,11615,0.5053809728798967,0.041846358506283,1.62902797387988,-2.587181615373597,0/9,-9.130638541426327
5,L2,lr,score,all,0.05,fixed_hold,581,0.5077452667814114,0.8260222496434032,1.609398384952116,-1.7833761353087132,2/9,-2.788261793949981,581,0.5197934595524957,0.6395068323946409,1.5249727903220531,-1.8854659579274125,1/9,-3.5946505767408525
5,L2,lr,score,all,0.05,barrier,581,0.5146299483648882,0.6517549669045168,1.609398384952116,-1.9576434180476,0/9,-4.3296420867912015,581,0.5163511187607573,0.4314481498575064,1.5249727903220531,-2.0935246404645467,0/9,-5.024289792040194
5,L2,lr,score,all,0.1,fixed_hold,1162,0.5068846815834768,0.3434911625754592,1.590220835252139,-2.24672967267668,0/9,-6.276209320917563,1162,0.5180722891566265,0.6537106569455321,1.5292016941924524,-1.8754910372469205,1/9,-4.5967384901534345
5,L2,lr,score,all,0.1,barrier,1162,0.5086058519793459,0.220246105460233,1.590220835252139,-2.369974729791906,0/9,-8.18289595921465,1162,0.5180722891566265,0.3570996425400889,1.5292016941924524,-2.1721020516523635,0/9,-7.407234023128
5,L2,lr,score,all,0.2,fixed_hold,2323,0.5075333620318554,0.2680358295457296,1.6019753098506042,-2.3339394803048745,0/9,-7.554878570658057,2323,0.5101162290142057,0.2725380706260105,1.5363989897896015,-2.263860919163591,0/9,-6.349760727509097
5,L2,lr,score,all,0.2,barrier,2323,0.5131295738269479,0.2162917787515279,1.6019753098506042,-2.385683531099076,0/9,-8.175664172167235,2323,0.5135600516573396,0.2562776396591119,1.5363989897896015,-2.2801213501304893,0/9,-7.937545276769622
5,L2,lr,score,all,1.0,fixed_hold,11615,0.5055531640120534,0.1839496361664496,1.62902797387988,-2.44507833771343,0/9,-8.74080493172868,11615,0.5063280241067585,0.2088895137699677,1.62902797387988,-2.420138460109912,0/9,-8.87160585688989
5,L2,lr,score,all,1.0,barrier,11615,0.5108049935428326,0.1639143046075487,1.62902797387988,-2.4651136692723314,0/9,-9.268804505950971,11615,0.511665949203616,0.1921025752208079,1.62902797387988,-2.436925398659072,0/9,-8.849103090642966
5,L2,lr,ev,all,0.05,fixed_hold,581,0.4750430292598967,-0.6641079315350045,2.1305927741329085,-3.7947007056679127,0/9,-2.898566792428568,581,0.4698795180722891,-0.5597851146387435,2.005583795552733,-3.565368910191477,0/9,-3.311842194071525
5,L2,lr,ev,all,0.05,barrier,581,0.4802065404475043,-0.1590315156624603,2.1305927741329085,-3.2896242897953685,0/9,-2.828896358102849,581,0.4750430292598967,-0.1604035778943565,2.005583795552733,-3.1659873734470896,0/9,-3.2097999681334217
5,L2,lr,ev,all,0.1,fixed_hold,1162,0.4965576592082616,0.1195185391874428,1.996864413568526,-2.877345874381083,0/9,-3.250025770583836,1162,0.4948364888123924,0.1748470764588548,1.896137704161512,-2.7212906277026576,0/9,-3.433796483666745
5,L2,lr,ev,all,0.1,barrier,1162,0.5,0.2542980939586111,1.996864413568526,-2.742566319609915,0/9,-3.139501695959939,1162,0.5025817555938038,0.2812547587582743,1.896137704161512,-2.614882945403238,0/9,-3.309843252238974
5,L2,lr,ev,all,0.2,fixed_hold,2323,0.4898837709857942,-0.0453450907892103,1.8746098232461,-2.9199549140353107,1/9,-3.964789325194276,2323,0.5036590615583297,0.4608863566460766,1.8172775898990656,-2.3563912332529897,0/9,-3.479119158334726
5,L2,lr,ev,all,0.2,barrier,2323,0.4984933275936289,0.1296035175193419,1.8746098232461,-2.745006305726758,1/9,-3.677356047758952,2323,0.5083943176926389,0.3472468564165527,1.8172775898990656,-2.470030733482514,0/9,-3.56236678179011
5,L2,lr,ev,all,1.0,fixed_hold,11615,0.5055531640120534,0.1839496361664496,1.62902797387988,-2.44507833771343,0/9,-8.74080493172868,11615,0.5063280241067585,0.2088895137699677,1.62902797387988,-2.420138460109912,0/9,-8.87160585688989
5,L2,lr,ev,all,1.0,barrier,11615,0.5108049935428326,0.1639143046075487,1.62902797387988,-2.4651136692723314,0/9,-9.268804505950971,11615,0.511665949203616,0.1921025752208079,1.62902797387988,-2.436925398659072,0/9,-8.849103090642966
5,PL2,gb,score,all,0.05,fixed_hold,581,0.5473321858864028,0.7152339975968071,1.8452261592239787,-2.129992161627172,2/9,-2.8064300096428187,581,0.5249569707401033,-0.026924325675377,1.8883826401534425,-2.9153069658288198,2/9,-2.338735121924178
5,PL2,gb,score,all,0.05,barrier,581,0.5283993115318416,-0.0963757790484335,1.8452261592239787,-2.941601938272412,0/9,-3.159109485103222,581,0.4905335628227194,-0.7371089604243539,1.8883826401534425,-3.625491600577796,0/9,-3.152959364032942
5,PL2,gb,score,all,0.1,fixed_hold,1162,0.5499139414802066,0.4682556869297978,1.79850722678369,-2.3302515398538923,0/9,-3.0854488576220582,1162,0.5283993115318416,0.1594955601815692,1.8505830410275024,-2.691087480845933,0/9,-3.228569059990676
5,PL2,gb,score,all,0.1,barrier,1162,0.5292598967297762,0.0240107219184507,1.79850722678369,-2.774496504865239,0/9,-3.973204128610063,1162,0.5154905335628227,-0.0653731553416098,1.8505830410275024,-2.915956196369112,0/9,-3.761455115926996
5,PL2,gb,score,all,0.2,fixed_hold,2323,0.5432630219543694,0.1858441698349209,1.741822852261334,-2.555978682426413,0/9,-4.480069806612511,2323,0.5234610417563496,-0.0177017966605067,1.767652465256869,-2.785354261917376,0/9,-3.988979194674267
5,PL2,gb,score,all,0.2,barrier,2323,0.5337925096857512,0.2049409445864702,1.741822852261334,-2.536881907674864,0/9,-5.16435017629365,2323,0.5109771846749892,-0.0192362509142044,1.767652465256869,-2.786888716171074,0/9,-5.34612609267356
5,PL2,gb,score,all,1.0,fixed_hold,11615,0.5235471373224279,0.2747268756857057,1.62902797387988,-2.3543010981941745,0/9,-7.34605880399209,11615,0.5189840723202755,0.2194407351748184,1.62902797387988,-2.4095872387050616,0/9,-7.938117341232346
5,PL2,gb,score,all,1.0,barrier,11615,0.5188979767541971,0.198903986224092,1.62902797387988,-2.4301239876557883,0/9,-8.001470404945293,11615,0.5155402496771416,0.1621033440915516,1.62902797387988,-2.4669246297883287,0/9,-8.229058970745305
5,PL2,gb,ev,all,0.05,fixed_hold,581,0.504302925989673,-0.7183233872605993,2.167555513189672,-3.885878900450271,2/9,-2.403437126955264,581,0.5008605851979346,-0.6177305408718989,2.1420364310416944,-3.759766971913594,2/9,-1.9519294597806252
5,PL2,gb,ev,all,0.05,barrier,581,0.4784853700516351,-0.7605293917363541,2.167555513189672,-3.928084904926026,0/9,-2.3088476350721816,581,0.4733218588640275,-0.8173388437894961,2.1420364310416944,-3.9593752748311903,1/9,-2.045952606309231
5,PL2,gb,ev,all,0.1,fixed_hold,1162,0.5077452667814114,-0.329177912174997,2.133516139292543,-3.46269405146754,2/9,-2.370085461589501,1162,0.4888123924268502,-0.665205549106899,2.146809511353008,-3.812015060459907,1/9,-2.950951510524885
5,PL2,gb,ev,all,0.1,barrier,1162,0.495697074010327,-0.3518966120532973,2.133516139292543,-3.4854127513458404,0/9,-2.7816095399792817,1162,0.4776247848537005,-0.6295875195786796,2.146809511353008,-3.776397030931688,0/9,-3.173715744110513
5,PL2,gb,ev,all,0.2,fixed_hold,2323,0.5234610417563496,-0.1994155304915124,2.0003314369309617,-3.1997469674224743,1/9,-2.673569648957169,2323,0.5083943176926389,-0.2560458854078886,2.008331126355924,-3.264377011763812,1/9,-2.8149209757625364
5,PL2,gb,ev,all,0.2,barrier,2323,0.5079638398622471,-0.1221762770218513,2.0003314369309617,-3.122507713952813,0/9,-3.498613839863811,2323,0.4920361601377529,-0.2721847531467047,2.008331126355924,-3.280515879502629,0/9,-3.5687778924578284
5,PL2,gb,ev,all,1.0,fixed_hold,11615,0.5235471373224279,0.2747268756857057,1.62902797387988,-2.3543010981941745,0/9,-7.34605880399209,11615,0.5189840723202755,0.2194407351748184,1.62902797387988,-2.4095872387050616,0/9,-7.938117341232346
5,PL2,gb,ev,all,1.0,barrier,11615,0.5188979767541971,0.198903986224092,1.62902797387988,-2.4301239876557883,0/9,-8.001470404945293,11615,0.5155402496771416,0.1621033440915516,1.62902797387988,-2.4669246297883287,0/9,-8.229058970745305
5,PL2,lr,score,all,0.05,fixed_hold,581,0.5129087779690189,0.3127510277478729,1.5685218786122466,-2.2557708508643737,0/9,-4.485497504014142,581,0.5266781411359724,0.8301236005856644,1.5810652471806643,-1.750941646595,1/9,-2.954814451021353
5,PL2,lr,score,all,0.05,barrier,581,0.5111876075731497,0.2303815507039849,1.5685218786122466,-2.338140327908261,0/9,-6.811507684695159,581,0.5129087779690189,0.2662871626152269,1.5810652471806643,-2.3147780845654378,0/9,-5.133316734058607
5,PL2,lr,score,all,0.1,fixed_hold,1162,0.5292598967297762,0.7060941648943275,1.559531595384141,-1.8534374304898136,1/9,-4.041994185607456,1162,0.5309810671256454,0.964873236179279,1.5717759773067308,-1.606902741127452,1/9,-3.4835216866004526
5,PL2,lr,score,all,0.1,barrier,1162,0.5266781411359724,0.4288666232840409,1.559531595384141,-2.1306649721001003,0/9,-7.38771890276892,1162,0.5301204819277109,0.5327451247051288,1.5717759773067308,-2.039030852601602,0/9,-6.063099031322387
5,PL2,lr,score,all,0.2,fixed_hold,2323,0.5200172191132156,0.4619636063118252,1.5760901811307222,-2.1141265748188967,0/9,-5.953317489420857,2323,0.5247524752475248,0.8738832022578279,1.6087343298998666,-1.7348511276420386,0/9,-3.8383044815507903
5,PL2,lr,score,all,0.2,barrier,2323,0.5157124408092983,0.2928964363104904,1.5760901811307222,-2.283193744820232,0/9,-6.897656690414763,2323,0.5238915195867413,0.4308875408273852,1.6087343298998666,-2.1778467890724817,0/9,-6.388871217173167
5,PL2,lr,score,all,1.0,fixed_hold,11615,0.5106328024106759,0.193135260855732,1.62902797387988,-2.435892713024148,0/9,-8.610923344707011,11615,0.5058114507102884,0.1624457876376789,1.62902797387988,-2.466582186242201,0/9,-8.588119127203269
5,PL2,lr,score,all,1.0,barrier,11615,0.5133878605251829,0.2033155146016219,1.62902797387988,-2.4257124592782584,0/9,-8.962565724941195,11615,0.5097718467498924,0.1931884775592434,1.62902797387988,-2.4358394963206367,0/9,-8.64289830490384
5,PL2,lr,ev,all,0.05,fixed_hold,581,0.5387263339070568,1.4504446674399456,2.1361406647517995,-1.685695997311854,2/9,-1.6416352479991272,581,0.5266781411359724,2.078759963897384,2.1486055238265998,-1.0698455599292156,1/9,-1.1355090301576418
5,PL2,lr,ev,all,0.05,barrier,581,0.5215146299483648,0.6455341004104229,2.1361406647517995,-2.4906065643413764,0/9,-2.8226385347488763,581,0.504302925989673,0.5050557037772817,2.1486055238265998,-2.643549820049317,1/9,-2.7325301975062035
5,PL2,lr,ev,all,0.1,fixed_hold,1162,0.5163511187607573,0.4922220659899566,2.023220985478811,-2.5309989194888542,1/9,-2.6373566921478564,1162,0.5240963855421686,1.181454722681354,1.98732006866124,-1.8058653459798863,0/9,-2.6946569301096828
5,PL2,lr,ev,all,0.1,barrier,1162,0.5051635111876076,0.131563720597391,2.023220985478811,-2.89165726488142,1/9,-3.180465931839714,1162,0.5103270223752151,0.4160595577896347,1.98732006866124,-2.5712605108716056,0/9,-3.387645992238007
5,PL2,lr,ev,all,0.2,fixed_hold,2323,0.5157124408092983,0.5104778180614182,1.9022417646540488,-2.3917639465926297,0/9,-3.3684029276671947,2323,0.5226000860955661,0.728854332343123,1.8877565915418464,-2.1589022591987237,1/9,-3.419549897240735
5,PL2,lr,ev,all,0.2,barrier,2323,0.5075333620318554,0.1356031178136228,1.9022417646540488,-2.766638646840426,0/9,-3.9918742556051097,2323,0.5226000860955661,0.4342023131731841,1.8877565915418464,-2.453554278368662,1/9,-3.9914976773301807
5,PL2,lr,ev,all,1.0,fixed_hold,11615,0.5106328024106759,0.193135260855732,1.62902797387988,-2.435892713024148,0/9,-8.610923344707011,11615,0.5058114507102884,0.1624457876376789,1.62902797387988,-2.466582186242201,0/9,-8.588119127203269
5,PL2,lr,ev,all,1.0,barrier,11615,0.5133878605251829,0.2033155146016219,1.62902797387988,-2.4257124592782584,0/9,-8.962565724941195,11615,0.5097718467498924,0.1931884775592434,1.62902797387988,-2.4358394963206367,0/9,-8.64289830490384
5,ALL,gb,score,all,0.05,fixed_hold,581,0.5938037865748709,1.942199019355356,1.6169808489883652,-0.6747818296330094,3/9,-0.891404970044004,581,0.576592082616179,1.7258889650869564,1.6721059208213545,-0.9462169557343978,2/9,-1.1777618756848396
5,ALL,gb,score,all,0.05,barrier,581,0.5886402753872634,0.7527831716749296,1.6169808489883652,-1.864197677313436,2/9,-1.82707832464033,581,0.5662650602409639,0.6836000229897922,1.6721059208213545,-1.988505897831562,2/9,-2.1712767631767216
5,ALL,gb,score,all,0.1,fixed_hold,1162,0.5619621342512908,0.7114929075886233,1.6452016768157425,-1.9337087692271189,0/9,-2.9298911595497388,1162,0.5542168674698795,0.7758592745933377,1.646528307508658,-1.8706690329153208,2/9,-2.7069419213186694
5,ALL,gb,score,all,0.1,barrier,1162,0.5611015490533563,0.3539331818717089,1.6452016768157425,-2.2912684949440334,0/9,-2.848857481754704,1162,0.5507745266781411,0.1949852786897781,1.646528307508658,-2.45154302881888,0/9,-3.277509213409082
5,ALL,gb,score,all,0.2,fixed_hold,2323,0.5449849332759363,0.5539385556852697,1.6301981403468462,-2.076259584661577,0/9,-3.755708095129675,2323,0.5479982780886784,0.5301045611824988,1.6378781418789417,-2.1077735806964437,0/9,-4.073049190950922
5,ALL,gb,score,all,0.2,barrier,2323,0.5402496771416272,0.2401456334401127,1.6301981403468462,-2.3900525069067338,0/9,-4.790784747457811,2323,0.5454154111063281,0.2979781003151312,1.6378781418789417,-2.3399000415638107,0/9,-4.30160285786943
5,ALL,gb,score,all,1.0,fixed_hold,11615,0.5138183383555747,0.0977039119941486,1.62902797387988,-2.531324061885732,0/9,-8.453301181699134,11615,0.5120103314679294,0.1431157030205589,1.62902797387988,-2.485912270859321,0/9,-8.255179898229283
5,ALL,gb,score,all,1.0,barrier,11615,0.511665949203616,0.1062541772877455,1.62902797387988,-2.522773796592135,0/9,-8.51963887359609,11615,0.5101162290142057,0.1157335508245792,1.62902797387988,-2.5132944230553007,0/9,-8.506008688452905
5,ALL,gb,ev,all,0.05,fixed_hold,581,0.4802065404475043,-0.7005276894391709,2.0929033946257505,-3.793431084064921,2/9,-1.862075108741247,581,0.4991394148020654,0.0010838755250672,2.09592030063373,-3.0948364251086624,2/9,-1.4794161441733495
5,ALL,gb,ev,all,0.05,barrier,581,0.4561101549053356,-1.1383844171111583,2.0929033946257505,-4.231287811736909,2/9,-2.148414840865558,581,0.4767641996557659,-0.6195190402947979,2.09592030063373,-3.715439340928528,1/9,-2.011024282302805
5,ALL,gb,ev,pred_vol_high,0.05,fixed_hold,581,0.4802065404475043,-0.7005276894391709,2.0929033946257505,-3.793431084064921,2/9,-1.862075108741247,581,0.4991394148020654,0.0010838755250672,2.09592030063373,-3.0948364251086624,2/9,-1.4794161441733495
5,ALL,gb,ev,pred_vol_high,0.05,barrier,581,0.4561101549053356,-1.1383844171111583,2.0929033946257505,-4.231287811736909,2/9,-2.148414840865558,581,0.4767641996557659,-0.6195190402947979,2.09592030063373,-3.715439340928528,1/9,-2.011024282302805
5,ALL,gb,ev,all,0.1,fixed_hold,1162,0.5103270223752151,-0.289492306761663,2.0624540260260398,-3.3519463327877026,2/9,-2.1757795745572697,1162,0.4991394148020654,-0.4978673264330558,2.076143645987648,-3.5740109724207043,2/9,-2.183736785174988
5,ALL,gb,ev,all,0.1,barrier,1162,0.491394148020654,-0.454496121223334,2.0624540260260398,-3.516950147249373,1/9,-2.7282141254414243,1162,0.4853700516351119,-0.6133289266838351,2.076143645987648,-3.689472572671483,1/9,-2.573674080226024
5,ALL,gb,ev,pred_vol_high,0.1,fixed_hold,1126,0.5062166962699822,-0.3852668430190719,2.0757151408694736,-3.4609819838885456,1/9,-2.195145432924094,1141,0.4978089395267309,-0.5402059082242218,2.086184717038323,-3.626390625262545,1/9,-2.1765228779663817
5,ALL,gb,ev,pred_vol_high,0.1,barrier,1126,0.4866785079928952,-0.5224703016288217,2.0757151408694736,-3.598185442498296,0/9,-2.732786091376256,1141,0.4837861524978089,-0.6298571411641803,2.086184717038323,-3.716041858202504,0/9,-2.5804434457359022
5,ALL,gb,ev,all,0.2,fixed_hold,2323,0.5213086526043909,0.2867511494300016,1.9469092743338985,-2.6601581249038966,1/9,-2.8088669425814907,2323,0.5213086526043909,0.14578387139205,1.9368814027276948,-2.791097531335645,1/9,-2.921306627729656
5,ALL,gb,ev,all,0.2,barrier,2323,0.5101162290142057,-0.0312888091938278,1.9469092743338985,-2.9781980835277264,1/9,-3.5170615956571827,2323,0.5045200172191132,-0.1404639405133887,1.9368814027276948,-3.0773453432410838,0/9,-3.5005104403072447
5,ALL,gb,ev,pred_vol_high,0.2,fixed_hold,2066,0.5121006776379478,0.1406111997869287,1.9835530866726063,-2.8429418868856784,1/9,-2.6879388965237667,2099,0.5159599809433063,0.0070234666471808,1.962162342668181,-2.955138876021,1/9,-2.7992093729056062
5,ALL,gb,ev,pred_vol_high,0.2,barrier,2066,0.5,-0.1594877604022842,1.9835530866726063,-3.1430408470748907,0/9,-3.362531094615366,2099,0.4988089566460219,-0.2326928684443859,1.962162342668181,-3.194855211112566,0/9,-3.356540225389933
5,ALL,gb,ev,all,1.0,fixed_hold,11615,0.5138183383555747,0.0977039119941486,1.62902797387988,-2.531324061885732,0/9,-8.453301181699134,11615,0.5120103314679294,0.1431157030205589,1.62902797387988,-2.485912270859321,0/9,-8.255179898229283
5,ALL,gb,ev,all,1.0,barrier,11615,0.511665949203616,0.1062541772877455,1.62902797387988,-2.522773796592135,0/9,-8.51963887359609,11615,0.5101162290142057,0.1157335508245792,1.62902797387988,-2.5132944230553007,0/9,-8.506008688452905
5,ALL,gb,ev,pred_vol_high,1.0,fixed_hold,5808,0.5068870523415978,-0.1453918742895311,1.8540504911779123,-2.999442365467444,0/9,-3.8482381847324656,5808,0.5086088154269972,0.0058855216715071,1.8511588817699272,-2.84527336009842,0/9,-3.684426074988028
5,ALL,gb,ev,pred_vol_high,1.0,barrier,5808,0.4996556473829201,-0.043510429671497,1.8540504911779123,-2.8975609208494086,0/9,-4.024890781261059,5808,0.5051652892561983,0.0519304484568635,1.8511588817699272,-2.7992284333130635,1/9,-3.958310240192509
5,ALL,lr,score,all,0.05,fixed_hold,581,0.5438898450946644,0.6230140669217842,1.408799676684541,-1.7857856097627562,1/9,-3.646131085960047,581,0.5232358003442341,0.4760796347626301,1.3369391559894348,-1.860859521226804,1/9,-3.8876571842347296
5,ALL,lr,score,all,0.05,barrier,581,0.5507745266781411,0.630298810588694,1.408799676684541,-1.778500866095847,0/9,-5.859452297288096,581,0.5352839931153184,0.5131190741379894,1.3369391559894348,-1.8238200818514447,0/9,-6.004752654432011
5,ALL,lr,score,all,0.1,fixed_hold,1162,0.5094664371772806,0.1987442752035766,1.3779771149179618,-2.1792328397143854,0/9,-8.35918210767694,1162,0.5206540447504303,0.3902830119034207,1.3427138174966229,-1.9524308055932016,0/9,-7.289155178743679
5,ALL,lr,score,all,0.1,barrier,1162,0.5266781411359724,0.3197123277941367,1.3779771149179618,-2.058264787123825,0/9,-8.819758745902764,1162,0.5352839931153184,0.4377227527393322,1.3427138174966229,-1.9049910647572907,0/9,-8.003628691588371
5,ALL,lr,score,all,0.2,fixed_hold,2323,0.5131295738269479,0.2280368343598145,1.4422255964411903,-2.214188762081376,0/9,-7.762376675152153,2323,0.5118381403357727,0.2059310268712674,1.4144937105045718,-2.2085626836333048,0/9,-7.458879143109079
5,ALL,lr,score,all,0.2,barrier,2323,0.5213086526043909,0.3690797704112943,1.4422255964411903,-2.073145826029896,0/9,-7.781166356505135,2323,0.5208781747739991,0.3627592215382557,1.4144937105045718,-2.0517344889663165,0/9,-7.883706295031295
5,ALL,lr,score,all,1.0,fixed_hold,11615,0.5052948773138184,0.1994671278734784,1.62902797387988,-2.4295608460064018,0/9,-8.091494076206503,11615,0.509427464485579,0.2465071151587611,1.62902797387988,-2.382520858721119,0/9,-8.184284111417002
5,ALL,lr,score,all,1.0,barrier,11615,0.5107188979767542,0.1745654264308851,1.62902797387988,-2.4544625474489954,0/9,-8.81764259179313,11615,0.5151958674128282,0.211846779708013,1.62902797387988,-2.4171811941718677,0/9,-8.861840521300186
5,ALL,lr,ev,all,0.05,fixed_hold,581,0.5008605851979346,-0.2672968488437416,1.9460284749535508,-3.2133253237972923,0/9,-2.6079048023832776,581,0.5129087779690189,-0.2043617530541403,1.91263260655499,-3.1169943596091314,0/9,-2.3872326947059257
5,ALL,lr,ev,all,0.05,barrier,581,0.5094664371772806,0.2432956829207678,1.9460284749535508,-2.7027327920327826,0/9,-3.015968076044584,581,0.5266781411359724,0.4952249215437303,1.91263260655499,-2.41740768501126,0/9,-2.633587486544406
5,ALL,lr,ev,pred_vol_high,0.05,fixed_hold,561,0.5026737967914439,-0.1747454092502589,1.9552584407788889,-3.130003850029148,0/9,-2.440834708878167,559,0.5098389982110912,-0.1657542097422933,1.924055791749156,-3.089810001491449,0/9,-2.250711726306861
5,ALL,lr,ev,pred_vol_high,0.05,barrier,561,0.5133689839572193,0.2975322473051931,1.9552584407788889,-2.6577261934736955,0/9,-2.835024459458811,559,0.5259391771019678,0.510519431720403,1.924055791749156,-2.4135363600287523,0/9,-2.497033153694447
5,ALL,lr,ev,all,0.1,fixed_hold,1162,0.4982788296041308,-0.0584770168213419,1.884892048158723,-2.943369064980065,0/9,-3.707707891850113,1162,0.4982788296041308,-0.1525942880253375,1.8371672174274856,-2.9897615054528237,0/9,-3.606092784318683
5,ALL,lr,ev,all,0.1,barrier,1162,0.5163511187607573,0.2672585586397339,1.884892048158723,-2.617633489518989,0/9,-3.463570050917665,1162,0.5103270223752151,0.1913172103721777,1.8371672174274856,-2.645850007055308,0/9,-3.577238637106477
5,ALL,lr,ev,pred_vol_high,0.1,fixed_hold,1038,0.5009633911368016,-0.0566942539860677,1.9129432197944556,-2.969637473780524,0/9,-3.30582578012849,1038,0.4990366088631984,-0.1386550105319751,1.8653793886351904,-3.0040343991671663,0/9,-3.216712995231446
5,ALL,lr,ev,pred_vol_high,0.1,barrier,1038,0.5163776493256262,0.2690267371289778,1.9129432197944556,-2.6439164826654773,0/9,-3.200905676131636,1038,0.5096339113680154,0.194163068113097,1.8653793886351904,-2.6712163205220936,0/9,-3.2946576352301324
5,ALL,lr,ev,all,0.2,fixed_hold,2323,0.5105467068445975,-0.0374534952671136,1.80300889063866,-2.840462385905774,0/9,-4.19229672357654,2323,0.5088247955230306,-0.0136817817358492,1.767754285794422,-2.7814360675302714,0/9,-4.348556450456569
5,ALL,lr,ev,all,0.2,barrier,2323,0.5174343521308653,0.2678978554670333,1.80300889063866,-2.5351110351716266,0/9,-4.4806857510261535,2323,0.5157124408092983,0.1874249602488351,1.767754285794422,-2.5803293255455864,0/9,-4.418753445728699
5,ALL,lr,ev,pred_vol_high,0.2,fixed_hold,1833,0.5046372067648663,-0.1166855231754051,1.8827708584039065,-2.999456381579311,0/9,-3.413588626629081,1842,0.504343105320304,-0.0776214507368464,1.841801809421752,-2.9194232601585983,0/9,-3.5987752392296826
5,ALL,lr,ev,pred_vol_high,0.2,barrier,1833,0.5111838516093835,0.1932550367590309,1.8827708584039065,-2.6895158216448745,0/9,-3.6947511677350215,1842,0.50814332247557,0.1016740374129594,1.841801809421752,-2.740127772008792,0/9,-3.73594106349629
5,ALL,lr,ev,all,1.0,fixed_hold,11615,0.5052948773138184,0.1994671278734784,1.62902797387988,-2.4295608460064018,0/9,-8.091494076206503,11615,0.509427464485579,0.2465071151587611,1.62902797387988,-2.382520858721119,0/9,-8.184284111417002
5,ALL,lr,ev,all,1.0,barrier,11615,0.5107188979767542,0.1745654264308851,1.62902797387988,-2.4544625474489954,0/9,-8.81764259179313,11615,0.5151958674128282,0.211846779708013,1.62902797387988,-2.4171811941718677,0/9,-8.861840521300186
5,ALL,lr,ev,pred_vol_high,1.0,fixed_hold,5808,0.4979338842975206,0.1031377439873056,1.8540504911779123,-2.7509127471906063,0/9,-3.981086732129087,5808,0.5012052341597796,0.1669100850442241,1.8511588817699272,-2.6842487967257034,0/9,-3.9845710185521215
5,ALL,lr,ev,pred_vol_high,1.0,barrier,5808,0.5043044077134986,0.1185276174804047,1.8540504911779123,-2.7355228736975072,0/9,-4.0675032014680985,5808,0.5080922865013774,0.1724771499825108,1.8511588817699272,-2.678681731787416,0/9,-4.088701248022629
15,P,gb,score,all,0.05,fixed_hold,582,0.5446735395189003,-0.5583532296332128,1.826082796118812,-3.3844360257520245,6/9,-1.0284628660928308,581,0.5611015490533563,-0.8128248565540397,1.8639266965050652,-3.676751553059106,4/9,-1.268675320447198
15,P,gb,score,all,0.05,barrier,582,0.5481099656357389,0.7105124119983661,1.826082796118812,-2.115570384120446,3/9,-1.1497118374084836,581,0.5662650602409639,0.7879294951725774,1.8639266965050652,-2.075997201332489,3/9,-1.0943420259428362
15,P,gb,score,all,0.1,fixed_hold,1161,0.5633074935400517,-0.780001921949813,1.7721170998890878,-3.5521190218389007,5/9,-1.558636143325694,1161,0.5383290267011197,-1.417796782640132,1.7442755920904416,-4.162072374730574,3/9,-2.072443116245036
15,P,gb,score,all,0.1,barrier,1161,0.5598621877691645,0.385066377971956,1.7721170998890878,-2.387050721917132,3/9,-1.8871714913387896,1161,0.5366063738156761,0.0056072004321296,1.7442755920904416,-2.738668391658312,2/9,-2.288609959937133
15,P,gb,score,all,0.2,fixed_hold,2321,0.5639810426540285,0.0808930221697233,1.7068843201710502,-2.6259912980013267,4/9,-1.2489141894276918,2321,0.5239121068504955,-0.8168094232916792,1.7300476005167185,-3.5468570238083976,1/9,-1.8064603175911875
15,P,gb,score,all,0.2,barrier,2321,0.5562257647565705,0.6303932721574164,1.7068843201710502,-2.0764910480136334,3/9,-1.6664045334909012,2321,0.5196036191296854,-0.1508156528848974,1.7300476005167185,-2.8808632534016154,1/9,-2.5477196164537386
15,P,gb,score,all,1.0,fixed_hold,11605,0.541835415769065,0.4879863573428158,1.6295050793385362,-2.14151872199572,0/9,-2.957548794592631,11605,0.5179663937957777,-0.1038529061595607,1.6295050793385362,-2.7333579854980967,0/9,-4.0470691147313245
15,P,gb,score,all,1.0,barrier,11605,0.5295993106419646,0.3326450940045679,1.6295050793385362,-2.296859985333968,0/9,-4.559710330778283,11605,0.50771219302025,-0.0961187102471737,1.6295050793385362,-2.7256237895857094,0/9,-6.488870324711629
15,P,gb,ev,all,0.05,fixed_hold,581,0.4509466437177281,-3.5677216019525506,2.217266187949136,-6.784987789901688,2/9,-1.2624451725944477,581,0.4716006884681583,-2.6631878656005767,2.253841093910256,-5.917028959510833,2/9,-1.4457986326697658
15,P,gb,ev,all,0.05,barrier,581,0.4664371772805508,-1.7236598066113746,2.217266187949136,-4.940925994560511,2/9,-1.1646900568562046,581,0.487091222030981,-1.126475605760562,2.253841093910256,-4.380316699670818,2/9,-1.4176650944030855
15,P,gb,ev,all,0.1,fixed_hold,1161,0.5211024978466839,-0.8204993236441337,2.1008918865452264,-3.92139121018936,4/9,-0.9503631356947428,1161,0.4840654608096468,-2.226563682444848,2.151969036506804,-5.378532718951652,4/9,-1.5093151617057845
15,P,gb,ev,all,0.1,barrier,1161,0.524547803617571,0.0373038757978694,2.1008918865452264,-3.0635880107473565,3/9,-1.1764443812965195,1161,0.4978466838931955,-0.7857611329031456,2.151969036506804,-3.937730169409949,2/9,-1.7564337394252691
15,P,gb,ev,all,0.2,fixed_hold,2321,0.5398535114174925,-0.5510613785320971,1.9264912507765453,-3.477552629308642,4/9,-1.2292957116162384,2321,0.5131408875484705,-1.1566530117225888,1.9395093652567013,-4.09616237697929,2/9,-1.659612083562359
15,P,gb,ev,all,0.2,barrier,2321,0.5316673847479535,0.1870324888333033,1.9264912507765453,-2.7394587619432422,3/9,-1.6535186068560694,2321,0.5084015510555795,-0.4530604703792709,1.9395093652567013,-3.3925698356359724,2/9,-2.2875269867615784
15,P,gb,ev,all,1.0,fixed_hold,11605,0.541835415769065,0.4879863573428158,1.6295050793385362,-2.14151872199572,0/9,-2.957548794592631,11605,0.5179663937957777,-0.1038529061595607,1.6295050793385362,-2.7333579854980967,0/9,-4.0470691147313245
15,P,gb,ev,all,1.0,barrier,11605,0.5295993106419646,0.3326450940045679,1.6295050793385362,-2.296859985333968,0/9,-4.559710330778283,11605,0.50771219302025,-0.0961187102471737,1.6295050793385362,-2.7256237895857094,0/9,-6.488870324711629
15,P,lr,score,all,0.05,fixed_hold,581,0.53184165232358,0.6044427267504203,2.0231000429373425,-2.418657316186922,4/9,-0.6781054711824342,581,0.53184165232358,0.625496098638677,1.9839140908159267,-2.3584179921772503,4/9,-0.6923466556960809
15,P,lr,score,all,0.05,barrier,581,0.5438898450946644,-0.0681264525088123,2.0231000429373425,-3.091226495446155,3/9,-1.324165501858424,581,0.5438898450946644,0.1054362839009436,1.9839140908159267,-2.878477806914984,3/9,-1.323222167703819
15,P,lr,score,all,0.1,fixed_hold,1161,0.5185185185185185,-0.7057309942182104,1.8593561886330976,-3.5650871828513084,3/9,-1.1525740072027577,1161,0.5262704565030146,-0.4948668021668431,1.8400080773213705,-3.334874879488214,3/9,-1.1235216995908333
15,P,lr,score,all,0.1,barrier,1161,0.524547803617571,-0.2144617202563912,1.8593561886330976,-3.073817908889489,2/9,-1.6314486167997306,1161,0.5236864771748493,-0.1587364500862542,1.8400080773213705,-2.998744527407625,3/9,-1.6435394864280977
15,P,lr,score,all,0.2,fixed_hold,2321,0.5295131408875484,0.0440606132383152,1.7415296433318157,-2.6974690300935,2/9,-1.2710986006151306,2321,0.5295131408875484,-0.1826552864666416,1.725268630566687,-2.907923917033328,2/9,-1.4661456834190978
15,P,lr,score,all,0.2,barrier,2321,0.5200344679017664,-0.0009583700412197,1.7415296433318157,-2.742488013373036,1/9,-2.132186463607121,2321,0.5196036191296854,-5.591406034147047e-05,1.725268630566687,-2.725324544627028,1/9,-2.317413759846604
15,P,lr,score,all,1.0,fixed_hold,11605,0.53968117190866,0.7285113761226868,1.6295050793385362,-1.9009937032158493,0/9,-3.474255306217816,11605,0.5354588539422662,0.6511870044669542,1.6295050793385362,-1.9783180748715812,0/9,-3.666050470912689
15,P,lr,score,all,1.0,barrier,11605,0.5262386902197329,0.3535553169235759,1.6295050793385362,-2.2759497624149603,0/9,-5.71160641916785,11605,0.5216716932356743,0.2810017109512609,1.6295050793385362,-2.348503368387275,0/9,-5.949461251660956
15,P,lr,ev,all,0.05,fixed_hold,581,0.5180722891566265,0.6957959597754021,2.277523447237564,-2.581727487462161,3/9,-0.5661623676870438,581,0.5094664371772806,0.013966145931356,2.257817256802765,-3.243851110871409,3/9,-0.6874356415942181
15,P,lr,ev,all,0.05,barrier,581,0.5232358003442341,0.4031576607834864,2.277523447237564,-2.874365786454077,4/9,-0.852540534103236,581,0.5180722891566265,0.0956348608419636,2.257817256802765,-3.162182395960802,4/9,-0.894752776533639
15,P,lr,ev,all,0.1,fixed_hold,1161,0.5271317829457365,-0.1423688506625836,2.1090652530867144,-3.2514341037492978,3/9,-0.7240715842986657,1161,0.524547803617571,-0.0703746199677007,2.102822444486442,-3.173197064454142,3/9,-0.7394549063301159
15,P,lr,ev,all,0.1,barrier,1161,0.5322997416020672,0.3968097974063561,2.1090652530867144,-2.712255455680358,3/9,-0.975156479819791,1161,0.5340223944875108,0.3583708519121591,2.102822444486442,-2.744451592574283,3/9,-0.9502116384336202
15,P,lr,ev,all,0.2,fixed_hold,2321,0.5273588970271434,0.2678237508386159,1.9458761203025183,-2.6780523694639022,3/9,-0.9518262011718184,2321,0.5243429556225765,0.1133850997707956,1.945734109430501,-2.8323490096597053,4/9,-0.9961812780441316
15,P,lr,ev,all,0.2,barrier,2321,0.5191727703576045,0.2204879578708545,1.9458761203025183,-2.7253881624316643,1/9,-1.5211942136300658,2321,0.5174493752692805,0.1479966572576131,1.945734109430501,-2.797737452172888,2/9,-1.5981094753722789
15,P,lr,ev,all,1.0,fixed_hold,11605,0.53968117190866,0.7285113761226868,1.6295050793385362,-1.9009937032158493,0/9,-3.474255306217816,11605,0.5354588539422662,0.6511870044669542,1.6295050793385362,-1.9783180748715812,0/9,-3.666050470912689
15,P,lr,ev,all,1.0,barrier,11605,0.5262386902197329,0.3535553169235759,1.6295050793385362,-2.2759497624149603,0/9,-5.71160641916785,11605,0.5216716932356743,0.2810017109512609,1.6295050793385362,-2.348503368387275,0/9,-5.949461251660956
15,F,gb,score,all,0.05,fixed_hold,581,0.504302925989673,-1.0600848172640962,1.6067056196708247,-3.666790436934921,1/9,-1.3742122939164831,581,0.495697074010327,-1.039996801978696,1.5896315335822688,-3.6296283355609655,2/9,-1.1611972649227749
15,F,gb,score,all,0.05,barrier,581,0.4784853700516351,-0.4637137566733357,1.6067056196708247,-3.0704193763441605,1/9,-1.648975596754182,581,0.4836488812392427,-0.460028413555739,1.5896315335822688,-3.0496599471380086,2/9,-1.556973465059219
15,F,gb,score,all,0.1,fixed_hold,1161,0.508182601205857,-0.2046613165579399,1.6161817420304465,-2.8208430585883866,2/9,-1.412043706290948,1161,0.4840654608096468,-0.9960471494571056,1.601762837506937,-3.597809986964042,2/9,-1.737622252284467
15,F,gb,score,all,0.1,barrier,1161,0.4969853574504737,0.2472839682495412,1.6161817420304465,-2.3688977737809056,1/9,-1.7657623898248869,1161,0.4677002583979328,-0.5000423860522603,1.601762837506937,-3.101805223559197,2/9,-1.9840398420628056
15,F,gb,score,all,0.2,fixed_hold,2321,0.5036622145626884,0.1717190401979621,1.6268284020823338,-2.455109361884371,3/9,-1.8227302616421168,2321,0.4816889271865575,-0.5424331283398317,1.6439640261590305,-3.1863971544988616,2/9,-2.1427237542229904
15,F,gb,score,all,0.2,barrier,2321,0.5114174924601465,0.5685693968462329,1.6268284020823338,-2.0582590052361014,3/9,-2.1372697834114387,2321,0.4816889271865575,-0.1241338168525913,1.6439640261590305,-2.768097843011621,2/9,-2.4934425805375686
15,F,gb,score,all,1.0,fixed_hold,11605,0.5079707022834985,0.2985311452922242,1.6295050793385362,-2.330973934046312,0/9,-5.600739159811207,11605,0.5073675140025851,0.1625048799912919,1.6295050793385362,-2.467000199347244,0/9,-6.465798404488914
15,F,gb,score,all,1.0,barrier,11605,0.5045239121068505,0.0924626888306345,1.6295050793385362,-2.537042390507901,0/9,-7.658316079297944,11605,0.5052994398965963,0.1151953602502878,1.6295050793385362,-2.514309719088248,0/9,-8.814992775959098
15,F,gb,ev,all,0.05,fixed_hold,581,0.504302925989673,-0.5043511789166074,1.996447171982416,-3.500798350899023,2/9,-1.2899831069083896,581,0.4991394148020654,-1.1789371889552038,2.003706729465961,-4.182643918421165,1/9,-1.5178178217522176
15,F,gb,ev,all,0.05,barrier,581,0.53184165232358,1.6752500784462103,1.996447171982416,-1.3211970935362058,1/9,-1.080438812784234,581,0.5197934595524957,1.0254498633176283,2.003706729465961,-1.978256866148332,1/9,-1.4896263072756455
15,F,gb,ev,all,0.1,fixed_hold,1161,0.5202411714039621,-0.0119023137678146,1.978833124937528,-2.990735438705343,1/9,-1.858186209394605,1161,0.4969853574504737,-0.5813114714871701,1.953748687288124,-3.535060158775294,1/9,-1.972619208278226
15,F,gb,ev,all,0.1,barrier,1161,0.5443583118001722,1.578802633069674,1.978833124937528,-1.400030491867854,2/9,-1.3438224547700317,1161,0.5133505598621878,0.611316634031245,1.953748687288124,-2.3424320532568794,1/9,-2.1013841295559432
15,F,gb,ev,all,0.2,fixed_hold,2321,0.5200344679017664,0.8096649777962762,1.898907161043636,-2.08924218324736,1/9,-1.6242597903052214,2321,0.5118483412322274,0.2697458477218651,1.892257257551728,-2.622511409829864,1/9,-1.876624930711691
15,F,gb,ev,all,0.2,barrier,2321,0.5346833261525205,1.154808362467573,1.898907161043636,-1.7440987985760628,1/9,-1.973948857326137,2321,0.5152951314088755,0.4289686487256038,1.892257257551728,-2.463288608826124,1/9,-2.6351097392133305
15,F,gb,ev,all,1.0,fixed_hold,11605,0.5079707022834985,0.2985311452922242,1.6295050793385362,-2.330973934046312,0/9,-5.600739159811207,11605,0.5073675140025851,0.1625048799912919,1.6295050793385362,-2.467000199347244,0/9,-6.465798404488914
15,F,gb,ev,all,1.0,barrier,11605,0.5045239121068505,0.0924626888306345,1.6295050793385362,-2.537042390507901,0/9,-7.658316079297944,11605,0.5052994398965963,0.1151953602502878,1.6295050793385362,-2.514309719088248,0/9,-8.814992775959098
15,F,lr,score,all,0.05,fixed_hold,581,0.6110154905335629,5.588345395054268,1.9970169078111937,2.591328487243074,6/9,0.8455402865832006,581,0.6024096385542169,6.183452572192649,1.9843126431065623,3.199139929086086,6/9,0.8884247270727602
15,F,lr,score,all,0.05,barrier,581,0.5972461273666093,2.367294208944989,1.9970169078111937,-0.6297226988662037,5/9,-0.3262853960710675,581,0.5886402753872634,2.389963851455352,1.9843126431065623,-0.5943487916512107,5/9,-0.3063106847158074
15,F,lr,score,all,0.1,fixed_hold,1161,0.5925925925925926,4.1480598203818255,1.9003926000431648,1.2476672203386618,6/9,0.5029582601492454,1161,0.590869939707149,4.70022608608557,1.915517637989224,1.784708448096347,6/9,0.6769615615711977
15,F,lr,score,all,0.1,barrier,1161,0.5805340223944875,1.8010175651709508,1.9003926000431648,-1.0993750348722136,4/9,-0.784203419592177,1161,0.5831180017226529,2.029604894619697,1.915517637989224,-0.8859127433695262,3/9,-0.6721120936178364
15,F,lr,score,all,0.2,fixed_hold,2321,0.5553640672124085,2.851310144608929,1.7794774731731748,0.0718326714357548,4/9,0.0516614975173536,2321,0.5631193451098664,3.1489076375695007,1.7908469898663215,0.3580606477031789,6/9,0.2281944243595073
15,F,lr,score,all,0.2,barrier,2321,0.5622576475657044,1.5264494728821478,1.7794774731731748,-1.2530280002910272,3/9,-1.541760337985837,2321,0.5682895303748384,1.5653884314672497,1.7908469898663215,-1.2254585583990725,3/9,-1.3520466747800906
15,F,lr,score,all,1.0,fixed_hold,11605,0.524170616113744,0.7807789536572091,1.6295050793385362,-1.848726125681327,1/9,-3.562619782003794,11605,0.5220163722533391,0.6316861138683975,1.6295050793385362,-1.997818965470139,0/9,-4.278280481656773
15,F,lr,score,all,1.0,barrier,11605,0.5309780267126238,0.5022503638231298,1.6295050793385362,-2.1272547155154062,0/9,-5.211513416014016,11605,0.5303748384317105,0.5144069332930208,1.6295050793385362,-2.1150981460455154,0/9,-5.3286483302621805
15,F,lr,ev,all,0.05,fixed_hold,581,0.5697074010327022,5.215222859243319,2.2940631519313417,1.9211597073119775,6/9,0.5125475059839542,581,0.5834767641996558,6.396699615819108,2.278149273277203,3.118550342541904,6/9,0.7301262008030577
15,F,lr,ev,all,0.05,barrier,581,0.5490533562822719,1.610991535657686,2.2940631519313417,-1.6830716162736552,5/9,-0.6278271712493367,581,0.5679862306368331,2.179557810825572,2.278149273277203,-1.0985914624516309,5/9,-0.4431209655042193
15,F,lr,ev,all,0.1,fixed_hold,1161,0.5607235142118863,4.544014414665516,2.086119300405304,1.4578951142602117,5/9,0.6893741131380862,1161,0.5581395348837209,4.55842071103853,2.0923732248917024,1.4660474861468278,5/9,0.6823157082213852
15,F,lr,ev,all,0.1,barrier,1161,0.5590008613264428,2.171252449589125,2.086119300405304,-0.9148668508161784,4/9,-0.5475291694280059,1161,0.5546942291128337,1.981182336721268,2.0923732248917024,-1.1111908881704349,4/9,-0.6568199671570031
15,F,lr,ev,all,0.2,fixed_hold,2321,0.5553640672124085,3.6010904342640004,1.927924511843103,0.6731659224208978,4/9,0.4398356100775086,2321,0.5506247307195175,3.4221601681820117,1.9074803623608103,0.5146798058212012,4/9,0.3947118509989734
15,F,lr,ev,all,0.2,barrier,2321,0.5609651012494614,1.6949978265303416,1.927924511843103,-1.2329266853127616,3/9,-1.152956931685538,2321,0.5562257647565705,1.5847024098798226,1.9074803623608103,-1.3227779524809875,2/9,-1.2009607846435404
15,F,lr,ev,all,1.0,fixed_hold,11605,0.524170616113744,0.7807789536572091,1.6295050793385362,-1.848726125681327,1/9,-3.562619782003794,11605,0.5220163722533391,0.6316861138683975,1.6295050793385362,-1.997818965470139,0/9,-4.278280481656773
15,F,lr,ev,all,1.0,barrier,11605,0.5309780267126238,0.5022503638231298,1.6295050793385362,-2.1272547155154062,0/9,-5.211513416014016,11605,0.5303748384317105,0.5144069332930208,1.6295050793385362,-2.1150981460455154,0/9,-5.3286483302621805
15,B,gb,score,all,0.05,fixed_hold,584,0.5017123287671232,-0.034213407020294,1.3579090193067458,-2.39212242632704,2/9,-2.398231540251595,581,0.5232358003442341,1.6775620932620303,1.4533871854429177,-0.7758250921808874,2/9,-0.4977100147680334
15,B,gb,score,all,0.05,barrier,584,0.4914383561643836,-0.3501378310492112,1.3579090193067458,-2.708046850355957,0/9,-3.929169599117883,581,0.5094664371772806,0.3296068390147955,1.4533871854429177,-2.1237803464281217,0/9,-3.3223339747569813
15,B,gb,score,all,0.1,fixed_hold,1161,0.533161068044789,0.6807846644305771,1.384240570467128,-1.7034559060365504,2/9,-1.6219563795684586,1162,0.5275387263339071,1.077682858626629,1.526249043197721,-1.448566184571091,2/9,-1.3163623342027173
15,B,gb,score,all,0.1,barrier,1161,0.5228251507321274,0.1827569621609795,1.384240570467128,-2.201483608306148,1/9,-2.815555058708568,1162,0.5154905335628227,0.3733682033545925,1.526249043197721,-2.152880839843128,1/9,-3.644241489966836
15,B,gb,score,all,0.2,fixed_hold,2326,0.5404127257093723,1.0433274915843205,1.4315307775580162,-1.3882032859736957,2/9,-1.25351769056085,2327,0.5217017619252257,0.6548425068015088,1.556913710721734,-1.9020712039202252,2/9,-2.0023852883794504
15,B,gb,score,all,0.2,barrier,2326,0.5395528804815133,0.4490309250453744,1.4315307775580162,-1.9824998525126412,1/9,-2.823906382701602,2327,0.5169746454662656,0.3076774992369632,1.556913710721734,-2.249236211484771,0/9,-4.005621142144373
15,B,gb,score,all,1.0,fixed_hold,11605,0.5110728134424817,-0.00488078250768,1.6295050793385362,-2.634385861846216,0/9,-7.263727511506135,11605,0.5110728134424817,-0.00488078250768,1.6295050793385362,-2.634385861846216,0/9,-7.263727511506135
15,B,gb,score,all,1.0,barrier,11605,0.5252046531667385,0.3008304174915709,1.6295050793385362,-2.3286746618469647,0/9,-6.003706242198349,11605,0.5252046531667385,0.3008304174915709,1.6295050793385362,-2.3286746618469647,0/9,-6.003706242198349
15,B,gb,ev,all,0.05,fixed_hold,581,0.4664371772805508,0.2604863252288897,1.7087563358813171,-2.4482700106524264,2/9,-0.8094851361129558,581,0.4526678141135972,-0.4352910493751067,1.8149940599215069,-3.2502851092966143,2/9,-0.8653870444220159
15,B,gb,ev,all,0.05,barrier,581,0.4784853700516351,-0.0961112986029923,1.7087563358813171,-2.8048676344843098,2/9,-1.0212107069968617,581,0.4716006884681583,-0.2962386022323828,1.8149940599215069,-3.11123266215389,2/9,-1.0407014751298085
15,B,gb,ev,all,0.1,fixed_hold,1161,0.4418604651162791,-1.710242626595297,1.824625044879576,-4.534867671474874,1/9,-1.341964200984899,1161,0.4496124031007752,-1.3852346302276386,1.8692804500223832,-4.254515080250021,2/9,-1.2063689472592245
15,B,gb,ev,all,0.1,barrier,1161,0.4608096468561585,-1.2468638363608189,1.824625044879576,-4.071488881240396,1/9,-1.459072787221936,1161,0.4728682170542636,-0.5825375834169462,1.8692804500223832,-3.4518180334393294,2/9,-1.3311412868455237
15,B,gb,ev,all,0.2,fixed_hold,2321,0.4467901766479965,-2.3402118008837727,1.8495893009641224,-5.189801101847896,2/9,-1.8755536468620453,2321,0.4532529082292115,-2.329344426028333,1.8479467120417457,-5.177291138070079,2/9,-1.9325425572169896
15,B,gb,ev,all,0.2,barrier,2321,0.4584230934941835,-1.2587461550669417,1.8495893009641224,-4.108335456031064,1/9,-1.871866092915684,2321,0.4614390348987505,-1.2595568406609798,1.8479467120417457,-4.107503552702726,1/9,-1.9977200191615236
15,B,gb,ev,all,1.0,fixed_hold,11605,0.5110728134424817,-0.00488078250768,1.6295050793385362,-2.634385861846216,0/9,-7.263727511506135,11605,0.5110728134424817,-0.00488078250768,1.6295050793385362,-2.634385861846216,0/9,-7.263727511506135
15,B,gb,ev,all,1.0,barrier,11605,0.5252046531667385,0.3008304174915709,1.6295050793385362,-2.3286746618469647,0/9,-6.003706242198349,11605,0.5252046531667385,0.3008304174915709,1.6295050793385362,-2.3286746618469647,0/9,-6.003706242198349
15,B,lr,score,all,0.05,fixed_hold,581,0.5129087779690189,0.7239885330188336,1.7041638389315843,-1.980175305912752,4/9,-1.2274396456952217,581,0.5352839931153184,0.944197875379554,1.776038764875152,-1.831840889495598,4/9,-1.244446933586715
15,B,lr,score,all,0.05,barrier,581,0.5438898450946644,0.5575387063334354,1.7041638389315843,-2.1466251325981496,2/9,-2.407188838194625,581,0.5611015490533563,0.994381613540782,1.776038764875152,-1.7816571513343704,2/9,-2.173476009229289
15,B,lr,score,all,0.1,fixed_hold,1161,0.5090439276485789,0.5092018096240781,1.6598514267484816,-2.150649617124404,3/9,-1.7317978136018295,1161,0.5099052540913006,0.3547239780431334,1.7383991411253894,-2.383675163082256,2/9,-2.055663618362744
15,B,lr,score,all,0.1,barrier,1161,0.5279931093884582,0.248152584079427,1.6598514267484816,-2.411698842669056,2/9,-2.6244270660397944,1161,0.5297157622739018,0.2916045553233093,1.7383991411253894,-2.4467945858020803,1/9,-3.0752513871072016
15,B,lr,score,all,0.2,fixed_hold,2321,0.5165876777251185,0.2413648953010084,1.5480696169328962,-2.306704721631888,1/9,-2.367163423686308,2321,0.5196036191296854,0.3304400580478688,1.5676595864347207,-2.237219528386853,2/9,-2.2923600704716915
15,B,lr,score,all,0.2,barrier,2321,0.5329599310641965,0.2112230109156122,1.5480696169328962,-2.336846606017284,1/9,-3.157850359073395,2321,0.5385609651012495,0.3140674609081065,1.5676595864347207,-2.2535921255266143,1/9,-3.091255550512592
15,B,lr,score,all,1.0,fixed_hold,11605,0.5110728134424817,-0.0066145331986787,1.6295050793385362,-2.6361196125372146,0/9,-7.320262517452533,11605,0.5110728134424817,-0.00488078250768,1.6295050793385362,-2.634385861846216,0/9,-7.263727511506135
15,B,lr,score,all,1.0,barrier,11605,0.5252046531667385,0.2995764714122756,1.6295050793385362,-2.32992860792626,0/9,-6.054319949360183,11605,0.5252046531667385,0.3008304174915709,1.6295050793385362,-2.3286746618469647,0/9,-6.003706242198349
15,B,lr,ev,all,0.05,fixed_hold,581,0.4836488812392427,-0.5523706751810884,1.7918522869211726,-3.3442229621022608,3/9,-1.0184785438031303,581,0.4802065404475043,-0.2450561000670387,1.7821902257990376,-3.027246325866076,3/9,-0.8750063158997617
15,B,lr,ev,all,0.05,barrier,581,0.4905335628227194,-0.1077945751940681,1.7918522869211726,-2.8996468621152407,1/9,-1.1497356824910645,581,0.487091222030981,-0.0413955766088257,1.7821902257990376,-2.823585802407863,2/9,-0.994426232456346
15,B,lr,ev,all,0.1,fixed_hold,1161,0.4659776055124892,-1.6572468992092768,1.8196653434873016,-4.476912242696578,1/9,-1.830004645020352,1161,0.4694229112833764,-1.6442861123176244,1.832317777880307,-4.476603890197931,1/9,-1.8683331072423568
15,B,lr,ev,all,0.1,barrier,1161,0.4771748492678725,-0.4076400551321027,1.8196653434873016,-3.2273053986194045,1/9,-1.703358939433332,1161,0.483204134366925,-0.2605759084272784,1.832317777880307,-3.092893686307585,1/9,-1.681260142220654
15,B,lr,ev,all,0.2,fixed_hold,2321,0.4575613959500215,-1.369002296320905,1.7332959108977937,-4.102298207218698,0/9,-2.7373623063459283,2321,0.4579922447221025,-1.228502312612268,1.7453317502572117,-3.97383406286948,0/9,-2.791881364565748
15,B,lr,ev,all,0.2,barrier,2321,0.4597156398104265,-0.8532430085633412,1.7332959108977937,-3.586538919461135,0/9,-2.706851147364044,2321,0.4614390348987505,-0.7458261379469319,1.7453317502572117,-3.4911578882041434,0/9,-2.695295776343486
15,B,lr,ev,all,1.0,fixed_hold,11605,0.5110728134424817,-0.0066145331986787,1.6295050793385362,-2.6361196125372146,0/9,-7.320262517452533,11605,0.5110728134424817,-0.00488078250768,1.6295050793385362,-2.634385861846216,0/9,-7.263727511506135
15,B,lr,ev,all,1.0,barrier,11605,0.5252046531667385,0.2995764714122756,1.6295050793385362,-2.32992860792626,0/9,-6.054319949360183,11605,0.5252046531667385,0.3008304174915709,1.6295050793385362,-2.3286746618469647,0/9,-6.003706242198349
15,L2,gb,score,all,0.05,fixed_hold,581,0.5146299483648882,-1.050101460480892,1.892630908215141,-3.942732368696033,2/9,-1.5283399060755998,581,0.5197934595524957,0.1185665069950776,1.9389490434374104,-2.8203825364423336,3/9,-1.2424892632116338
15,L2,gb,score,all,0.05,barrier,581,0.5456110154905336,0.8057151442800897,1.892630908215141,-2.086915763935051,2/9,-1.403370096981588,581,0.5370051635111877,0.8143429869112169,1.9389490434374104,-2.124606056526193,3/9,-1.6710464043790805
15,L2,gb,score,all,0.1,fixed_hold,1161,0.5047372954349698,-0.6484497446511311,1.851856070339612,-3.500305814990744,1/9,-2.2056414258870385,1161,0.5202411714039621,0.2237007428181397,1.8084402720680584,-2.5847395292499185,2/9,-1.9984856999578224
15,L2,gb,score,all,0.1,barrier,1161,0.5159345391903531,0.1636600474310039,1.851856070339612,-2.688196022908608,1/9,-2.5772125529375707,1161,0.52885443583118,0.3721603691703027,1.8084402720680584,-2.4362799028977555,1/9,-3.002229783990413
15,L2,gb,score,all,0.2,fixed_hold,2321,0.4997845756139595,-0.4046499139375633,1.7480198727138316,-3.152669786651395,0/9,-3.3031957136639374,2321,0.5131408875484705,0.1203049814167662,1.6858657334386231,-2.5655607520218577,1/9,-3.142019294556403
15,L2,gb,score,all,0.2,barrier,2321,0.5053856096510125,0.1070449689777397,1.7480198727138316,-2.640974903736092,1/9,-3.4881707455981714,2321,0.5114174924601465,0.1798781842787555,1.6858657334386231,-2.5059875491598684,0/9,-3.986375353937636
15,L2,gb,score,all,1.0,fixed_hold,11605,0.5133993968117191,0.3910326021015579,1.6295050793385362,-2.238472477236978,0/9,-6.500502506612693,11605,0.5053856096510125,0.1380840960488631,1.6295050793385362,-2.491420983289673,0/9,-6.601936704036164
15,L2,gb,score,all,1.0,barrier,11605,0.5162429987074537,0.3542688884050219,1.6295050793385362,-2.275236190933514,0/9,-6.985738221298887,11605,0.5034037052994399,0.1253343049385608,1.6295050793385362,-2.504170774399975,0/9,-6.98200818867303
15,L2,gb,ev,all,0.05,fixed_hold,581,0.4716006884681583,-1.2938989919540098,2.2212913270277714,-4.515190318981781,2/9,-1.244829673670136,581,0.4767641996557659,-0.753154826218474,2.1955382256818243,-3.9486930519002974,2/9,-1.1018320763964973
15,L2,gb,ev,all,0.05,barrier,581,0.4802065404475043,-0.3496097480619468,2.2212913270277714,-3.5709010750897185,1/9,-1.350239657378737,581,0.487091222030981,0.2866294155002961,2.1955382256818243,-2.9089088101815284,2/9,-1.1750749694491582
15,L2,gb,ev,all,0.1,fixed_hold,1161,0.4745908699397071,-1.2210454419606214,2.0692262988484,-4.29027174080902,1/9,-1.7486952151638624,1161,0.4909560723514212,-0.5975275260154903,1.9997437571051395,-3.59727128312063,1/9,-1.8186630373229404
15,L2,gb,ev,all,0.1,barrier,1161,0.4823428079242032,-0.3815413833331462,2.0692262988484,-3.4507676821815454,1/9,-1.8990677481871097,1161,0.4883720930232558,-0.1531762411902615,1.9997437571051395,-3.1529199982954013,3/9,-2.1772938897941945
15,L2,gb,ev,all,0.2,fixed_hold,2321,0.4868591124515295,-0.8194760956886016,1.948501753500718,-3.767977849189319,1/9,-2.4072317032831143,2321,0.4898750538560965,-0.2050228490380314,1.8683619082475071,-3.0733847572855386,3/9,-2.6092632479126485
15,L2,gb,ev,all,0.2,barrier,2321,0.4954760878931495,-0.160286781801502,1.948501753500718,-3.10878853530222,1/9,-2.5416865230539547,2321,0.4933218440327445,-0.0704962541485775,1.8683619082475071,-2.9388581623960848,2/9,-2.7356469793742955
15,L2,gb,ev,all,1.0,fixed_hold,11605,0.5133993968117191,0.3910326021015579,1.6295050793385362,-2.238472477236978,0/9,-6.500502506612693,11605,0.5053856096510125,0.1380840960488631,1.6295050793385362,-2.491420983289673,0/9,-6.601936704036164
15,L2,gb,ev,all,1.0,barrier,11605,0.5162429987074537,0.3542688884050219,1.6295050793385362,-2.275236190933514,0/9,-6.985738221298887,11605,0.5034037052994399,0.1253343049385608,1.6295050793385362,-2.504170774399975,0/9,-6.98200818867303
15,L2,lr,score,all,0.05,fixed_hold,581,0.495697074010327,-0.2399978480100723,1.6686068883112144,-2.908604736321287,1/9,-2.716162730161349,581,0.5008605851979346,0.4091154489827495,1.6053209178079522,-2.196205468825202,1/9,-2.15660286571534
15,L2,lr,score,all,0.05,barrier,581,0.4647160068846815,-0.5843987543039745,1.6686068883112144,-3.2530056426151885,0/9,-3.900498127200296,581,0.4733218588640275,-0.3219265938272639,1.6053209178079522,-2.9272475116352163,0/9,-3.879140548201795
15,L2,lr,score,all,0.1,fixed_hold,1161,0.4952627045650301,-0.0244394553446853,1.6291659486295529,-2.653605403974238,0/9,-3.953071890114197,1161,0.5038759689922481,-0.0960629908471586,1.5839296188074283,-2.6799926096545867,1/9,-3.728936689152116
15,L2,lr,score,all,0.1,barrier,1161,0.4763135228251507,-0.4039122731117496,1.6291659486295529,-3.033078221741302,0/9,-5.4233685347529,1161,0.4866494401378122,-0.2923410811307097,1.5839296188074283,-2.876270699938137,0/9,-5.536741380202543
15,L2,lr,score,all,0.2,fixed_hold,2321,0.4976303317535545,-0.306605091949244,1.637818605423352,-2.944423697372596,0/9,-4.515042092906586,2321,0.5040930633347694,-0.2662045886975251,1.5636602589158377,-2.8298648476133628,0/9,-4.5019512185548045
15,L2,lr,score,all,0.2,barrier,2321,0.4812580784144765,-0.4804334137628943,1.637818605423352,-3.118252019186246,0/9,-6.174516183701948,2321,0.4907367514002585,-0.2771666206337125,1.5636602589158377,-2.8408268795495504,0/9,-6.021307575483605
15,L2,lr,score,all,1.0,fixed_hold,11605,0.4918569582076691,-0.2476943002421749,1.6295050793385362,-2.877199379580711,0/9,-7.3582622552859265,11605,0.4940973718224903,-0.2450013089713686,1.6295050793385362,-2.874506388309905,0/9,-6.979334034105807
15,L2,lr,score,all,1.0,barrier,11605,0.4832399827660491,-0.3228717898088768,1.6295050793385362,-2.952376869147413,0/9,-7.932924865081024,11605,0.4856527358897027,-0.2621117899856887,1.6295050793385362,-2.891616869324224,0/9,-7.859541438647871
15,L2,lr,ev,all,0.05,fixed_hold,581,0.4612736660929432,-1.9248836761853123,1.9514525311009003,-4.876336207286213,1/9,-2.245821126660947,581,0.4767641996557659,-1.353561494468165,1.8830993891993884,-4.236660883667554,1/9,-2.08280738151135
15,L2,lr,ev,all,0.05,barrier,581,0.4561101549053356,-1.7867556559779292,1.9514525311009003,-4.738208187078829,0/9,-2.9687842844617656,581,0.4664371772805508,-1.5222696021505733,1.8830993891993884,-4.405368991349961,1/9,-2.6423923826780067
15,L2,lr,ev,all,0.1,fixed_hold,1161,0.4771748492678725,-0.7325451377501901,1.8376591459031293,-3.5702042836533194,1/9,-2.090990345767028,1161,0.4763135228251507,-1.1062848019037788,1.805934809164208,-3.9122196110679854,1/9,-2.476032802703392
15,L2,lr,ev,all,0.1,barrier,1161,0.4659776055124892,-1.1098893981831413,1.8376591459031293,-3.947548544086271,0/9,-3.1547056738439734,1161,0.4685615848406546,-1.1999021284044311,1.805934809164208,-4.005836937568639,0/9,-3.0969852388603
15,L2,lr,ev,all,0.2,fixed_hold,2321,0.4838431710469625,-0.3495164573830651,1.812311721387996,-3.1618281787710614,2/9,-2.6899005679319004,2321,0.4920292977165015,-0.4364510250896971,1.7770638767102271,-3.213514901799924,1/9,-2.964086970562508
15,L2,lr,ev,all,0.2,barrier,2321,0.4747953468332615,-0.6357269471532412,1.812311721387996,-3.448038668541238,1/9,-3.536717060685304,2321,0.4855665661352865,-0.5632124130246988,1.7770638767102271,-3.340276289734926,1/9,-3.3854578607304777
15,L2,lr,ev,all,1.0,fixed_hold,11605,0.4918569582076691,-0.2476943002421749,1.6295050793385362,-2.877199379580711,0/9,-7.3582622552859265,11605,0.4940973718224903,-0.2450013089713686,1.6295050793385362,-2.874506388309905,0/9,-6.979334034105807
15,L2,lr,ev,all,1.0,barrier,11605,0.4832399827660491,-0.3228717898088768,1.6295050793385362,-2.952376869147413,0/9,-7.932924865081024,11605,0.4856527358897027,-0.2621117899856887,1.6295050793385362,-2.891616869324224,0/9,-7.859541438647871
15,PL2,gb,score,all,0.05,fixed_hold,581,0.5645438898450946,-0.9296914648024794,1.787988030095477,-3.717679494897956,6/9,-1.2672569437902896,581,0.5731497418244407,-0.4877452553384282,1.7541567172826942,-3.2419019726211222,6/9,-1.1956824350483055
15,PL2,gb,score,all,0.05,barrier,581,0.5679862306368331,0.8542892907134692,1.787988030095477,-1.9336987393820075,4/9,-0.960124218178146,581,0.5697074010327022,0.6449606142017345,1.7541567172826942,-2.10919610308096,4/9,-1.0831945169705774
15,PL2,gb,score,all,0.1,fixed_hold,1161,0.5753660637381568,-0.3896787901931858,1.7221818287803043,-3.11186061897349,6/9,-1.1804950649105028,1161,0.5426356589147286,-0.94943218468413,1.7439592731139535,-3.693391457798082,4/9,-1.3827822131070873
15,PL2,gb,score,all,0.1,barrier,1161,0.5779500430663221,0.7180649110531216,1.7221818287803043,-2.0041169177271825,4/9,-1.3139635966536871,1161,0.5400516795865633,-0.1524100021811447,1.7439592731139535,-2.8963692752950982,4/9,-1.5525618192450945
15,PL2,gb,score,all,0.2,fixed_hold,2321,0.5700129254631624,0.1369757681018243,1.6838880993705123,-2.5469123312686883,4/9,-1.1785639401440244,2321,0.5402843601895735,-0.3073339403173435,1.6883335573628226,-2.995667497680166,2/9,-1.4365502639788708
15,PL2,gb,score,all,0.2,barrier,2321,0.5644118914261095,0.6080013593144058,1.6838880993705123,-2.075886740056107,2/9,-1.5604727997118346,2321,0.5385609651012495,-0.0145546191160751,1.6883335573628226,-2.702888176478897,1/9,-1.8976139061860315
15,PL2,gb,score,all,1.0,fixed_hold,11605,0.5439896596294701,0.6392724613574365,1.6295050793385362,-1.9902326179811,0/9,-2.846300721340543,11605,0.5231365790607497,-0.0168107070689215,1.6295050793385362,-2.6463157864074573,0/9,-3.902405790076963
15,PL2,gb,score,all,1.0,barrier,11605,0.532356742783283,0.4817195686834594,1.6295050793385362,-2.1477855106550763,0/9,-4.6129329880247765,11605,0.5118483412322274,0.0297831936841764,1.6295050793385362,-2.59972188565436,0/9,-5.525760132129048
15,PL2,gb,ev,all,0.05,fixed_hold,581,0.4647160068846815,-2.7723539790807155,2.146837579734996,-5.919191558815712,4/9,-1.1410101324094033,581,0.4561101549053356,-3.3472452071211376,2.2192838868800866,-6.566529094001225,2/9,-1.462101589416637
15,PL2,gb,ev,all,0.05,barrier,581,0.4905335628227194,-0.969242788967326,2.146837579734996,-4.116080368702322,3/9,-0.9568312469290808,581,0.4716006884681583,-1.7350340018367965,2.2192838868800866,-4.954317888716883,2/9,-1.3122932672231145
15,PL2,gb,ev,all,0.1,fixed_hold,1161,0.5176571920757967,-1.1329742957087243,2.100462501433761,-4.233436797142485,5/9,-1.0017383368399682,1161,0.4840654608096468,-2.28056425591034,2.1022736340031827,-5.382837889913524,3/9,-1.2805913133232592
15,PL2,gb,ev,all,0.1,barrier,1161,0.5228251507321274,-0.1764062490644617,2.100462501433761,-3.276868750498222,4/9,-1.1804139008300485,1161,0.4935400516795866,-1.1394789640839351,2.1022736340031827,-4.241752598087118,3/9,-1.492596278344526
15,PL2,gb,ev,all,0.2,fixed_hold,2321,0.5303748384317105,-0.8852581307643063,1.9145717226155985,-3.799829853379904,4/9,-1.3183361395687994,2321,0.5148642826367945,-1.5692083623146948,1.9286077576083536,-4.497816119923049,3/9,-1.7095768850335835
15,PL2,gb,ev,all,0.2,barrier,2321,0.5234812580784145,-0.0424569147408196,1.9145717226155985,-2.957028637356418,2/9,-1.684171689214625,2321,0.5140025850926325,-0.3190884712230108,1.9286077576083536,-3.2476962288313644,0/9,-2.03961805389704
15,PL2,gb,ev,all,1.0,fixed_hold,11605,0.5439896596294701,0.6392724613574365,1.6295050793385362,-1.9902326179811,0/9,-2.846300721340543,11605,0.5231365790607497,-0.0168107070689215,1.6295050793385362,-2.6463157864074573,0/9,-3.902405790076963
15,PL2,gb,ev,all,1.0,barrier,11605,0.532356742783283,0.4817195686834594,1.6295050793385362,-2.1477855106550763,0/9,-4.6129329880247765,11605,0.5118483412322274,0.0297831936841764,1.6295050793385362,-2.59972188565436,0/9,-5.525760132129048
15,PL2,lr,score,all,0.05,fixed_hold,581,0.5301204819277109,0.2954224835691365,1.6235979103667422,-2.328175426797606,2/9,-2.251601794023869,581,0.5611015490533563,0.5567452210525184,1.5792843260903493,-2.022539105037831,1/9,-1.670876986254857
15,PL2,lr,score,all,0.05,barrier,581,0.504302925989673,-0.2023505016434298,1.6235979103667422,-2.825948412010172,0/9,-3.58987859386146,581,0.5249569707401033,0.2932786950476754,1.5792843260903493,-2.286005631042673,1/9,-3.3791955716410382
15,PL2,lr,score,all,0.1,fixed_hold,1161,0.5193798449612403,-0.344498234356385,1.588822277727048,-2.933320512083433,1/9,-2.592486752095776,1161,0.5271317829457365,0.194507025270415,1.556142163119767,-2.361635137849352,1/9,-2.5274145131827
15,PL2,lr,score,all,0.1,barrier,1161,0.4961240310077519,-0.4176447191963066,1.588822277727048,-3.0064669969233546,0/9,-4.624544789754998,1161,0.5038759689922481,-0.1364724784658738,1.556142163119767,-2.692614641585641,0/9,-4.166515997431028
15,PL2,lr,score,all,0.2,fixed_hold,2321,0.5118483412322274,-0.2850618817363273,1.565685447390352,-2.850747329126679,0/9,-3.488109245018841,2321,0.5079707022834985,-0.3495931236200758,1.5505543056576183,-2.9001474292776943,0/9,-4.023523771609906
15,PL2,lr,score,all,0.2,barrier,2321,0.4954760878931495,-0.3774313403166271,1.565685447390352,-2.943116787706979,0/9,-4.96292548021359,2321,0.4915984489444205,-0.3632383468510173,1.5505543056576183,-2.9137926525086355,0/9,-5.334370006015399
15,PL2,lr,score,all,1.0,fixed_hold,11605,0.5016803102111159,-0.0388630753450052,1.6295050793385362,-2.668368154683541,0/9,-5.597803905509644,11605,0.5059026281775096,0.0358531309097008,1.6295050793385362,-2.593651948428835,0/9,-5.661960872039711
15,PL2,lr,score,all,1.0,barrier,11605,0.4903059026281775,-0.2808031843237206,1.6295050793385362,-2.910308263662256,0/9,-6.917228886582432,11605,0.4960792761740629,-0.10078509259092,1.6295050793385362,-2.730290171929456,0/9,-6.9815114656241954
15,PL2,lr,ev,all,0.05,fixed_hold,581,0.4939759036144578,-0.3281780707727302,1.934165810223008,-3.262343880995738,2/9,-1.4472372573142367,581,0.5060240963855421,0.546854896283841,1.9307245800012776,-2.3838696837174367,2/9,-1.0423954495219665
15,PL2,lr,ev,all,0.05,barrier,581,0.4750430292598967,-1.1728448194922665,1.934165810223008,-4.107010629715274,0/9,-2.6141442908335706,581,0.4905335628227194,-0.419910796281133,1.9307245800012776,-3.350635376282412,1/9,-2.422776420619271
15,PL2,lr,ev,all,0.1,fixed_hold,1161,0.4935400516795866,-0.4601300082870094,1.8960445678615017,-3.3561745761485104,3/9,-2.1940156680970646,1161,0.4995693367786391,-0.2456865240400359,1.844307689686484,-3.08999421372652,2/9,-2.132753444812082
15,PL2,lr,ev,all,0.1,barrier,1161,0.47114556416882,-1.1510332407104986,1.8960445678615017,-4.047077808572,1/9,-3.390674967596271,1161,0.491817398794143,-0.5380435159056766,1.844307689686484,-3.382351205592161,1/9,-2.940651865229289
15,PL2,lr,ev,all,0.2,fixed_hold,2321,0.5058164584230935,0.154295369237106,1.8322206374491905,-2.677925268212084,1/9,-2.2624051084063943,2321,0.5096940973718225,-0.0509533508808541,1.802211419061413,-2.853164769942267,2/9,-2.596340945761362
15,PL2,lr,ev,all,0.2,barrier,2321,0.4898750538560965,-0.4808432366429241,1.8322206374491905,-3.3130638740921143,0/9,-3.5092030898092776,2321,0.4898750538560965,-0.5750633535072853,1.802211419061413,-3.3772747725686982,0/9,-3.458377740450952
15,PL2,lr,ev,all,1.0,fixed_hold,11605,0.5016803102111159,-0.0388630753450052,1.6295050793385362,-2.668368154683541,0/9,-5.597803905509644,11605,0.5059026281775096,0.0358531309097008,1.6295050793385362,-2.593651948428835,0/9,-5.661960872039711
15,PL2,lr,ev,all,1.0,barrier,11605,0.4903059026281775,-0.2808031843237206,1.6295050793385362,-2.910308263662256,0/9,-6.917228886582432,11605,0.4960792761740629,-0.10078509259092,1.6295050793385362,-2.730290171929456,0/9,-6.9815114656241954
15,ALL,gb,score,all,0.05,fixed_hold,581,0.5507745266781411,0.5387698475463022,1.6139069333320344,-2.075137085785732,4/9,-1.1172588956187728,581,0.5817555938037866,1.5222628945889756,1.5878264526876729,-1.0655635580986973,6/9,-0.7501146796826087
15,ALL,gb,score,all,0.05,barrier,581,0.5542168674698795,0.2370630039850759,1.6139069333320344,-2.3768439293469585,4/9,-1.458680281442614,581,0.5989672977624785,1.9248017542807805,1.5878264526876729,-0.6630246984068926,5/9,-0.5673741893547419
15,ALL,gb,score,all,0.1,fixed_hold,1161,0.5676141257536607,0.7748107711808171,1.6090307904688186,-1.8342200192880012,4/9,-0.9675650126012688,1161,0.5633074935400517,0.9293529293088288,1.6076634465872206,-1.6783105172783923,4/9,-1.1781601579713372
15,ALL,gb,score,all,0.1,barrier,1161,0.5813953488372093,0.8982363241868407,1.6090307904688186,-1.710794466281978,3/9,-1.1261890919015247,1161,0.5805340223944875,1.2061959824649122,1.6076634465872206,-1.4014674641223093,5/9,-1.3738039513822802
15,ALL,gb,score,all,0.2,fixed_hold,2321,0.5639810426540285,0.8196975691930654,1.63665810758014,-1.8169605383870744,2/9,-1.458382416168543,2321,0.5592417061611374,0.3994620526808362,1.6105750014169034,-2.2111129487360675,3/9,-1.2891730300556643
15,ALL,gb,score,all,0.2,barrier,2321,0.5764756570443774,0.8539858067910188,1.63665810758014,-1.7826723007891212,2/9,-1.8029076669878468,2321,0.5704437742352434,0.510394499996512,1.6105750014169034,-2.100180501420392,3/9,-1.6515995219316977
15,ALL,gb,score,all,1.0,fixed_hold,11605,0.5146057733735458,0.1612071168273932,1.6295050793385362,-2.468297962511143,0/9,-6.43576842937712,11605,0.5178802240413615,0.2423077416572905,1.6295050793385362,-2.3871973376812456,0/9,-6.256047410683159
15,ALL,gb,score,all,1.0,barrier,11605,0.525463162429987,0.3550210551921156,1.6295050793385362,-2.27448402414642,0/9,-7.091748154983583,11605,0.524170616113744,0.3515438641299559,1.6295050793385362,-2.27796121520858,0/9,-7.36928987706419
15,ALL,gb,ev,all,0.05,fixed_hold,581,0.4182444061962134,-5.179664065940858,2.0615002106508022,-8.24116427659166,1/9,-1.679877693865052,581,0.4010327022375215,-6.858571004042211,2.1204050230815645,-9.978976027123776,0/9,-2.023612014416816
15,ALL,gb,ev,all,0.05,barrier,581,0.4543889845094664,-2.601318402739881,2.0615002106508022,-5.662818613390683,2/9,-1.4241671396372382,581,0.4423407917383821,-3.085347133636604,2.1204050230815645,-6.205752156718169,2/9,-1.619555192696025
15,ALL,gb,ev,pred_vol_high,0.05,fixed_hold,581,0.4182444061962134,-5.179664065940858,2.0615002106508022,-8.24116427659166,1/9,-1.679877693865052,581,0.4010327022375215,-6.858571004042211,2.1204050230815645,-9.978976027123776,0/9,-2.023612014416816
15,ALL,gb,ev,pred_vol_high,0.05,barrier,581,0.4543889845094664,-2.601318402739881,2.0615002106508022,-5.662818613390683,2/9,-1.4241671396372382,581,0.4423407917383821,-3.085347133636604,2.1204050230815645,-6.205752156718169,2/9,-1.619555192696025
15,ALL,gb,ev,all,0.1,fixed_hold,1161,0.4677002583979328,-2.5739739034467544,2.0552148123626552,-5.62918871580941,2/9,-1.9833711993163516,1161,0.4547803617571059,-4.191658781782419,2.036577518351109,-7.228236300133528,1/9,-1.9338236334158545
15,ALL,gb,ev,all,0.1,barrier,1161,0.4866494401378122,-0.979521358285188,2.0552148123626552,-4.034736170647842,1/9,-1.870139610653651,1161,0.4771748492678725,-1.7100583746790774,2.036577518351109,-4.746635893030186,2/9,-1.6729108540001931
15,ALL,gb,ev,pred_vol_high,0.1,fixed_hold,1155,0.4692640692640693,-2.529648548901394,2.0572762907928737,-5.586924839694268,2/9,-1.9636569405620377,1146,0.4537521815008726,-4.2245368105048495,2.041676112433059,-7.266212922937908,2/9,-1.9227732152182333
15,ALL,gb,ev,pred_vol_high,0.1,barrier,1155,0.4865800865800865,-0.9870616684061309,2.0572762907928737,-4.044337959199005,1/9,-1.8649556248494217,1146,0.4729493891797556,-1.813300711495014,2.041676112433059,-4.854976823928073,2/9,-1.693222490486061
15,ALL,gb,ev,all,0.2,fixed_hold,2321,0.5071090047393365,-0.8946849355786868,1.9469207492007952,-3.841605684779482,2/9,-2.263574359958577,2321,0.5161568289530375,-1.558660898161663,1.8958184353193577,-4.45447933348102,2/9,-1.9905291844404855
15,ALL,gb,ev,all,0.2,barrier,2321,0.5101249461439035,-0.1102865226395005,1.9469207492007952,-3.057207271840296,1/9,-2.481109768094721,2321,0.5196036191296854,-0.4652206159486201,1.8958184353193577,-3.3610390512679778,1/9,-2.1847570927289324
15,ALL,gb,ev,pred_vol_high,0.2,fixed_hold,2134,0.4967197750702905,-1.3071498252627565,1.9755232186568352,-4.282673043919592,1/9,-2.3697352273180625,2059,0.4963574550752793,-2.2649882381509148,1.9237165770853852,-5.188704815236301,2/9,-2.089558403971012
15,ALL,gb,ev,pred_vol_high,0.2,barrier,2134,0.4976569821930646,-0.4102351666496481,1.9755232186568352,-3.385758385306484,0/9,-2.515349107509739,2059,0.4973288003885381,-0.9807978294776136,1.9237165770853852,-3.904514406562999,0/9,-2.2633189016298743
15,ALL,gb,ev,all,1.0,fixed_hold,11605,0.5146057733735458,0.1612071168273932,1.6295050793385362,-2.468297962511143,0/9,-6.43576842937712,11605,0.5178802240413615,0.2423077416572905,1.6295050793385362,-2.3871973376812456,0/9,-6.256047410683159
15,ALL,gb,ev,all,1.0,barrier,11605,0.525463162429987,0.3550210551921156,1.6295050793385362,-2.27448402414642,0/9,-7.091748154983583,11605,0.524170616113744,0.3515438641299559,1.6295050793385362,-2.27796121520858,0/9,-7.36928987706419
15,ALL,gb,ev,pred_vol_high,1.0,fixed_hold,5803,0.4968119937963122,-0.182418722322479,1.845688604822461,-3.02810732714494,1/9,-2.729211059835387,5803,0.5073237980354989,0.159841026934888,1.842070491802961,-2.6822294648680733,1/9,-2.671984856199704
15,ALL,gb,ev,pred_vol_high,1.0,barrier,5803,0.5085300706531105,0.1384639149238314,1.845688604822461,-2.70722468989863,0/9,-3.2706106316594763,5803,0.5135274857832156,0.236710130024222,1.842070491802961,-2.605360361778739,0/9,-3.260062220468092
15,ALL,lr,score,all,0.05,fixed_hold,581,0.5507745266781411,0.994160881231349,1.3044959835177703,-1.3103351022864214,1/9,-3.26211862508595,581,0.5697074010327022,1.6999683819633586,1.2512217610939964,-0.5512533791306375,4/9,-1.24594926445717
15,ALL,lr,score,all,0.05,barrier,581,0.5628227194492255,0.8497164035035278,1.3044959835177703,-1.454779580014243,1/9,-4.227456425164494,581,0.5800344234079173,1.3154726350419488,1.2512217610939964,-0.9357491260520474,2/9,-2.558601699209165
15,ALL,lr,score,all,0.1,fixed_hold,1161,0.5297157622739018,0.6727742232733145,1.3263648462479924,-1.653590622974678,0/9,-4.1462251776173416,1161,0.5279931093884582,0.6733674293192453,1.312808846738017,-1.6394414174187717,0/9,-4.336533987068778
15,ALL,lr,score,all,0.1,barrier,1161,0.5469422911283376,0.4465483511517396,1.3263648462479924,-1.8798164950962524,0/9,-4.04819542133297,1161,0.5417743324720069,0.4534971813663176,1.312808846738017,-1.8593116653716992,0/9,-4.60454593889603
15,ALL,lr,score,all,0.2,fixed_hold,2321,0.5208961654459284,0.2379666148291304,1.414139756537018,-2.176173141707887,0/9,-4.226155028432678,2321,0.5243429556225765,0.3922442419664426,1.397215242415124,-2.004971000448682,0/9,-4.4971913595553135
15,ALL,lr,score,all,0.2,barrier,2321,0.5282205945713054,0.2153586762397862,1.414139756537018,-2.1987810802972314,0/9,-3.922812825949015,2321,0.5316673847479535,0.3578177666977473,1.397215242415124,-2.039397475717377,0/9,-3.935053370803328
15,ALL,lr,score,all,1.0,fixed_hold,11605,0.5151227919000431,0.2184062903256615,1.6295050793385362,-2.411098789012874,0/9,-5.449373755769622,11605,0.5148642826367945,0.18757540973356,1.6295050793385362,-2.441929669604976,0/9,-6.219816399836239
15,ALL,lr,score,all,1.0,barrier,11605,0.5202068074105989,0.2535510510730412,1.6295050793385362,-2.375954028265495,0/9,-6.399057206318387,11605,0.5218440327445066,0.2743209988039968,1.6295050793385362,-2.355184080534539,0/9,-6.713677015088906
15,ALL,lr,ev,all,0.05,fixed_hold,581,0.4733218588640275,-0.8351983400182411,1.77254265874724,-3.6077409987654816,1/9,-1.3150207476142364,581,0.487091222030981,-0.5129638127770443,1.719366662044964,-3.232330474822008,1/9,-1.538649022834519
15,ALL,lr,ev,all,0.05,barrier,581,0.487091222030981,-0.3144642876915527,1.77254265874724,-3.0870069464387924,1/9,-1.6134629167821042,581,0.4905335628227194,-0.3116789151754367,1.719366662044964,-3.031045577220401,1/9,-1.795673079244123
15,ALL,lr,ev,pred_vol_high,0.05,fixed_hold,559,0.4704830053667262,-0.7833855954257765,1.7755098677559435,-3.55889546318172,1/9,-1.235098167987643,562,0.4822064056939502,-0.6263003772734581,1.7258595799195795,-3.352159957193037,1/9,-1.5718481087671097
15,ALL,lr,ev,pred_vol_high,0.05,barrier,559,0.4830053667262969,-0.4098826661883306,1.7755098677559435,-3.185392533944274,1/9,-1.5994144568211606,562,0.4857651245551601,-0.4488098388286585,1.7258595799195795,-3.174669418748238,1/9,-1.8442466160415727
15,ALL,lr,ev,all,0.1,fixed_hold,1161,0.4987080103359173,0.1074510561522916,1.7812121341429914,-2.673761077990699,2/9,-1.5680362443488725,1161,0.4961240310077519,-0.2815813657362627,1.7113777617942287,-2.9929591275304914,2/9,-1.832564709118242
15,ALL,lr,ev,all,0.1,barrier,1161,0.5047372954349698,0.1137940881112729,1.7812121341429914,-2.667418046031718,1/9,-1.9834246269507128,1161,0.5047372954349698,-0.0046949381081251,1.7113777617942287,-2.7160726999023543,3/9,-2.06512915773374
15,ALL,lr,ev,pred_vol_high,0.1,fixed_hold,1022,0.4960861056751467,0.0615161363075286,1.8246871742677613,-2.763171037960233,2/9,-1.390043338772496,1010,0.494059405940594,-0.3369254324421124,1.750381035892122,-3.087306468334234,2/9,-1.73187446855049
15,ALL,lr,ev,pred_vol_high,0.1,barrier,1022,0.4990215264187866,-0.0339556262378488,1.8246871742677613,-2.85864280050561,1/9,-1.8923517883344376,1010,0.500990099009901,-0.1449679816006381,1.750381035892122,-2.89534901749276,1/9,-2.0272135760144305
15,ALL,lr,ev,all,0.2,fixed_hold,2321,0.5045239121068505,0.0489138817944123,1.7404809278366504,-2.691567046042238,2/9,-2.2050854343960418,2321,0.5122791900043084,0.173400503599509,1.707608215539521,-2.534207711940012,2/9,-2.1319018969414167
15,ALL,lr,ev,all,0.2,barrier,2321,0.5096940973718225,0.0729549324835308,1.7404809278366504,-2.6675259953531203,1/9,-2.762162646118905,2321,0.5165876777251185,0.2624745604963427,1.707608215539521,-2.4451336550431786,1/9,-2.4476798833856224
15,ALL,lr,ev,pred_vol_high,0.2,fixed_hold,1799,0.490272373540856,-0.074586345375123,1.838664762986887,-2.9132511083620107,2/9,-1.7435561546618945,1792,0.5078125,0.2376663847800803,1.807916927955222,-2.570250543175141,2/9,-1.5957099688270953
15,ALL,lr,ev,pred_vol_high,0.2,barrier,1799,0.4919399666481378,-0.2257812107676964,1.838664762986887,-3.0644459737545846,0/9,-2.536432568782528,1792,0.5066964285714286,0.1331783170458218,1.807916927955222,-2.6747386109094,0/9,-2.190245570877523
15,ALL,lr,ev,all,1.0,fixed_hold,11605,0.5151227919000431,0.2184062903256615,1.6295050793385362,-2.411098789012874,0/9,-5.449373755769622,11605,0.5148642826367945,0.18757540973356,1.6295050793385362,-2.441929669604976,0/9,-6.219816399836239
15,ALL,lr,ev,all,1.0,barrier,11605,0.5202068074105989,0.2535510510730412,1.6295050793385362,-2.375954028265495,0/9,-6.399057206318387,11605,0.5218440327445066,0.2743209988039968,1.6295050793385362,-2.355184080534539,0/9,-6.713677015088906
15,ALL,lr,ev,pred_vol_high,1.0,fixed_hold,5803,0.497845941754265,0.0267594960077991,1.845688604822461,-2.8189291088146624,0/9,-2.6579066427608544,5803,0.4983629157332414,0.0546060049312651,1.842070491802961,-2.787464486871696,1/9,-2.700729266982613
15,ALL,lr,ev,pred_vol_high,1.0,barrier,5803,0.501292434947441,-0.0355745475239879,1.845688604822461,-2.88126315234645,0/9,-3.5574616524215594,5803,0.5031880062036878,-0.0187086200746127,1.842070491802961,-2.860779111877574,0/9,-3.5657008121431426
30,P,gb,score,all,0.05,fixed_hold,580,0.6879310344827586,4.504725645670657,1.5335655527811132,1.9711600928895443,7/9,0.4154127460888338,580,0.6155172413793103,-3.9557492824732554,1.5419855903075628,-6.497734872780818,6/9,-1.0077114088662018
30,P,gb,score,all,0.05,barrier,580,0.6586206896551724,2.821850558914003,1.5335655527811132,0.2882850061328899,6/9,0.0794138950953422,580,0.6137931034482759,-1.3810812089304996,1.5419855903075628,-3.9230667992380623,5/9,-0.9502386974286432
30,P,gb,score,all,0.1,fixed_hold,1166,0.6680960548885078,1.2708589303289937,1.5357220733146777,-1.2648631429856838,7/9,-0.2029896227809522,1159,0.5910267471958585,-2.683506045447599,1.482816592222707,-5.166322637670306,4/9,-1.104683673249425
30,P,gb,score,all,0.1,barrier,1166,0.6569468267581475,2.2248822051514763,1.5357220733146777,-0.3108398681632018,7/9,-0.0661989912255937,1159,0.5970664365832614,-0.7438282009463955,1.482816592222707,-3.2266447931691027,4/9,-0.9471895390979336
30,P,gb,score,all,0.2,fixed_hold,2318,0.6531492666091459,1.8271275464279813,1.5665639153167006,-0.7394363688887192,5/9,-0.1985150731571034,2318,0.5552200172562554,-2.170749120071403,1.5718769278292255,-4.742626047900629,4/9,-1.2108562039753783
30,P,gb,score,all,0.2,barrier,2318,0.6354616048317515,2.364698096661923,1.5665639153167006,-0.2018658186547769,6/9,-0.0713238250717019,2318,0.551337359792925,-0.5789566181595096,1.5718769278292255,-3.150833545988735,4/9,-1.250412506963083
30,P,gb,score,all,1.0,fixed_hold,11590,0.5576358930112165,1.085375246222221,1.630390209587965,-1.5450149633657435,4/9,-1.3214232137030204,11590,0.5286453839516825,-0.0544671265557451,1.630390209587965,-2.6848573361437102,2/9,-2.374132129783962
30,P,gb,score,all,1.0,barrier,11590,0.5541846419327006,1.1849425776728058,1.630390209587965,-1.445447631915159,3/9,-2.013771793429649,11590,0.5235547886108715,0.2556657883097176,1.630390209587965,-2.374724421278247,1/9,-3.758665994687551
30,P,gb,ev,all,0.05,fixed_hold,580,0.5413793103448276,-2.6055716335309147,1.955542348546212,-5.561113982077128,4/9,-0.4873714099885575,580,0.3879310344827586,-12.60689430717071,2.0983453464446584,-15.705239653615369,2/9,-1.5007236131055253
30,P,gb,ev,all,0.05,barrier,580,0.5241379310344828,-0.113311867551738,1.955542348546212,-3.0688542160979493,4/9,-0.359878314132773,580,0.3844827586206896,-7.210471798210456,2.0983453464446584,-10.308817144655112,2/9,-1.3244161739800908
30,P,gb,ev,all,0.1,fixed_hold,1159,0.5565142364106989,-1.3773281166557116,1.889589739848308,-4.266917856504017,4/9,-0.658094569643212,1159,0.4978429680759275,-4.37100905967058,1.9893771409307308,-7.36038620060131,5/9,-1.2336164091633923
30,P,gb,ev,all,0.1,barrier,1159,0.5418464193270061,-0.2253854688900402,1.889589739848308,-3.114975208738349,5/9,-0.6545970941174635,1159,0.4961173425366695,-1.9367426621153865,1.9893771409307308,-4.9261198030461175,3/9,-1.1829832220433114
30,P,gb,ev,all,0.2,fixed_hold,2318,0.5776531492666092,-0.2873375668762235,1.8225098136454512,-3.1098473805216744,4/9,-0.8522992023335766,2318,0.5099223468507333,-3.2834434132098798,1.8474404724713591,-6.130883885681238,4/9,-1.439423211679828
30,P,gb,ev,all,0.2,barrier,2318,0.5565142364106989,0.4744384949068171,1.8225098136454512,-2.348071318738634,3/9,-0.8526293125511343,2318,0.5012942191544435,-1.353893162635535,1.8474404724713591,-4.201333635106894,3/9,-1.4831148952266595
30,P,gb,ev,all,1.0,fixed_hold,11590,0.5576358930112165,1.085375246222221,1.630390209587965,-1.5450149633657435,4/9,-1.3214232137030204,11590,0.5286453839516825,-0.0544671265557451,1.630390209587965,-2.6848573361437102,2/9,-2.374132129783962
30,P,gb,ev,all,1.0,barrier,11590,0.5541846419327006,1.1849425776728058,1.630390209587965,-1.445447631915159,3/9,-2.013771793429649,11590,0.5235547886108715,0.2556657883097176,1.630390209587965,-2.374724421278247,1/9,-3.758665994687551
30,P,lr,score,all,0.05,fixed_hold,580,0.503448275862069,-0.1220136271526716,1.7729203159244027,-2.894933943077075,6/9,-0.3696166367563072,580,0.5086206896551724,-0.644388503754077,1.8248087039880487,-3.4691972077421243,6/9,-0.4650184255227704
30,P,lr,score,all,0.05,barrier,580,0.4948275862068965,-1.9104532893288548,1.7729203159244027,-4.683373605253258,5/9,-0.7953757896304863,580,0.506896551724138,-1.461094530322827,1.8248087039880487,-4.285903234310876,4/9,-0.7723966281560842
30,P,lr,score,all,0.1,fixed_hold,1159,0.4900776531492666,-2.1808281136578,1.763863090381732,-4.944691204039531,4/9,-0.8327754663569606,1159,0.4961173425366695,-1.8691360069845389,1.773922939061244,-4.643058946045783,6/9,-0.757565809274132
30,P,lr,score,all,0.1,barrier,1159,0.4883520276100086,-1.693096663334335,1.763863090381732,-4.456959753716066,4/9,-1.090476922988218,1159,0.5021570319240725,-1.3169882622748232,1.773922939061244,-4.090911201336068,4/9,-0.9975673601465896
30,P,lr,score,all,0.2,fixed_hold,2318,0.5224331320103538,-1.1429448070623085,1.711348819122089,-3.854293626184397,4/9,-0.9190727386329576,2318,0.5189818809318378,-1.3657945603721546,1.703243873778439,-4.069038434150594,4/9,-0.9942372160336502
30,P,lr,score,all,0.2,barrier,2318,0.5116479723899914,-0.5387840236164708,1.711348819122089,-3.25013284273856,3/9,-1.2792981259517222,2318,0.5150992234685073,-0.5678535618701529,1.703243873778439,-3.271097435648592,3/9,-1.3121834834359307
30,P,lr,score,all,1.0,fixed_hold,11590,0.5463330457290768,0.6944389377262606,1.630390209587965,-1.935951271861704,2/9,-1.8849039641320384,11590,0.5426229508196722,0.6784837838989851,1.630390209587965,-1.9519064256889795,2/9,-1.8392360746246088
30,P,lr,score,all,1.0,barrier,11590,0.5335634167385678,0.5852548768728381,1.630390209587965,-2.0451353327151263,0/9,-3.423335308876845,11590,0.5314063848144952,0.590052663855692,1.630390209587965,-2.0403375457322723,0/9,-3.112348700282347
30,P,lr,ev,all,0.05,fixed_hold,580,0.4672413793103448,-3.7770814169231,2.135932813198569,-6.913014230121668,4/9,-0.7195218891492785,580,0.4448275862068965,-4.985867563515896,2.16806174321934,-8.153929306735236,4/9,-0.8560573693757038
30,P,lr,ev,all,0.05,barrier,580,0.4862068965517241,-0.90170262098605,2.135932813198569,-4.037635434184618,4/9,-0.7452660814951441,580,0.4689655172413793,-1.8462618860084483,2.16806174321934,-5.014323629227788,4/9,-0.8451697514707341
30,P,lr,ev,all,0.1,fixed_hold,1159,0.4771354616048318,-3.871684721765826,2.064718804271274,-6.936403526037101,3/9,-0.9053132745334328,1159,0.4693701466781708,-4.783692689963043,2.051796987892204,-7.835489677855248,3/9,-0.9829710583584796
30,P,lr,ev,all,0.1,barrier,1159,0.4728213977566868,-1.127352855156356,2.064718804271274,-4.192071659427628,3/9,-0.9576739481633044,1159,0.4719585849870578,-1.3165499411209465,2.051796987892204,-4.36834692901315,3/9,-0.9431024163113216
30,P,lr,ev,all,0.2,fixed_hold,2318,0.5094909404659189,-1.910028603665609,1.9572414399559497,-4.867270043621559,3/9,-0.9706455280155194,2318,0.5064710957722174,-2.220785403096336,1.935800325218868,-5.156585728315204,3/9,-1.0743361386742916
30,P,lr,ev,all,0.2,barrier,2318,0.4935289042277825,-0.2341014333938961,1.9572414399559497,-3.191342873349847,3/9,-1.0580570922594696,2318,0.4930974978429681,-0.5230439161894429,1.935800325218868,-3.458844241408312,1/9,-1.24141279742519
30,P,lr,ev,all,1.0,fixed_hold,11590,0.5463330457290768,0.6944389377262606,1.630390209587965,-1.935951271861704,2/9,-1.8849039641320384,11590,0.5426229508196722,0.6784837838989851,1.630390209587965,-1.9519064256889795,2/9,-1.8392360746246088
30,P,lr,ev,all,1.0,barrier,11590,0.5335634167385678,0.5852548768728381,1.630390209587965,-2.0451353327151263,0/9,-3.423335308876845,11590,0.5314063848144952,0.590052663855692,1.630390209587965,-2.0403375457322723,0/9,-3.112348700282347
30,F,gb,score,all,0.05,fixed_hold,580,0.5758620689655173,2.579787326127858,1.6030758166256578,-0.0232884904977987,4/9,-0.0064321832918938,580,0.5120689655172413,-0.0612478743800371,1.6295800835992522,-2.6908279579792893,4/9,-0.5284549600146681
30,F,gb,score,all,0.05,barrier,580,0.6172413793103448,4.591052438296205,1.6030758166256578,1.987976621670548,5/9,0.9680010638573232,580,0.5103448275862069,1.2490712758721676,1.6295800835992522,-1.3805088077270844,4/9,-0.5221962362512195
30,F,gb,score,all,0.1,fixed_hold,1159,0.5642795513373597,3.062446074689088,1.5765093671581965,0.4859367075308899,4/9,0.2013523815190451,1181,0.519051651143099,0.9625091839696696,1.5875736008500323,-1.6250644168803616,4/9,-0.4386303284289146
30,F,gb,score,all,0.1,barrier,1159,0.5901639344262295,3.483000687444176,1.5765093671581965,0.9064913202859788,6/9,0.7287517582032091,1181,0.5436071126164268,2.1983610923972843,1.5875736008500323,-0.3892125084527486,5/9,-0.2264429451680519
30,F,gb,score,all,0.2,fixed_hold,2318,0.5250215703192407,0.6981905914752184,1.5959168300241613,-1.8977262385489424,3/9,-1.1707208722368134,2318,0.5522001725625539,2.004223117751141,1.6287629377219583,-0.6245398199708178,4/9,-0.3106189587559269
30,F,gb,score,all,0.2,barrier,2318,0.5349439171699741,1.24601329001751,1.5959168300241613,-1.3499035400066512,3/9,-2.109807562246895,2318,0.5608283002588438,2.2287340298574807,1.6287629377219583,-0.4000289078644777,5/9,-0.3678824346733561
30,F,gb,score,all,1.0,fixed_hold,11590,0.5177739430543572,0.0418807558645923,1.630390209587965,-2.588509453723372,1/9,-2.9674056571189285,11590,0.5151855047454702,-0.2663280211144506,1.630390209587965,-2.896718230702416,0/9,-4.267903341412013
30,F,gb,score,all,1.0,barrier,11590,0.5158757549611734,0.3182010231863357,1.630390209587965,-2.312189186401629,0/9,-6.431384149056852,11590,0.5129421915444349,0.0923914449599744,1.630390209587965,-2.5379987646279907,0/9,-8.701481140542212
30,F,gb,ev,all,0.05,fixed_hold,580,0.6172413793103448,6.040707924388075,1.76323293525554,3.277474989132536,5/9,1.6981121742799006,580,0.6224137931034482,5.363593679420389,1.8732552623234549,2.490338417096935,4/9,2.008320770030805
30,F,gb,ev,all,0.05,barrier,580,0.6517241379310345,6.1737220247877245,1.76323293525554,3.410489089532185,5/9,1.4635384560928784,580,0.6517241379310345,6.887024077859191,1.8732552623234549,4.013768815535735,6/9,2.6827622615450317
30,F,gb,ev,all,0.1,fixed_hold,1159,0.5539257981018119,1.7199131358609303,1.799214407245,-1.0793012713840695,2/9,-1.5841754861362307,1159,0.5470232959447799,-0.2667828400746245,1.877212464297802,-3.1439953043724267,2/9,-1.2294489564302438
30,F,gb,ev,all,0.1,barrier,1159,0.5849870578084556,3.0355037611892137,1.799214407245,0.2362893539442139,4/9,0.2423379033865831,1159,0.5780845556514237,3.0311690741310886,1.877212464297802,0.1539566098332867,5/9,0.1965509773667207
30,F,gb,ev,all,0.2,fixed_hold,2318,0.5306298533218292,-0.0506221027048272,1.7842144725751612,-2.834836575279988,1/9,-2.3306075758986315,2318,0.5258843830888698,-0.8519647635980633,1.8623334043053896,-3.714298167903452,1/9,-1.7275498130300917
30,F,gb,ev,all,0.2,barrier,2318,0.5448662640207075,1.3799648504948443,1.7842144725751612,-1.4042496220803165,2/9,-2.6859135283584195,2318,0.546160483175151,1.2979605759689778,1.8623334043053896,-1.5643728283364118,3/9,-1.697773729351168
30,F,gb,ev,all,1.0,fixed_hold,11590,0.5177739430543572,0.0418807558645923,1.630390209587965,-2.588509453723372,1/9,-2.9674056571189285,11590,0.5151855047454702,-0.2663280211144506,1.630390209587965,-2.896718230702416,0/9,-4.267903341412013
30,F,gb,ev,all,1.0,barrier,11590,0.5158757549611734,0.3182010231863357,1.630390209587965,-2.312189186401629,0/9,-6.431384149056852,11590,0.5129421915444349,0.0923914449599744,1.630390209587965,-2.5379987646279907,0/9,-8.701481140542212
30,F,lr,score,all,0.05,fixed_hold,580,0.6241379310344828,11.759023376054376,2.0339565044049457,8.725066871649432,6/9,1.197484637648015,580,0.6068965517241379,11.813345197182116,2.0367243355488625,8.776620861633255,6/9,1.1096344772182027
30,F,lr,score,all,0.05,barrier,580,0.6224137931034482,6.16673636392159,2.0339565044049457,3.132779859516644,6/9,0.7422715165409101,580,0.6241379310344828,6.399693891050886,2.0367243355488625,3.362969555502024,6/9,0.7242222161177474
30,F,lr,score,all,0.1,fixed_hold,1159,0.5987920621225195,8.149109586505654,1.872452507288988,5.276657079216665,6/9,1.1039708527826682,1159,0.6091458153580673,8.520004034018772,1.8889716695924357,5.631032364426337,7/9,1.1208528129131117
30,F,lr,score,all,0.1,barrier,1159,0.5918895599654875,4.309521145473775,1.872452507288988,1.4370686381847877,6/9,0.5555591097875099,1159,0.6074201898188093,4.818702497503335,1.8889716695924357,1.9297308279109,7/9,0.6943322643498425
30,F,lr,score,all,0.2,fixed_hold,2318,0.600086281276963,5.305380851358265,1.7602292170812155,2.5451516342770497,7/9,0.9468176943418366,2318,0.6078515962036238,5.684979971723306,1.7602928883825597,2.924687083340745,7/9,0.975488833093178
30,F,lr,score,all,0.2,barrier,2318,0.591458153580673,3.067635580089771,1.7602292170812155,0.3074063630085559,7/9,0.2026060027184116,2318,0.6035375323554789,3.3045949169000206,1.7602928883825597,0.5443020285174612,7/9,0.3426071547072314
30,F,lr,score,all,1.0,fixed_hold,11590,0.5346850733390854,1.5989006900714784,1.630390209587965,-1.0314895195164868,3/9,-1.0087934201073878,11590,0.5320966350301984,1.3453465635604962,1.630390209587965,-1.2850436460274688,3/9,-1.73669796321175
30,F,lr,score,all,1.0,barrier,11590,0.5382226056945643,1.0362131460166342,1.630390209587965,-1.5941770635713304,2/9,-2.861642371824439,11590,0.537618636755824,0.9497368274315732,1.630390209587965,-1.6806533821563912,1/9,-3.5059707425401534
30,F,lr,ev,all,0.05,fixed_hold,580,0.6344827586206897,12.32397253659406,2.3032224335966887,9.020750102997372,5/9,1.0251903030080276,580,0.6206896551724138,11.683340198448263,2.252331865242198,8.431008333206067,5/9,0.957986435258656
30,F,lr,ev,all,0.05,barrier,580,0.6258620689655172,6.294504609300233,2.3032224335966887,2.991282175703545,5/9,0.6508295450942008,580,0.6241379310344828,6.555678981332715,2.252331865242198,3.3033471160905163,5/9,0.7071439656473255
30,F,lr,ev,all,0.1,fixed_hold,1159,0.6177739430543572,8.678775679522516,2.083496128414726,5.595279551107791,5/9,1.0993889547893316,1159,0.6125970664365833,8.463776165294375,2.0599377800374654,5.40383838525691,5/9,1.0233470342551625
30,F,lr,ev,all,0.1,barrier,1159,0.6264020707506471,5.704359972001391,2.083496128414726,2.620863843586664,5/9,0.9040541816709634,1159,0.6229508196721312,5.680265224816846,2.0599377800374654,2.620327444779382,5/9,0.905991138800037
30,F,lr,ev,all,0.2,fixed_hold,2318,0.589732528041415,5.900320129249894,1.9014079444997405,2.9989121847501545,6/9,0.928590087724875,2318,0.5789473684210527,6.012406072716241,1.87481593064334,3.137590142072901,6/9,1.036126730233126
30,F,lr,ev,all,0.2,barrier,2318,0.5944779982743744,3.948473905652389,1.9014079444997405,1.0470659611526485,6/9,0.5870045180916741,2318,0.5811044003451251,3.579059303114182,1.87481593064334,0.7042433724708421,4/9,0.3778750202061266
30,F,lr,ev,all,1.0,fixed_hold,11590,0.5346850733390854,1.5989006900714784,1.630390209587965,-1.0314895195164868,3/9,-1.0087934201073878,11590,0.5320966350301984,1.3453465635604962,1.630390209587965,-1.2850436460274688,3/9,-1.73669796321175
30,F,lr,ev,all,1.0,barrier,11590,0.5382226056945643,1.0362131460166342,1.630390209587965,-1.5941770635713304,2/9,-2.861642371824439,11590,0.537618636755824,0.9497368274315732,1.630390209587965,-1.6806533821563912,1/9,-3.5059707425401534
30,B,gb,score,all,0.05,fixed_hold,580,0.5568965517241379,3.946687230145593,1.365267547276023,1.58141968286957,5/9,0.8104529033443986,582,0.5670103092783505,6.344613415331739,1.4203789349032525,3.924234480428486,6/9,1.4959885710787153
30,B,gb,score,all,0.05,barrier,580,0.5758620689655173,2.00988447208424,1.365267547276023,-0.3553830751917825,5/9,-0.3105619126902634,582,0.5824742268041238,2.996407159713918,1.4203789349032525,0.5760282248106654,4/9,0.4463357245382466
30,B,gb,score,all,0.1,fixed_hold,1161,0.5710594315245479,5.127469898728763,1.389268914003873,2.7382009847248883,7/9,1.247511203461169,1160,0.5525862068965517,5.171245920562456,1.4760456634196657,2.695200257142791,6/9,1.4032247163554556
30,B,gb,score,all,0.1,barrier,1161,0.5770887166236004,2.457794060891336,1.389268914003873,0.0685251468874632,6/9,0.0721653968116831,1160,0.5741379310344827,2.5379210992557093,1.4760456634196657,0.0618754358360433,5/9,0.0626389607130879
30,B,gb,score,all,0.2,fixed_hold,2319,0.5416127641224666,3.609611974563809,1.4779426800199411,1.1316692945438689,6/9,0.6634426329793499,2318,0.5409836065573771,3.346313542241257,1.470205768699194,0.8761077735420633,4/9,0.6181796441351679
30,B,gb,score,all,0.2,barrier,2319,0.5416127641224666,1.4185258825344818,1.4779426800199411,-1.0594167974854594,4/9,-1.3380989325902752,2318,0.5509059534081104,1.5878005945381566,1.470205768699194,-0.8824051741610378,3/9,-1.230474111552132
30,B,gb,score,all,1.0,fixed_hold,11590,0.5103537532355479,-0.0052021191712138,1.630390209587965,-2.6355923287591785,1/9,-4.138443088409662,11590,0.5103537532355479,-0.0052021191712138,1.630390209587965,-2.6355923287591785,1/9,-4.138443088409662
30,B,gb,score,all,1.0,barrier,11590,0.5270060396893874,0.3468974258856978,1.630390209587965,-2.283492783702267,0/9,-3.891827478858957,11590,0.5270060396893874,0.3468974258856978,1.630390209587965,-2.283492783702267,0/9,-3.891827478858957
30,B,gb,ev,all,0.05,fixed_hold,580,0.4637931034482758,0.8999380126923162,1.7216430563851133,-1.8217050436927984,2/9,-0.3419646665289681,580,0.4844827586206897,1.8753311373052644,1.725766123501546,-0.8504349861962816,2/9,-0.16299215313819
30,B,gb,ev,all,0.05,barrier,580,0.4344827586206896,-1.4908462370189093,1.7216430563851133,-4.212489293404023,2/9,-0.8981462167815669,580,0.4620689655172413,-0.2401900286437459,1.725766123501546,-2.965956152145292,2/9,-0.6472502546855523
30,B,gb,ev,all,0.1,fixed_hold,1159,0.4874892148403796,-0.5395096213662215,1.8199187038601616,-3.3594283252263835,3/9,-0.5780293936469191,1159,0.4969801553062985,-0.4253057665601915,1.822920543598684,-3.2482263101588758,4/9,-0.5514970138059986
30,B,gb,ev,all,0.1,barrier,1159,0.4771354616048318,-0.3533116241347125,1.8199187038601616,-3.173230327994873,2/9,-0.752759158758341,1159,0.4840379637618637,-0.2018148335860827,1.822920543598684,-3.024735377184767,3/9,-0.7397097105764961
30,B,gb,ev,all,0.2,fixed_hold,2318,0.4408973252804141,-4.598673357427534,1.8701659697656516,-7.468839327193184,2/9,-1.4555868563776586,2318,0.4400345125107852,-4.458675780951037,1.8657565289232192,-7.324432309874255,2/9,-1.4152095200196428
30,B,gb,ev,all,0.2,barrier,2318,0.45297670405522,-2.1366380995325907,1.8701659697656516,-5.006804069298242,2/9,-1.48955735461369,2318,0.4499568593615185,-2.3479980449708817,1.8657565289232192,-5.213754573894101,2/9,-1.511079237158688
30,B,gb,ev,all,1.0,fixed_hold,11590,0.5103537532355479,-0.0052021191712138,1.630390209587965,-2.6355923287591785,1/9,-4.138443088409662,11590,0.5103537532355479,-0.0052021191712138,1.630390209587965,-2.6355923287591785,1/9,-4.138443088409662
30,B,gb,ev,all,1.0,barrier,11590,0.5270060396893874,0.3468974258856978,1.630390209587965,-2.283492783702267,0/9,-3.891827478858957,11590,0.5270060396893874,0.3468974258856978,1.630390209587965,-2.283492783702267,0/9,-3.891827478858957
30,B,lr,score,all,0.05,fixed_hold,580,0.5051724137931034,0.1274888766355298,1.9231716499586995,-2.7956827733231697,2/9,-1.456174688672555,580,0.4913793103448275,-0.2719461159891032,2.019640995533151,-3.291587111522255,2/9,-1.562002526054793
30,B,lr,score,all,0.05,barrier,580,0.5293103448275862,0.9549498432503708,1.9231716499586995,-1.9682218067083288,1/9,-1.4270538009827962,580,0.5189655172413793,0.9243905588649024,2.019640995533151,-2.0952504366682487,2/9,-1.1956769745189149
30,B,lr,score,all,0.1,fixed_hold,1159,0.4987057808455565,-0.6465937412656299,1.874241579064352,-3.5208353203299825,2/9,-2.161921405740035,1159,0.4926660914581536,-0.9271145660698722,1.9157900702292143,-3.842904636299087,1/9,-2.3708139432310253
30,B,lr,score,all,0.1,barrier,1159,0.5125107851596203,0.5270120450043313,1.874241579064352,-2.3472295340600207,2/9,-1.775708436438293,1159,0.5133735979292493,0.5167402443315926,1.9157900702292143,-2.399049825897622,2/9,-1.7348514299426694
30,B,lr,score,all,0.2,fixed_hold,2318,0.5047454702329595,-0.3227649214362376,1.7255034207495772,-3.048268342185815,0/9,-3.1820383088209505,2318,0.5081967213114754,-0.2362975585560774,1.7319164930511994,-2.968214051607277,0/9,-3.038152608857075
30,B,lr,score,all,0.2,barrier,2318,0.5220017256255393,0.372079421332141,1.7255034207495772,-2.353423999417436,1/9,-2.6248242827600823,2318,0.5258843830888698,0.4256598052061305,1.7319164930511994,-2.306256687845069,1/9,-2.632482050464904
30,B,lr,score,all,1.0,fixed_hold,11590,0.5062122519413287,-0.1420764380737605,1.630390209587965,-2.772466647661725,0/9,-4.84369874781331,11590,0.5097497842968076,-0.0505854447428633,1.630390209587965,-2.680975654330828,1/9,-4.298010049327298
30,B,lr,score,all,1.0,barrier,11590,0.5214840379637619,0.1602091444942296,1.630390209587965,-2.4701810650937355,0/9,-4.756143120383897,11590,0.5255392579810181,0.2954653347542241,1.630390209587965,-2.334924874833741,0/9,-4.020999370152683
30,B,lr,ev,all,0.05,fixed_hold,580,0.4775862068965517,-2.642523901031395,1.7331665746377571,-5.375690475669153,3/9,-1.1553829826139648,580,0.4879310344827586,-2.4784159678163404,1.7205414773923091,-5.19895744520865,3/9,-1.1060383440730357
30,B,lr,ev,all,0.05,barrier,580,0.4741379310344827,-1.298026703301038,1.7331665746377571,-4.031193277938795,3/9,-1.1692400193850745,580,0.4775862068965517,-1.06839430820625,1.7205414773923091,-3.78893578559856,3/9,-1.1405021942966134
30,B,lr,ev,all,0.1,fixed_hold,1159,0.4736842105263157,-2.896630405132738,1.7019424242226862,-5.598572829355424,2/9,-1.6801989974968827,1159,0.4771354616048318,-2.3147685497711685,1.7384796067564388,-5.053248156527608,3/9,-1.3730512345196502
30,B,lr,ev,all,0.1,barrier,1159,0.4693701466781708,-1.5541411206210418,1.7019424242226862,-4.256083544843727,1/9,-1.7798356050917497,1159,0.4814495254529767,-0.90985636861865,1.7384796067564388,-3.648335975375089,2/9,-1.4977392117532935
30,B,lr,ev,all,0.2,fixed_hold,2318,0.4723899913718723,-2.2342908365297625,1.7058365408572942,-4.940127377387058,4/9,-1.952669949672468,2318,0.4771354616048318,-1.7428213859815544,1.731004143608358,-4.473825529589913,2/9,-1.8625198072573348
30,B,lr,ev,all,0.2,barrier,2318,0.4689387402933563,-1.5505030060616651,1.7058365408572942,-4.25633954691896,2/9,-2.2035728132179235,2318,0.4805867126833477,-1.0331016986545531,1.731004143608358,-3.764105842262911,2/9,-1.9877190179731417
30,B,lr,ev,all,1.0,fixed_hold,11590,0.5062122519413287,-0.1420764380737605,1.630390209587965,-2.772466647661725,0/9,-4.84369874781331,11590,0.5097497842968076,-0.0505854447428633,1.630390209587965,-2.680975654330828,1/9,-4.298010049327298
30,B,lr,ev,all,1.0,barrier,11590,0.5214840379637619,0.1602091444942296,1.630390209587965,-2.4701810650937355,0/9,-4.756143120383897,11590,0.5255392579810181,0.2954653347542241,1.630390209587965,-2.334924874833741,0/9,-4.020999370152683
30,L2,gb,score,all,0.05,fixed_hold,580,0.4793103448275862,-0.7715720292078413,2.2457154709803677,-4.017287500188208,2/9,-1.0293006220872312,580,0.4586206896551724,-1.8976055840422448,2.2231701918697677,-5.120775775912013,3/9,-1.173599730896413
30,L2,gb,score,all,0.05,barrier,580,0.4862068965517241,-0.3970057615392504,2.2457154709803677,-3.642721232519618,2/9,-1.4994828465810826,580,0.4827586206896552,-0.6144104993017053,2.2231701918697677,-3.837580691171473,2/9,-1.7215714520691725
30,L2,gb,score,all,0.1,fixed_hold,1159,0.4857635893011217,-0.5492939666762531,2.099145768264629,-3.648439734940882,1/9,-1.228555515196502,1159,0.4728213977566868,-1.3793485105065435,2.170234551163581,-4.549583061670125,3/9,-1.206533664502232
30,L2,gb,score,all,0.1,barrier,1159,0.5064710957722174,0.2580935175607715,2.099145768264629,-2.8410522507038567,1/9,-1.5849067827100152,1159,0.5012942191544435,0.1854369570893341,2.170234551163581,-2.9847975940742475,2/9,-1.5687171710425118
30,L2,gb,score,all,0.2,fixed_hold,2318,0.4866264020707506,-1.2122817762939562,1.9489175653304585,-4.161199341624415,1/9,-2.060585104895617,2318,0.4840379637618637,-1.191016160774687,2.01016627379652,-4.201182434571207,3/9,-1.6433600905967385
30,L2,gb,score,all,0.2,barrier,2318,0.506039689387403,0.0099394786609113,1.9489175653304585,-2.938978086669547,1/9,-2.3601838710849963,2318,0.501725625539258,-0.244874017562019,2.01016627379652,-3.255040291358538,2/9,-2.176876237955274
30,L2,gb,score,all,1.0,fixed_hold,11590,0.508541846419327,-0.0392103592530678,1.630390209587965,-2.6696005688410325,0/9,-4.6885088137748365,11590,0.5067299396031061,0.145574556713168,1.630390209587965,-2.484815652874797,0/9,-4.661496117377852
30,L2,gb,score,all,1.0,barrier,11590,0.5144952545297671,0.3129117618646724,1.630390209587965,-2.3174784477232926,0/9,-5.223864688396548,11590,0.5197584124245039,0.4608380816831142,1.630390209587965,-2.16955212790485,0/9,-4.246657321167103
30,L2,gb,ev,all,0.05,fixed_hold,580,0.4758620689655172,-0.4850433744985206,2.4050791517894385,-3.89012252628796,4/9,-0.504405517239289,580,0.4620689655172413,-2.12179974403584,2.378180901499904,-5.499980645535743,3/9,-0.6863689734366651
30,L2,gb,ev,all,0.05,barrier,580,0.4862068965517241,-0.0901445097889873,2.4050791517894385,-3.495223661578426,3/9,-0.6508215874809716,580,0.4844827586206897,-0.0504422538880866,2.378180901499904,-3.42862315538799,2/9,-0.6223451285281404
30,L2,gb,ev,all,0.1,fixed_hold,1159,0.4736842105263157,-2.214935025178395,2.257978665084151,-5.472913690262545,2/9,-1.0236736674269868,1159,0.4624676445211389,-3.105934182709526,2.266714708093075,-6.372648890802601,2/9,-1.1711095047230236
30,L2,gb,ev,all,0.1,barrier,1159,0.4952545297670405,-0.2123630547073954,2.257978665084151,-3.4703417197915463,2/9,-0.953430563806374,1159,0.4745470232959448,-1.2231211340831472,2.266714708093075,-4.489835842176221,2/9,-1.3132965270766817
30,L2,gb,ev,all,0.2,fixed_hold,2318,0.4779982743744607,-1.665531993912398,2.044919700554718,-4.710451694467117,1/9,-1.521986113017324,2318,0.4667817083692838,-2.0012436269494622,2.0752471360281546,-5.076490762977616,1/9,-1.6079777427201714
30,L2,gb,ev,all,0.2,barrier,2318,0.4918032786885246,-0.1916751512758403,2.044919700554718,-3.2365948518305587,1/9,-1.5866287546697189,2318,0.4827437446074202,-0.6311657746141823,2.0752471360281546,-3.706412910642338,1/9,-1.7379787316551014
30,L2,gb,ev,all,1.0,fixed_hold,11590,0.508541846419327,-0.0392103592530678,1.630390209587965,-2.6696005688410325,0/9,-4.6885088137748365,11590,0.5067299396031061,0.145574556713168,1.630390209587965,-2.484815652874797,0/9,-4.661496117377852
30,L2,gb,ev,all,1.0,barrier,11590,0.5144952545297671,0.3129117618646724,1.630390209587965,-2.3174784477232926,0/9,-5.223864688396548,11590,0.5197584124245039,0.4608380816831142,1.630390209587965,-2.16955212790485,0/9,-4.246657321167103
30,L2,lr,score,all,0.05,fixed_hold,580,0.4637931034482758,-3.2431179811949207,1.7283193674646928,-5.971437348659613,0/9,-3.420856378478604,580,0.4637931034482758,-2.167330554830772,1.744450643883288,-4.91178119871406,0/9,-3.156330220270191
30,L2,lr,score,all,0.05,barrier,580,0.4586206896551724,-1.203672300190489,1.7283193674646928,-3.931991667655181,0/9,-3.829459952873808,580,0.4568965517241379,-0.7747042524449688,1.744450643883288,-3.519154896328257,1/9,-2.985701926350467
30,L2,lr,score,all,0.1,fixed_hold,1159,0.4659188955996549,-2.433430204491237,1.724811439419644,-5.158241643910881,0/9,-3.0327039065425985,1159,0.4728213977566868,-1.5648143381079036,1.684610133442222,-4.249424471550126,0/9,-2.9892620460865453
30,L2,lr,score,all,0.1,barrier,1159,0.452113891285591,-1.2689145402762163,1.724811439419644,-3.993725979695861,0/9,-3.5840820128749478,1159,0.4564279551337359,-0.8767776536223864,1.684610133442222,-3.5613877870646085,1/9,-3.3685565868774328
30,L2,lr,score,all,0.2,fixed_hold,2318,0.4650560828300258,-1.737922253178158,1.7061096858991616,-4.44403193907732,0/9,-3.5641443104514576,2318,0.4801553062985332,-1.0123540141689005,1.6905685433466808,-3.7029225575155817,0/9,-3.3085798630340286
30,L2,lr,score,all,0.2,barrier,2318,0.4577221742881794,-0.9630169761246452,1.7061096858991616,-3.6691266620238063,0/9,-4.476662352404851,2318,0.4715271786022433,-0.5381000875409484,1.6905685433466808,-3.2286686308876296,0/9,-4.551571208920179
30,L2,lr,score,all,1.0,fixed_hold,11590,0.4878343399482312,-0.5426248256891343,1.630390209587965,-3.1730150352770985,0/9,-6.623845728153299,11590,0.4949956859361518,-0.4019634739631296,1.630390209587965,-3.0323536835510945,0/9,-6.400786596556443
30,L2,lr,score,all,1.0,barrier,11590,0.4788610871440897,-0.5325974150113053,1.630390209587965,-3.16298762459927,0/9,-8.306143813800466,11590,0.4916307161345988,-0.1797847908357623,1.630390209587965,-2.810175000423727,0/9,-8.646778363347229
30,L2,lr,ev,all,0.05,fixed_hold,580,0.4862068965517241,-0.7683649237222618,2.0482696343556284,-3.8166345580778898,2/9,-1.209394076009495,580,0.4948275862068965,0.3145590192624533,2.019191428435567,-2.704632409173114,2/9,-1.0437980413534214
30,L2,lr,ev,all,0.05,barrier,580,0.4793103448275862,-0.954879764624234,2.0482696343556284,-4.003149398979862,1/9,-1.7395085382695392,580,0.4862068965517241,-0.927977484309312,2.019191428435567,-3.94716891274488,1/9,-1.9095449805145903
30,L2,lr,ev,all,0.1,fixed_hold,1159,0.4702329594477998,-1.0478053650518724,1.954548834529631,-4.002354199581503,2/9,-1.9862736891903183,1159,0.5090595340811044,0.8125966013693474,1.946313855334988,-2.133717253965641,1/9,-1.4228329382654823
30,L2,lr,ev,all,0.1,barrier,1159,0.4702329594477998,-1.182636179571569,1.954548834529631,-4.1371850141012,0/9,-2.9502266467564904,1159,0.5047454702329595,0.1356363494557222,1.946313855334988,-2.8106775058792657,1/9,-2.6682880176451778
30,L2,lr,ev,all,0.2,fixed_hold,2318,0.4762726488352027,-1.0989430327867158,1.8739765122922365,-3.972919545078952,0/9,-2.947401657947234,2318,0.4935289042277825,-0.2560691340677706,1.870819450503276,-3.1268885845710463,1/9,-2.914574331754032
30,L2,lr,ev,all,0.2,barrier,2318,0.4767040552200172,-0.7736709297232812,1.8739765122922365,-3.6476474420155176,0/9,-3.5801754822933263,2318,0.4935289042277825,-0.1290730064963123,1.870819450503276,-2.9998924569995884,1/9,-3.5583377418204423
30,L2,lr,ev,all,1.0,fixed_hold,11590,0.4878343399482312,-0.5426248256891343,1.630390209587965,-3.1730150352770985,0/9,-6.623845728153299,11590,0.4949956859361518,-0.4019634739631296,1.630390209587965,-3.0323536835510945,0/9,-6.400786596556443
30,L2,lr,ev,all,1.0,barrier,11590,0.4788610871440897,-0.5325974150113053,1.630390209587965,-3.16298762459927,0/9,-8.306143813800466,11590,0.4916307161345988,-0.1797847908357623,1.630390209587965,-2.810175000423727,0/9,-8.646778363347229
30,PL2,gb,score,all,0.05,fixed_hold,580,0.7206896551724138,3.947130653742835,1.4853408960707406,1.4617897576720946,7/9,0.2580731308863299,580,0.603448275862069,-4.474087074696018,1.5255280160928426,-6.99961509078886,6/9,-1.0556756836875691
30,PL2,gb,score,all,0.05,barrier,580,0.6913793103448276,2.6583541238679738,1.4853408960707406,0.1730132277972322,7/9,0.0397446721092244,580,0.6086206896551725,-1.6427136524713044,1.5255280160928426,-4.168241668564147,6/9,-0.9185622659745402
30,PL2,gb,score,all,0.1,fixed_hold,1159,0.6505608283002589,0.1141411449263286,1.5026000032827684,-2.388458858356439,6/9,-0.351064025824107,1159,0.5901639344262295,-2.2730430960254107,1.4835962679100303,-4.756639363935441,5/9,-0.8540202769645895
30,PL2,gb,score,all,0.1,barrier,1159,0.6410698878343399,1.2862708519434105,1.5026000032827684,-1.2163291513393586,6/9,-0.2424040903050156,1159,0.5996548748921484,-0.4733262261236269,1.4835962679100303,-2.956922494033657,5/9,-0.7239057240893427
30,PL2,gb,score,all,0.2,fixed_hold,2318,0.6462467644521139,1.8875476932272224,1.5502725093983711,-0.6627248161711494,5/9,-0.1642912034513883,2318,0.5729076790336497,-1.301852849085356,1.573795047111548,-3.875647896196904,5/9,-0.9927968020452476
30,PL2,gb,score,all,0.2,barrier,2318,0.6298533218291631,2.2111016965557466,1.5502725093983711,-0.3391708128426249,6/9,-0.1124664778666402,2318,0.5660051768766178,-0.0740371477225075,1.573795047111548,-2.6478321948340557,5/9,-0.9942526652263016
30,PL2,gb,score,all,1.0,fixed_hold,11590,0.5610871440897325,1.3271673722767516,1.630390209587965,-1.3032228373112131,5/9,-1.083218684573025,11590,0.5304572907679034,0.1332246863192143,1.630390209587965,-2.4971655232687504,2/9,-2.084846845430167
30,PL2,gb,score,all,1.0,barrier,11590,0.5579810181190682,1.380840634663948,1.630390209587965,-1.2495495749240164,2/9,-1.7463679150460445,11590,0.5283865401207938,0.4282410941044492,1.630390209587965,-2.202149115483516,0/9,-3.3921167730164337
30,PL2,gb,ev,all,0.05,fixed_hold,580,0.5275862068965518,-2.8426602124287768,1.9369295159446072,-5.779589728373384,3/9,-0.4718341055375501,580,0.3896551724137931,-11.04668099338836,2.138629242481491,-14.185310235869853,3/9,-1.2104091206688707
30,PL2,gb,ev,all,0.05,barrier,580,0.5051724137931034,-0.8759005447329228,1.9369295159446072,-3.8128300606775296,3/9,-0.4314346250172447,580,0.3948275862068965,-6.341026871529019,2.138629242481491,-9.479656114010512,3/9,-1.1117720161480733
30,PL2,gb,ev,all,0.1,fixed_hold,1159,0.5936151855047455,1.4604568027432243,1.881436266168698,-1.4209794634254738,7/9,-0.1968696169325608,1159,0.5012942191544435,-3.6182648533424286,2.0069114059144137,-6.625176259256843,4/9,-1.0024529812323857
30,PL2,gb,ev,all,0.1,barrier,1159,0.5720448662640207,1.1573675124509295,1.881436266168698,-1.724068753717768,7/9,-0.3290437984700809,1159,0.4892148403796376,-1.8467714621192028,2.0069114059144137,-4.853682868033617,3/9,-1.0359054453776728
30,PL2,gb,ev,all,0.2,fixed_hold,2318,0.589732528041415,0.3167834249065639,1.8229304512658355,-2.506147026359271,5/9,-0.6680360311748359,2318,0.5366695427092321,-2.104804904239684,1.8414914395144564,-4.94629634375414,4/9,-1.1936925439503734
30,PL2,gb,ev,all,0.2,barrier,2318,0.5690250215703192,0.7660788954093296,1.8229304512658355,-2.0568515558565057,4/9,-0.7286642244418974,2318,0.5349439171699741,-0.1236059215035964,1.8414914395144564,-2.965097361018053,4/9,-1.1277963350931306
30,PL2,gb,ev,all,1.0,fixed_hold,11590,0.5610871440897325,1.3271673722767516,1.630390209587965,-1.3032228373112131,5/9,-1.083218684573025,11590,0.5304572907679034,0.1332246863192143,1.630390209587965,-2.4971655232687504,2/9,-2.084846845430167
30,PL2,gb,ev,all,1.0,barrier,11590,0.5579810181190682,1.380840634663948,1.630390209587965,-1.2495495749240164,2/9,-1.7463679150460445,11590,0.5283865401207938,0.4282410941044492,1.630390209587965,-2.202149115483516,0/9,-3.3921167730164337
30,PL2,lr,score,all,0.05,fixed_hold,580,0.5206896551724138,-1.8011908740667923,1.7269917257693468,-4.528182599836139,1/9,-1.7230254393611908,580,0.5344827586206896,-0.7531074922345655,1.7319456041889794,-3.4850530964235444,3/9,-1.2664628424450195
30,PL2,lr,score,all,0.05,barrier,580,0.4862068965517241,-1.1343489950637098,1.7269917257693468,-3.861340720833056,1/9,-2.864741737871934,580,0.5137931034482759,0.1181132965375291,1.7319456041889794,-2.61383230765145,3/9,-1.6079211583869288
30,PL2,lr,score,all,0.1,fixed_hold,1159,0.5125107851596203,-1.5096247146639723,1.711860236173807,-4.221484950837779,2/9,-2.13311771713515,1159,0.5107851596203624,-1.1141940072705228,1.6968216348620944,-3.811015642132617,2/9,-1.8843483991156
30,PL2,lr,score,all,0.1,barrier,1159,0.4969801553062985,-0.6988073176126356,1.711860236173807,-3.410667553786442,2/9,-3.0270085880997035,1159,0.4961173425366695,-0.3705159752046899,1.6968216348620944,-3.067337610066784,1/9,-2.5535885142188217
30,PL2,lr,score,all,0.2,fixed_hold,2318,0.5056082830025884,-1.423668466141299,1.731671700277519,-4.155340166418819,1/9,-2.820112275026274,2318,0.498274374460742,-1.3124709110874586,1.6867533734539646,-3.999224284541423,0/9,-3.0587191298957164
30,PL2,lr,score,all,0.2,barrier,2318,0.4926660914581536,-0.554886038038032,1.731671700277519,-3.286557738315551,0/9,-3.7011751810179656,2318,0.4887834339948231,-0.5602811703737868,1.6867533734539646,-3.247034543827751,0/9,-4.311667029473297
30,PL2,lr,score,all,1.0,fixed_hold,11590,0.5043140638481449,-0.5677741261244786,1.630390209587965,-3.1981643357124434,0/9,-4.377689107070866,11590,0.5056082830025884,-0.1631366085264398,1.630390209587965,-2.7935268181144046,0/9,-5.1555963552195125
30,PL2,lr,score,all,1.0,barrier,11590,0.4981018119068162,-0.1628718059802202,1.630390209587965,-2.793262015568185,0/9,-5.913714197601736,11590,0.5007765314926661,-0.0254249238714733,1.630390209587965,-2.6558151334594378,0/9,-7.360462380225512
30,PL2,lr,ev,all,0.05,fixed_hold,580,0.4706896551724138,-3.899859174702193,2.1528980702322253,-7.052757244934418,1/9,-2.049804049303501,580,0.5051724137931034,-0.9576044451766588,2.172415459508924,-4.130019904685583,1/9,-1.3579796211955837
30,PL2,lr,ev,all,0.05,barrier,580,0.4620689655172413,-2.462317996955846,2.1528980702322253,-5.61521606718807,0/9,-2.5197297329261006,580,0.4879310344827586,-1.3699658555126677,2.172415459508924,-4.5423813150215935,1/9,-2.3375242662560254
30,PL2,lr,ev,all,0.1,fixed_hold,1159,0.4736842105263157,-3.4276276988167624,2.0639529133717724,-6.491580612188534,1/9,-2.368188783066508,1159,0.4987057808455565,-1.1646434674028932,2.0926087078212228,-4.257252175224116,2/9,-1.7685643650294816
30,PL2,lr,ev,all,0.1,barrier,1159,0.4667817083692838,-1.769722945227682,2.0639529133717724,-4.833675858599455,0/9,-2.715322045743698,1159,0.4883520276100086,-0.5935260897154244,2.0926087078212228,-3.686134797536648,0/9,-2.5979019230603027
30,PL2,lr,ev,all,0.2,fixed_hold,2318,0.4767040552200172,-2.0977274703454447,1.9515682501299405,-5.049295720475385,0/9,-2.866112307851276,2318,0.4861949956859361,-1.4030209808463086,1.955092726443472,-4.358113707289781,2/9,-2.2655474536112243
30,PL2,lr,ev,all,0.2,barrier,2318,0.4685073339085418,-1.2371087405372718,1.9515682501299405,-4.188676990667211,0/9,-3.433094329512944,2318,0.4805867126833477,-0.8679546919587466,1.955092726443472,-3.823047418402218,1/9,-3.021143285019405
30,PL2,lr,ev,all,1.0,fixed_hold,11590,0.5043140638481449,-0.5677741261244786,1.630390209587965,-3.1981643357124434,0/9,-4.377689107070866,11590,0.5056082830025884,-0.1631366085264398,1.630390209587965,-2.7935268181144046,0/9,-5.1555963552195125
30,PL2,lr,ev,all,1.0,barrier,11590,0.4981018119068162,-0.1628718059802202,1.630390209587965,-2.793262015568185,0/9,-5.913714197601736,11590,0.5007765314926661,-0.0254249238714733,1.630390209587965,-2.6558151334594378,0/9,-7.360462380225512
30,ALL,gb,score,all,0.05,fixed_hold,580,0.6827586206896552,7.040896582528279,1.39181420485288,4.649082377675398,5/9,2.2929232137263984,580,0.656896551724138,4.589178582759056,1.3628848818761927,2.2262937008828625,4/9,0.8886823991330252
30,ALL,gb,score,all,0.05,barrier,580,0.6862068965517242,5.346076791238669,1.39181420485288,2.95426258638579,5/9,1.8482797040046548,580,0.6637931034482759,3.611016428309824,1.3628848818761927,1.2481315464336304,4/9,0.644698444429172
30,ALL,gb,score,all,0.1,fixed_hold,1164,0.6469072164948454,3.971368207707884,1.4048433058446186,1.5665249018632657,6/9,1.1836079722819222,1159,0.5875754961173425,1.340614432981836,1.4158387951707565,-1.07522436218892,5/9,-0.6697173753853574
30,ALL,gb,score,all,0.1,barrier,1164,0.6512027491408935,3.520298104721304,1.4048433058446186,1.115454798876685,5/9,1.2230331420294571,1159,0.5832614322691976,0.977495751518378,1.4158387951707565,-1.4383430436523783,3/9,-1.1070593859426252
30,ALL,gb,score,all,0.2,fixed_hold,2318,0.6229508196721312,3.552163172788906,1.465067380384817,1.0870957924040894,7/9,0.7767256911955707,2318,0.6078515962036238,1.707352747161197,1.4601900264995749,-0.7528372793383781,6/9,-0.5060921653036292
30,ALL,gb,score,all,0.2,barrier,2318,0.6289905090595341,3.137401750642871,1.465067380384817,0.6723343702580534,7/9,0.6173501080271053,2318,0.6069887834339949,1.6245767575355448,1.4601900264995749,-0.8356132689640301,5/9,-0.7142957592208056
30,ALL,gb,score,all,1.0,fixed_hold,11590,0.5194995685936152,0.2457795627461823,1.630390209587965,-2.3846106468417823,1/9,-4.342394831703652,11590,0.5206212251941329,0.1999126515921638,1.630390209587965,-2.4304775579958005,1/9,-3.658732229506684
30,ALL,gb,score,all,1.0,barrier,11590,0.5344262295081967,0.531724659960965,1.630390209587965,-2.098665549627,0/9,-3.902726311857789,11590,0.5359792924935289,0.4947103288606602,1.630390209587965,-2.1356798807273045,0/9,-3.7654518369452745
30,ALL,gb,ev,all,0.05,fixed_hold,580,0.4379310344827586,-6.2033980900479415,1.991862861926497,-9.19526095197444,1/9,-1.8652089253695616,580,0.3637931034482758,-13.268004451156802,2.0034833695046905,-16.27148782066149,1/9,-2.125929451494623
30,ALL,gb,ev,all,0.05,barrier,580,0.4655172413793103,-2.4388861275229727,1.991862861926497,-5.4307489894494685,3/9,-1.2922269613325046,580,0.3982758620689655,-7.19265946060336,2.0034833695046905,-10.196142830108048,2/9,-1.6752106029454588
30,ALL,gb,ev,pred_vol_high,0.05,fixed_hold,580,0.4379310344827586,-6.2033980900479415,1.991862861926497,-9.19526095197444,1/9,-1.8652089253695616,580,0.3637931034482758,-13.268004451156802,2.0034833695046905,-16.27148782066149,1/9,-2.125929451494623
30,ALL,gb,ev,pred_vol_high,0.05,barrier,580,0.4655172413793103,-2.4388861275229727,1.991862861926497,-5.4307489894494685,3/9,-1.2922269613325046,580,0.3982758620689655,-7.19265946060336,2.0034833695046905,-10.196142830108048,2/9,-1.6752106029454588
30,ALL,gb,ev,all,0.1,fixed_hold,1159,0.4659188955996549,-5.541428006998363,1.898355090279608,-8.43978309727797,3/9,-1.4165066883211512,1159,0.4417601380500431,-7.395057972117807,1.983733322645413,-10.37879129476322,2/9,-1.7825080045423554
30,ALL,gb,ev,all,0.1,barrier,1159,0.4710957722174288,-2.9753217419158964,1.898355090279608,-5.873676832195505,3/9,-1.2810081874284769,1159,0.4460742018981881,-4.262538042962059,1.983733322645413,-7.246271365607473,2/9,-1.639166716200814
30,ALL,gb,ev,pred_vol_high,0.1,fixed_hold,1137,0.4626209322779243,-5.75770887570043,1.906725088439296,-8.664433964139727,2/9,-1.4341710320830932,1144,0.4388111888111888,-7.5845545210032865,1.993141579830056,-10.57769610083334,1/9,-1.8000401937456512
30,ALL,gb,ev,pred_vol_high,0.1,barrier,1137,0.4678979771328056,-3.090871281196694,1.906725088439296,-5.997596369635991,2/9,-1.2875456888586048,1144,0.4423076923076923,-4.401978834930856,1.993141579830056,-7.395120414760912,1/9,-1.656602001697742
30,ALL,gb,ev,all,0.2,fixed_hold,2318,0.5043140638481449,-2.5509238508155905,1.837183106208231,-5.388106957023823,3/9,-1.631995772467519,2318,0.4771354616048318,-4.106706108926069,1.8368398928116991,-6.943546001737769,1/9,-1.901452717043133
30,ALL,gb,ev,all,0.2,barrier,2318,0.5163934426229508,-0.4617957060890151,1.837183106208231,-3.298978812297246,2/9,-1.6468482018745676,2318,0.4831751509922347,-1.939879470888114,1.8368398928116991,-4.776719363699813,1/9,-2.018209399374275
30,ALL,gb,ev,pred_vol_high,0.2,fixed_hold,2049,0.4938994631527574,-3.259617704027677,1.8708676612640631,-6.130485365291742,2/9,-1.6452773533104053,2054,0.4668938656280428,-4.793495121030284,1.8572547047968009,-7.650749825827085,1/9,-1.8826433682752592
30,ALL,gb,ev,pred_vol_high,0.2,barrier,2049,0.5002440214738897,-0.9634758985679338,1.8708676612640631,-3.834343559831997,1/9,-1.688527425387258,2054,0.4678675754625122,-2.5249710515279333,1.8572547047968009,-5.382225756324734,1/9,-2.04861153112452
30,ALL,gb,ev,all,1.0,fixed_hold,11590,0.5194995685936152,0.2457795627461823,1.630390209587965,-2.3846106468417823,1/9,-4.342394831703652,11590,0.5206212251941329,0.1999126515921638,1.630390209587965,-2.4304775579958005,1/9,-3.658732229506684
30,ALL,gb,ev,all,1.0,barrier,11590,0.5344262295081967,0.531724659960965,1.630390209587965,-2.098665549627,0/9,-3.902726311857789,11590,0.5359792924935289,0.4947103288606602,1.630390209587965,-2.1356798807273045,0/9,-3.7654518369452745
30,ALL,gb,ev,pred_vol_high,1.0,fixed_hold,5795,0.5095772217428818,0.1507051640310808,1.8431948357949677,-2.692489671763887,1/9,-2.1681213680179274,5795,0.5012942191544435,-0.3049267924505872,1.8438902506394224,-3.14881704309001,1/9,-2.277891083951725
30,ALL,gb,ev,pred_vol_high,1.0,barrier,5795,0.523899913718723,0.4412164763800263,1.8431948357949677,-2.401978359414941,1/9,-2.142963419572804,5795,0.5173425366695427,0.1349895109509916,1.8438902506394224,-2.7089007396884317,1/9,-2.45697343078163
30,ALL,lr,score,all,0.05,fixed_hold,580,0.493103448275862,-1.1841049725427704,1.8160541819534624,-4.000159154496232,3/9,-1.0405915503630667,580,0.5189655172413793,0.2846708893543734,1.7268804471201271,-2.442209557765753,5/9,-0.9279624467663716
30,ALL,lr,score,all,0.05,barrier,580,0.4862068965517241,-1.1397660311144024,1.8160541819534624,-3.955820213067865,3/9,-1.6773858312923984,580,0.5241379310344828,-0.2859779354541817,1.7268804471201271,-3.0128583825743083,2/9,-1.8121435430448445
30,ALL,lr,score,all,0.1,fixed_hold,1159,0.5220017256255393,0.5523890733897674,1.778443784040642,-2.2260547106508746,5/9,-0.7695569783223507,1159,0.5271786022433133,-0.1141456543799166,1.7172806946056962,-2.831426348985613,4/9,-1.0947427233224212
30,ALL,lr,score,all,0.1,barrier,1159,0.5056082830025884,-0.1342596101472246,1.778443784040642,-2.9127033941878664,3/9,-1.5481477584703098,1159,0.5271786022433133,-0.2594156382839478,1.7172806946056962,-2.976696332889644,3/9,-1.8714849362807924
30,ALL,lr,score,all,0.2,fixed_hold,2318,0.5327868852459017,0.6248080201415447,1.721186023774727,-2.096378003633182,3/9,-0.8337327015342196,2318,0.5465918895599655,0.7919528367480315,1.6657516799218357,-1.873798843173804,5/9,-0.8832213198240377
30,ALL,lr,score,all,0.2,barrier,2318,0.5155306298533219,0.2256780989568207,1.721186023774727,-2.4955079248179066,1/9,-1.514036517076764,2318,0.540120793787748,0.5808255066294327,1.6657516799218357,-2.084926173292403,3/9,-1.672201408073676
30,ALL,lr,score,all,1.0,fixed_hold,11590,0.513632441760138,0.1935645440538616,1.630390209587965,-2.436825665534104,2/9,-2.2993677186285923,11590,0.5116479723899914,0.0285585346038619,1.630390209587965,-2.6018316749841026,0/9,-4.117682544715668
30,ALL,lr,score,all,1.0,barrier,11590,0.5031924072476273,0.0432706932185302,1.630390209587965,-2.5871195163694347,1/9,-3.8987353167459857,11590,0.5077653149266609,0.096594487387335,1.630390209587965,-2.533795722200629,0/9,-5.360749276491488
30,ALL,lr,ev,all,0.05,fixed_hold,580,0.4948275862068965,0.9004544757998454,2.054805897616992,-2.154351421817147,2/9,-0.3981039819808827,580,0.5396551724137931,2.646270914047612,2.0591014810167043,-0.4128305669690917,3/9,-0.0962806023913737
30,ALL,lr,ev,all,0.05,barrier,580,0.4844827586206897,-1.1679867495378244,2.054805897616992,-4.222792647154816,2/9,-1.5192487966475037,580,0.5275862068965518,0.6372522944584594,2.0591014810167043,-2.4218491865582448,1/9,-1.0647494793534942
30,ALL,lr,ev,pred_vol_high,0.05,fixed_hold,555,0.4936936936936937,0.6362517453535499,2.0593699056675945,-2.4231181603140457,2/9,-0.436034126348065,569,0.5377855887521968,2.4722000818439174,2.0664324759231163,-0.5942323940791998,3/9,-0.1371632172565364
30,ALL,lr,ev,pred_vol_high,0.05,barrier,555,0.4846846846846847,-1.3098591234195898,2.0593699056675945,-4.369229029087183,2/9,-1.5661111113958563,569,0.5254833040421792,0.4945504156837251,2.0664324759231163,-2.5718820602393917,1/9,-1.135309280143175
30,ALL,lr,ev,all,0.1,fixed_hold,1159,0.5047454702329595,0.0687823452905656,1.9841637871935696,-2.915381441903004,4/9,-0.7021007169875737,1159,0.5107851596203624,1.0951388346520456,1.9606837609044536,-1.865544926252408,3/9,-0.5124121237744845
30,ALL,lr,ev,all,0.1,barrier,1159,0.4900776531492666,-0.4403659685483862,1.9841637871935696,-3.4245297557419563,2/9,-1.326151012183482,1159,0.5081967213114754,0.2006386004164075,1.9606837609044536,-2.760045160488046,2/9,-1.5040667916741943
30,ALL,lr,ev,pred_vol_high,0.1,fixed_hold,1038,0.5019267822736031,-0.1243944130391007,1.991878511822173,-3.1162729248612733,3/9,-0.7009327001625935,1080,0.5074074074074074,1.052494423521601,1.972208713674222,-1.9197142901526216,4/9,-0.5040102240267706
30,ALL,lr,ev,pred_vol_high,0.1,barrier,1038,0.489402697495183,-0.5074025565312063,1.991878511822173,-3.499281068353379,2/9,-1.3295897975528548,1080,0.5046296296296297,0.045349694000103,1.972208713674222,-2.926859019674119,3/9,-1.5844561875329837
30,ALL,lr,ev,all,0.2,fixed_hold,2318,0.5012942191544435,-0.1034559684999606,1.9095673185172608,-3.013023287017221,4/9,-1.034731386973568,2318,0.5107851596203624,0.5362942166949207,1.882001177654013,-2.345706960959092,4/9,-0.9814320932534638
30,ALL,lr,ev,all,0.2,barrier,2318,0.4762726488352027,-0.649662242545068,1.9095673185172608,-3.559229561062328,3/9,-1.8826547260581332,2318,0.5073339085418465,0.1653643630859133,1.882001177654013,-2.7166368145680995,2/9,-2.0061666377182337
30,ALL,lr,ev,pred_vol_high,0.2,fixed_hold,1872,0.4962606837606838,-0.0490412600082017,1.9500618025600092,-2.999103062568212,3/9,-0.9059741254055904,1955,0.5084398976982097,0.6111617352586616,1.911506653350476,-2.300344918091814,3/9,-0.8418746189395568
30,ALL,lr,ev,pred_vol_high,0.2,barrier,1872,0.4732905982905983,-0.7763513277786521,1.9500618025600092,-3.7264131303386616,2/9,-1.847994098160121,1955,0.5012787723785166,-0.0875376084499507,1.911506653350476,-2.9990442618004267,1/9,-1.9770234055628884
30,ALL,lr,ev,all,1.0,fixed_hold,11590,0.513632441760138,0.1935645440538616,1.630390209587965,-2.436825665534104,2/9,-2.2993677186285923,11590,0.5116479723899914,0.0285585346038619,1.630390209587965,-2.6018316749841026,0/9,-4.117682544715668
30,ALL,lr,ev,all,1.0,barrier,11590,0.5031924072476273,0.0432706932185302,1.630390209587965,-2.5871195163694347,1/9,-3.8987353167459857,11590,0.5077653149266609,0.096594487387335,1.630390209587965,-2.533795722200629,0/9,-5.360749276491488
30,ALL,lr,ev,pred_vol_high,1.0,fixed_hold,5795,0.5037100949094047,0.0264705154389363,1.8431948357949677,-2.8167243203560317,3/9,-1.4818899930382003,5795,0.5004314063848145,-0.2569400304410986,1.8438902506394224,-3.1008302810805217,0/9,-2.677374984399561
30,ALL,lr,ev,pred_vol_high,1.0,barrier,5795,0.4928386540120794,-0.3198125529668709,1.8431948357949677,-3.163007388761838,1/9,-2.505439090065534,5795,0.4978429680759275,-0.1844054037426001,1.8438902506394224,-3.028295654382023,0/9,-3.081290093488559
60,P,gb,score,all,0.05,fixed_hold,579,0.6062176165803109,1.0934465083516054,1.375730870252093,-1.2822843619004882,7/9,-0.1205702086872677,578,0.4826989619377163,-6.964316952749237,1.4576251269265876,-9.421942079675825,6/9,-0.8641206405208756
60,P,gb,score,all,0.05,barrier,579,0.5958549222797928,-0.9411417570467856,1.375730870252093,-3.316872627298878,6/9,-0.3363100225976362,578,0.4844290657439446,-6.189117647657793,1.4576251269265876,-8.646742774584382,6/9,-0.821007377607675
60,P,gb,score,all,0.1,fixed_hold,1156,0.6055363321799307,0.1015408188329493,1.4571031478245722,-2.3555623289916228,7/9,-0.2558654575120381,1157,0.5479688850475367,-4.354050350808058,1.5065011823672383,-6.860551533175298,6/9,-0.7646612261712187
60,P,gb,score,all,0.1,barrier,1156,0.6211072664359861,1.612163063964938,1.4571031478245722,-0.8449400838596366,7/9,-0.1123852507016969,1157,0.5738980121002593,-1.9175857049036755,1.5065011823672383,-4.424086887270914,6/9,-0.5683088299216362
60,P,gb,score,all,0.2,fixed_hold,2312,0.5847750865051903,-0.4514177455453892,1.514400452790068,-2.9658181983354583,5/9,-0.3662874041080999,2312,0.523356401384083,-5.115219910928647,1.5778234351059317,-7.69304334603458,4/9,-1.124106783114921
60,P,gb,score,all,0.2,barrier,2312,0.6042387543252595,1.47990667503298,1.514400452790068,-1.0344937777570884,6/9,-0.1774227381502581,2312,0.5363321799307958,-1.7049228099601546,1.5778234351059317,-4.282746245066085,5/9,-0.7987621002717782
60,P,gb,score,all,1.0,fixed_hold,11560,0.5354671280276817,0.1130107787942333,1.632340694904876,-2.5193299161106437,3/9,-1.0878865318320317,11560,0.5190311418685121,-0.9972121942840037,1.632340694904876,-3.62955288918888,5/9,-1.297156275398731
60,P,gb,score,all,1.0,barrier,11560,0.5294117647058824,0.838717678838287,1.632340694904876,-1.7936230160665891,3/9,-1.2721857723696963,11560,0.5216262975778547,0.5434495913129955,1.632340694904876,-2.0888911035918807,3/9,-1.251682278654041
60,P,gb,ev,all,0.05,fixed_hold,578,0.5034602076124568,-4.104996647076732,2.030102858869143,-7.135099505945875,5/9,-0.3381910210582248,578,0.416955017301038,-13.791887667373928,1.981700564696042,-16.773588232069972,3/9,-0.9532440637509606
60,P,gb,ev,all,0.05,barrier,578,0.4844290657439446,-3.561350198343501,2.030102858869143,-6.591453057212643,5/9,-0.4188952949966669,578,0.3996539792387543,-9.040609533501131,1.981700564696042,-12.022310098197176,3/9,-0.8271310465714511
60,P,gb,ev,all,0.1,fixed_hold,1156,0.5025951557093425,-4.620230420716141,1.8487380568991223,-7.468968477615263,4/9,-0.5477656099687713,1156,0.4247404844290657,-11.157480577433745,1.901977067937933,-14.059457645371676,3/9,-1.1803921168051985
60,P,gb,ev,all,0.1,barrier,1156,0.5129757785467128,-1.2736263283154436,1.8487380568991223,-4.122364385214568,6/9,-0.4167120130614891,1156,0.4204152249134948,-6.6975834080077705,1.901977067937933,-9.599560475945704,2/9,-1.0209772844632503
60,P,gb,ev,all,0.2,fixed_hold,2312,0.5294117647058824,-2.301764528353376,1.7782545970513803,-5.080019125404756,4/9,-0.6582834000893436,2312,0.4619377162629758,-6.493963298782659,1.8064968291221677,-9.300460127904826,2/9,-1.2933814580021714
60,P,gb,ev,all,0.2,barrier,2312,0.528114186851211,-0.1605196949538553,1.7782545970513803,-2.9387742920052347,5/9,-0.5426696419337743,2312,0.4727508650519031,-2.667802345340053,1.8064968291221677,-5.47429917446222,2/9,-1.1405192329683835
60,P,gb,ev,all,1.0,fixed_hold,11560,0.5354671280276817,0.1130107787942333,1.632340694904876,-2.5193299161106437,3/9,-1.0878865318320317,11560,0.5190311418685121,-0.9972121942840037,1.632340694904876,-3.62955288918888,5/9,-1.297156275398731
60,P,gb,ev,all,1.0,barrier,11560,0.5294117647058824,0.838717678838287,1.632340694904876,-1.7936230160665891,3/9,-1.2721857723696963,11560,0.5216262975778547,0.5434495913129955,1.632340694904876,-2.0888911035918807,3/9,-1.251682278654041
60,P,lr,score,all,0.05,fixed_hold,578,0.4480968858131487,-5.111031277503751,1.7039022376998476,-7.814933515203601,6/9,-0.5902737521012482,578,0.4740484429065744,-4.33454034664981,1.683642431277565,-7.018182777927376,6/9,-0.5700161505312148
60,P,lr,score,all,0.05,barrier,578,0.4550173010380622,-5.67563329754052,1.7039022376998476,-8.379535535240365,6/9,-0.7473848441227815,578,0.4792387543252595,-3.606898885771556,1.683642431277565,-6.290541317049121,6/9,-0.6009948835792492
60,P,lr,score,all,0.1,fixed_hold,1156,0.4705882352941176,-4.842178974487152,1.6868412230846443,-7.529020197571798,5/9,-0.7191028194304068,1156,0.4852941176470588,-3.946524661212737,1.6895767616704829,-6.636101422883219,5/9,-0.6605368275501297
60,P,lr,score,all,0.1,barrier,1156,0.4852941176470588,-3.271740071603569,1.6868412230846443,-5.958581294688215,6/9,-0.7318768879489467,1156,0.509515570934256,-1.904009909308802,1.6895767616704829,-4.593586670979287,6/9,-0.6271149311891243
60,P,lr,score,all,0.2,fixed_hold,2312,0.5190311418685121,-2.871559023637568,1.6803370348376707,-5.551896058475239,5/9,-0.7231840286892532,2312,0.514273356401384,-3.0515479454412207,1.6733520437564269,-5.724899989197648,6/9,-0.7472735033295761
60,P,lr,score,all,0.2,barrier,2312,0.5229238754325259,-1.270366173231958,1.6803370348376707,-3.9507032080696303,5/9,-0.8359997947308703,2312,0.5224913494809689,-1.4025641447814237,1.6733520437564269,-4.0759161885378505,4/9,-0.8484575103493242
60,P,lr,score,all,1.0,fixed_hold,11560,0.5577854671280277,1.881443396969487,1.632340694904876,-0.7508972979353885,5/9,-0.3300606522217384,11560,0.5557093425605536,1.291974102393696,1.632340694904876,-1.3403665925111805,5/9,-0.6161544083190693
60,P,lr,score,all,1.0,barrier,11560,0.5451557093425605,1.2635124644477815,1.632340694904876,-1.3688282304570942,3/9,-1.3582392241827987,11560,0.5449826989619377,1.2049139238885678,1.632340694904876,-1.4274267710163084,4/9,-1.2882661127475186
60,P,lr,ev,all,0.05,fixed_hold,578,0.416955017301038,-10.093290044617149,2.054414924054378,-13.147704968671531,5/9,-0.6923993416518602,578,0.4048442906574394,-11.233763547871993,2.0702233653734043,-14.303986913245394,4/9,-0.7142311162002072
60,P,lr,ev,all,0.05,barrier,578,0.4186851211072664,-5.599041062630986,2.054414924054378,-8.653455986685366,5/9,-0.8658891819075001,578,0.4065743944636678,-6.613667596685469,2.0702233653734043,-9.683890962058872,4/9,-0.8386269844992615
60,P,lr,ev,all,0.1,fixed_hold,1156,0.4204152249134948,-7.212162042160201,2.030264765468048,-10.242426807628243,4/9,-0.7144796067971872,1156,0.4048442906574394,-9.458071100431628,2.020318235993158,-12.478389336424788,3/9,-0.8525274250947269
60,P,lr,ev,all,0.1,barrier,1156,0.4005190311418685,-6.198455640077788,2.030264765468048,-9.228720405545836,3/9,-1.149526545020714,1156,0.393598615916955,-7.193603986511736,2.020318235993158,-10.213922222504896,3/9,-1.15801434804013
60,P,lr,ev,all,0.2,fixed_hold,2312,0.4982698961937716,-3.3818024567960308,1.933709209800393,-6.315511666596423,4/9,-0.6635367651792594,2312,0.495242214532872,-3.31390784147707,1.899564094948928,-6.213471936425997,4/9,-0.666716793318466
60,P,lr,ev,all,0.2,barrier,2312,0.4826989619377163,-1.838102485192997,1.933709209800393,-4.7718116949933895,3/9,-0.9431312325012357,2312,0.486159169550173,-1.6466035762239009,1.899564094948928,-4.546167671172826,4/9,-0.8675136299283532
60,P,lr,ev,all,1.0,fixed_hold,11560,0.5577854671280277,1.881443396969487,1.632340694904876,-0.7508972979353885,5/9,-0.3300606522217384,11560,0.5557093425605536,1.291974102393696,1.632340694904876,-1.3403665925111805,5/9,-0.6161544083190693
60,P,lr,ev,all,1.0,barrier,11560,0.5451557093425605,1.2635124644477815,1.632340694904876,-1.3688282304570942,3/9,-1.3582392241827987,11560,0.5449826989619377,1.2049139238885678,1.632340694904876,-1.4274267710163084,4/9,-1.2882661127475186
60,F,gb,score,all,0.05,fixed_hold,583,0.5986277873070326,1.6676597350570863,1.5649104573978985,-0.8972507223408109,3/9,-0.4853067521014007,578,0.5103806228373703,-2.429494148851812,1.8277828607050988,-5.257277009556911,6/9,-0.9044595834528988
60,F,gb,score,all,0.05,barrier,583,0.614065180102916,2.3930301796890414,1.5649104573978985,-0.1718802777088569,3/9,-0.1237546022338962,578,0.458477508650519,-1.2273549910463466,1.8277828607050988,-4.055137851751445,4/9,-0.9984635109412556
60,F,gb,score,all,0.1,fixed_hold,1156,0.6046712802768166,3.62381747853282,1.5752134581019877,1.0486040204308325,4/9,0.498074380424279,1156,0.5198961937716263,-3.180742705784475,1.8554692441625429,-6.03621194994702,5/9,-1.0501685595266756
60,F,gb,score,all,0.1,barrier,1156,0.5994809688581315,3.1638155363387708,1.5752134581019877,0.5886020782367831,4/9,0.3392228682117475,1156,0.5086505190311419,0.2489692844733217,1.8554692441625429,-2.606499959689221,4/9,-0.6978749135509468
60,F,gb,score,all,0.2,fixed_hold,2312,0.5782871972318339,3.303522086176781,1.648795253611809,0.6547268325649719,3/9,0.3138192091562902,2312,0.5627162629757786,-0.6261119271547909,1.7733276047344182,-3.3994395318892097,6/9,-0.7117677238237984
60,F,gb,score,all,0.2,barrier,2312,0.5674740484429066,2.3197533905049967,1.648795253611809,-0.3290418631068112,3/9,-0.2188764739726865,2312,0.5601211072664359,1.9774144715034785,1.7733276047344182,-0.7959131332309394,5/9,-0.3012985352182569
60,F,gb,score,all,1.0,fixed_hold,11560,0.5166955017301038,-0.1923707009695793,1.632340694904876,-2.824711395874456,1/9,-2.5604561165589845,11560,0.5296712802768166,0.3069208872896759,1.632340694904876,-2.3254198076152006,1/9,-2.793643993826538
60,F,gb,score,all,1.0,barrier,11560,0.5166089965397924,0.379636964305948,1.632340694904876,-2.2527037305989284,1/9,-2.090480721295432,11560,0.5268166089965398,0.5442686058003242,1.632340694904876,-2.088072089104552,2/9,-2.922979045667666
60,F,gb,ev,all,0.05,fixed_hold,578,0.5224913494809689,2.1518432094257527,1.8827969542466048,-0.7309537448208521,4/9,-0.1857172101336255,578,0.5380622837370242,-3.5666062469580866,2.1273686245443715,-6.693974871502457,4/9,-0.4380592288843495
60,F,gb,ev,all,0.05,barrier,578,0.5103806228373703,0.3556915492211726,1.8827969542466048,-2.527105405025434,3/9,-0.5109799591234719,578,0.5259515570934256,1.724060112260423,2.1273686245443715,-1.4033085122839488,3/9,-0.2291065155791709
60,F,gb,ev,all,0.1,fixed_hold,1156,0.5683391003460208,4.311229170052465,1.8441027119161508,1.467126458136314,4/9,0.6297234411292306,1156,0.5008650519031141,-4.037042209238973,2.028533769848676,-7.06557597908765,4/9,-0.8293896826408557
60,F,gb,ev,all,0.1,barrier,1156,0.5666089965397924,3.147413224793836,1.8441027119161508,0.3033105128776857,4/9,0.1563128916243931,1156,0.5129757785467128,0.6541895249415612,2.028533769848676,-2.374344244907115,4/9,-0.5917287006520826
60,F,gb,ev,all,0.2,fixed_hold,2312,0.5480103806228374,1.2944877325459505,1.832945799936403,-1.5384580673904522,3/9,-0.6987508438942798,2312,0.5164359861591695,-1.9554999301651208,1.938926798336817,-4.894426728501937,3/9,-1.3236275661891146
60,F,gb,ev,all,0.2,barrier,2312,0.546280276816609,1.5497147059850171,1.832945799936403,-1.2832310939513851,2/9,-1.1449298629160147,2312,0.5181660899653979,0.585071563573837,1.938926798336817,-2.353855234762981,3/9,-1.1017134734105876
60,F,gb,ev,all,1.0,fixed_hold,11560,0.5166955017301038,-0.1923707009695793,1.632340694904876,-2.824711395874456,1/9,-2.5604561165589845,11560,0.5296712802768166,0.3069208872896759,1.632340694904876,-2.3254198076152006,1/9,-2.793643993826538
60,F,gb,ev,all,1.0,barrier,11560,0.5166089965397924,0.379636964305948,1.632340694904876,-2.2527037305989284,1/9,-2.090480721295432,11560,0.5268166089965398,0.5442686058003242,1.632340694904876,-2.088072089104552,2/9,-2.922979045667666
60,F,lr,score,all,0.05,fixed_hold,578,0.615916955017301,20.40912600673304,2.1030889723789308,17.30603703435411,7/9,1.188636555567678,578,0.6124567474048442,20.940676833043607,1.9675435107832309,17.973133322260377,6/9,1.4547908497969015
60,F,lr,score,all,0.05,barrier,578,0.5882352941176471,7.890986292977463,2.1030889723789308,4.787897320598532,6/9,0.5681249367907958,578,0.6089965397923875,9.28100764585561,1.9675435107832309,6.313464135072381,5/9,0.8735173395627256
60,F,lr,score,all,0.1,fixed_hold,1156,0.5761245674740484,13.262269933318242,1.914167365651683,10.348102567666556,6/9,1.1047508876772854,1156,0.5960207612456747,13.689404587912277,1.8549208451315773,10.834483742780696,7/9,1.328820267720617
60,F,lr,score,all,0.1,barrier,1156,0.5640138408304498,4.480991821176712,1.914167365651683,1.566824455525027,6/9,0.2481583662989077,1156,0.5891003460207612,5.901258252324552,1.8549208451315773,3.0463374071929725,6/9,0.5911589911791061
60,F,lr,score,all,0.2,fixed_hold,2312,0.5713667820069204,8.19722718221387,1.77283036058816,5.42439682162571,6/9,1.0877275740414063,2312,0.6102941176470589,9.63914998612334,1.7410060132175231,6.898143972905816,7/9,1.3180559775561644
60,F,lr,score,all,0.2,barrier,2312,0.5588235294117647,3.2475366071359875,1.77283036058816,0.4747062465478262,5/9,0.1219861112629947,2312,0.5999134948096886,4.2310888347107865,1.7410060132175231,1.4900828214932638,8/9,0.4885353873817515
60,F,lr,score,all,1.0,fixed_hold,11560,0.543166089965398,2.133930956899745,1.632340694904876,-0.498409738005132,4/9,-0.2115374204699767,11560,0.522318339100346,1.6007439384432205,1.632340694904876,-1.0315967564616555,2/9,-0.6535356003355683
60,F,lr,score,all,1.0,barrier,11560,0.5349480968858131,1.0350633118625354,1.632340694904876,-1.5972773830423406,4/9,-1.2653771713991324,11560,0.5218858131487889,0.5061687751473611,1.632340694904876,-2.126171919757515,1/9,-2.5080351035729627
60,F,lr,ev,all,0.05,fixed_hold,578,0.5467128027681661,18.124710549735312,2.3750214544086203,14.749689095326683,4/9,0.873652803403195,578,0.5865051903114187,14.74358599639327,2.228451496517214,11.51513449987606,5/9,0.8492005070606844
60,F,lr,ev,all,0.05,barrier,578,0.5224913494809689,3.934211156625522,2.3750214544086203,0.5591897022169,4/9,0.0510275470665534,578,0.5813148788927336,6.341562694638725,2.228451496517214,3.113111198121512,5/9,0.3954687638339803
60,F,lr,ev,all,0.1,fixed_hold,1156,0.5519031141868512,12.128265143138565,2.0616967665726347,9.066568376565929,5/9,1.0377477188932915,1156,0.5674740484429066,10.41953006990951,2.024997468161828,7.394532601747682,5/9,0.965704612507888
60,F,lr,ev,all,0.1,barrier,1156,0.5501730103806228,4.817629138072293,2.0616967665726347,1.7559323714996589,5/9,0.2721817134821647,1156,0.5648788927335641,4.240284669890065,2.024997468161828,1.2152872017282383,5/9,0.225974139885864
60,F,lr,ev,all,0.2,fixed_hold,2312,0.5532006920415224,6.235033176371871,1.8848780504855007,3.3501551258863698,5/9,0.6653649886690155,2312,0.5778546712802768,8.656965416472152,1.875517345567709,5.7814480709044425,6/9,1.309174044125262
60,F,lr,ev,all,0.2,barrier,2312,0.53719723183391,2.1288048426753963,1.8848780504855007,-0.7560732078101037,3/9,-0.2035961016313879,2312,0.5653114186851211,3.44204919555728,1.875517345567709,0.5665318499895714,5/9,0.1692929359829963
60,F,lr,ev,all,1.0,fixed_hold,11560,0.543166089965398,2.133930956899745,1.632340694904876,-0.498409738005132,4/9,-0.2115374204699767,11560,0.522318339100346,1.6007439384432205,1.632340694904876,-1.0315967564616555,2/9,-0.6535356003355683
60,F,lr,ev,all,1.0,barrier,11560,0.5349480968858131,1.0350633118625354,1.632340694904876,-1.5972773830423406,4/9,-1.2653771713991324,11560,0.5218858131487889,0.5061687751473611,1.632340694904876,-2.126171919757515,1/9,-2.5080351035729627
60,B,gb,score,all,0.05,fixed_hold,587,0.4684838160136286,-4.2192139406604845,1.2520516629743383,-6.471265603634823,2/9,-2.029937955599284,661,0.4704992435703479,-6.729950717641718,1.8027402984760723,-9.53269101611779,2/9,-2.417494239654643
60,B,gb,score,all,0.05,barrier,587,0.5110732538330494,0.2119968311176262,1.2520516629743383,-2.040054831856712,2/9,-1.5161775915484628,661,0.4826021180030257,-1.9991605743070064,1.8027402984760723,-4.801900872783078,2/9,-1.6977370187453085
60,B,gb,score,all,0.1,fixed_hold,1156,0.5086505190311419,-0.5616563385664171,1.458541593396955,-3.020197931963372,3/9,-1.5517249152760468,1164,0.4888316151202749,-3.387634786772589,1.717531617971971,-6.105166404744559,2/9,-2.3162439035984423
60,B,gb,score,all,0.1,barrier,1156,0.5302768166089965,0.9906945919581558,1.458541593396955,-1.4678470014387988,3/9,-1.4134145401219491,1164,0.506872852233677,-0.6465032693828195,1.717531617971971,-3.364034887354791,2/9,-1.5611072580690402
60,B,gb,score,all,0.2,fixed_hold,2312,0.5190311418685121,0.138307114792912,1.6029212975899396,-2.464614182797027,3/9,-1.6134348727256678,2313,0.5006485084306096,-1.411189576752785,1.629561256722983,-4.040750833475768,3/9,-1.888874717425037
60,B,gb,score,all,0.2,barrier,2312,0.5302768166089965,0.9318777059097976,1.6029212975899396,-1.6710435916801418,3/9,-1.261018977895454,2313,0.5179420665801989,-0.0969380879338136,1.629561256722983,-2.726499344656797,4/9,-1.440955041757361
60,B,gb,score,all,1.0,fixed_hold,11560,0.5208477508650519,0.0307368026367337,1.632340694904876,-2.6016038922681424,1/9,-2.2538805893441576,11560,0.5208477508650519,0.0307368026367337,1.632340694904876,-2.6016038922681424,1/9,-2.2538805893441576
60,B,gb,score,all,1.0,barrier,11560,0.5298442906574394,0.5267126578811793,1.632340694904876,-2.105628037023697,2/9,-2.051463776473602,11560,0.5298442906574394,0.5267126578811793,1.632340694904876,-2.105628037023697,2/9,-2.051463776473602
60,B,gb,ev,all,0.05,fixed_hold,578,0.3979238754325259,-4.848751688532506,1.733556362692298,-7.582308051224803,3/9,-0.6196898400783487,578,0.4186851211072664,-3.3944164022447967,1.7503892819733935,-6.144805684218188,3/9,-0.5204448002184834
60,B,gb,ev,all,0.05,barrier,578,0.3754325259515571,-5.312213048616761,1.733556362692298,-8.045769411309061,3/9,-0.7590125707365576,578,0.4013840830449827,-3.4797425731533065,1.7503892819733935,-6.2301318551267,3/9,-0.5809436926244473
60,B,gb,ev,all,0.1,fixed_hold,1156,0.435121107266436,-6.2364871766899785,1.8352883330688488,-9.071775509758831,3/9,-0.7003964561032338,1156,0.4264705882352941,-7.288155613259783,1.821279697576149,-10.10943531083593,3/9,-0.7740478882177096
60,B,gb,ev,all,0.1,barrier,1156,0.4195501730103806,-4.189324112213156,1.8352883330688488,-7.024612445282005,2/9,-0.6959668571154364,1156,0.4126297577854671,-5.138893574586563,1.821279697576149,-7.96017327216271,2/9,-0.7480959444700599
60,B,gb,ev,all,0.2,fixed_hold,2312,0.4558823529411764,-7.936320752476159,1.8789914767769167,-10.815312229253074,2/9,-1.2321027432042142,2312,0.4563148788927336,-7.68794929015012,1.8899861868564969,-10.57793547700662,2/9,-1.220650271442138
60,B,gb,ev,all,0.2,barrier,2312,0.4641003460207612,-3.050992998471908,1.8789914767769167,-5.929984475248825,2/9,-1.0029124060317225,2312,0.4658304498269896,-2.813311631188117,1.8899861868564969,-5.703297818044614,2/9,-0.9815359868738086
60,B,gb,ev,all,1.0,fixed_hold,11560,0.5208477508650519,0.0307368026367337,1.632340694904876,-2.6016038922681424,1/9,-2.2538805893441576,11560,0.5208477508650519,0.0307368026367337,1.632340694904876,-2.6016038922681424,1/9,-2.2538805893441576
60,B,gb,ev,all,1.0,barrier,11560,0.5298442906574394,0.5267126578811793,1.632340694904876,-2.105628037023697,2/9,-2.051463776473602,11560,0.5298442906574394,0.5267126578811793,1.632340694904876,-2.105628037023697,2/9,-2.051463776473602
60,B,lr,score,all,0.05,fixed_hold,578,0.5311418685121108,2.2732772621569803,1.905843762762192,-0.6325665006052112,2/9,-0.1519061121793639,578,0.5346020761245674,1.5094091928348938,1.9094386762948163,-1.400029483459922,2/9,-0.3570578807750974
60,B,lr,score,all,0.05,barrier,578,0.5346020761245674,1.2888815572331278,1.905843762762192,-1.6169622055290642,2/9,-0.6360639878605879,578,0.5415224913494809,1.427240433208584,1.9094386762948163,-1.4821982430862315,4/9,-0.6342578626080583
60,B,lr,score,all,0.1,fixed_hold,1156,0.4965397923875432,-0.5753330960627107,1.8910095811258527,-3.466342677188565,2/9,-1.0116564803059758,1156,0.5017301038062284,-0.0919618456396008,1.9251528884479217,-3.017114734087523,2/9,-0.9260550281719596
60,B,lr,score,all,0.1,barrier,1156,0.5060553633217993,-0.630204812490623,1.8910095811258527,-3.521214393616476,2/9,-1.504770979713398,1156,0.513840830449827,-0.1042386018730065,1.9251528884479217,-3.029391490320928,3/9,-1.3744973455290317
60,B,lr,score,all,0.2,fixed_hold,2312,0.4991349480968858,-0.9458479524388306,1.7951490805304724,-3.740997032969303,2/9,-1.2168440658137032,2312,0.4852941176470588,-1.4960650839415883,1.830479290808499,-4.326544374750087,2/9,-1.3866655265890324
60,B,lr,score,all,0.2,barrier,2312,0.5173010380622838,-0.3257525597388617,1.7951490805304724,-3.120901640269334,3/9,-1.4624332677491794,2312,0.504757785467128,-0.6471540731972827,1.830479290808499,-3.477633364005781,2/9,-1.522503673911279
60,B,lr,score,all,1.0,fixed_hold,11560,0.5208477508650519,0.0307368026367337,1.632340694904876,-2.6016038922681424,1/9,-2.2538805893441576,11560,0.5208477508650519,0.0307368026367337,1.632340694904876,-2.6016038922681424,1/9,-2.2538805893441576
60,B,lr,score,all,1.0,barrier,11560,0.5298442906574394,0.5267126578811793,1.632340694904876,-2.105628037023697,2/9,-2.051463776473602,11560,0.5298442906574394,0.5267126578811793,1.632340694904876,-2.105628037023697,2/9,-2.051463776473602
60,B,lr,ev,all,0.05,fixed_hold,578,0.4671280276816609,-5.496274570987951,2.0013329566469658,-8.497607527634917,1/9,-1.437730557820075,578,0.4480968858131487,-6.520577666781708,1.927448455990138,-9.448026122771845,2/9,-1.2481694811403874
60,B,lr,ev,all,0.05,barrier,578,0.4688581314878893,-2.0350529371065598,2.0013329566469658,-5.036385893753526,3/9,-1.137655884165874,578,0.4550173010380622,-2.0541588110004416,1.927448455990138,-4.981607266990581,3/9,-0.8818762771743865
60,B,lr,ev,all,0.1,fixed_hold,1156,0.4766435986159169,-3.0661542260014385,1.8589717401876704,-5.925125966189111,4/9,-1.31243056886912,1156,0.4896193771626297,-3.884301168989213,1.819292025179445,-6.703593194168658,2/9,-1.283236650040411
60,B,lr,ev,all,0.1,barrier,1156,0.4697231833910034,-1.7335914599923374,1.8589717401876704,-4.592563200180009,3/9,-1.2613664476825992,1156,0.4826989619377163,-1.736408677534294,1.819292025179445,-4.55570070271374,2/9,-1.262512659427076
60,B,lr,ev,all,0.2,fixed_hold,2312,0.5,-1.874564271936621,1.7964689832884542,-4.671033255225075,3/9,-1.5984407063928805,2312,0.5038927335640139,-1.7392444083232776,1.7796628944760124,-4.518907302799291,3/9,-1.4436616041105008
60,B,lr,ev,all,0.2,barrier,2312,0.5121107266435986,0.0523353389476637,1.7964689832884542,-2.74413364434079,4/9,-1.2080728586640326,2312,0.5160034602076125,0.2102906255206688,1.7796628944760124,-2.569372268955344,3/9,-1.0836488085833111
60,B,lr,ev,all,1.0,fixed_hold,11560,0.5208477508650519,0.0307368026367337,1.632340694904876,-2.6016038922681424,1/9,-2.2538805893441576,11560,0.5208477508650519,0.0307368026367337,1.632340694904876,-2.6016038922681424,1/9,-2.2538805893441576
60,B,lr,ev,all,1.0,barrier,11560,0.5298442906574394,0.5267126578811793,1.632340694904876,-2.105628037023697,2/9,-2.051463776473602,11560,0.5298442906574394,0.5267126578811793,1.632340694904876,-2.105628037023697,2/9,-2.051463776473602
60,L2,gb,score,all,0.05,fixed_hold,578,0.4048442906574394,-11.394048735709344,2.355553166954772,-14.749601902664114,1/9,-2.020585803578412,578,0.4740484429065744,-2.7686621786704024,2.191734164935163,-5.960396343605566,1/9,-1.3883204308052153
60,L2,gb,score,all,0.05,barrier,578,0.4429065743944637,-3.642059992472447,2.355553166954772,-6.9976131594272175,1/9,-1.5856294442661814,578,0.5155709342560554,0.7036582748054032,2.191734164935163,-2.488075890129761,1/9,-1.16208503662577
60,L2,gb,score,all,0.1,fixed_hold,1156,0.4480968858131487,-6.697459520445822,2.1669646595439724,-9.864424179989795,1/9,-2.033633705424064,1156,0.4852941176470588,-2.4552226796754457,2.0953146154985443,-5.5505372951739895,1/9,-1.5924785373599768
60,L2,gb,score,all,0.1,barrier,1156,0.4749134948096886,-1.51157641913758,2.1669646595439724,-4.678541078681552,1/9,-1.6692514217692227,1156,0.5008650519031141,-0.080619012594967,2.0953146154985443,-3.1759336280935107,1/9,-1.5577899617494064
60,L2,gb,score,all,0.2,fixed_hold,2312,0.477076124567474,-4.022229604612175,1.993731436494624,-7.015961041106799,1/9,-2.229255122318047,2312,0.5064878892733564,-1.2737514325825066,1.937509274813518,-4.211260707396025,1/9,-1.7219177968893145
60,L2,gb,score,all,0.2,barrier,2312,0.4878892733564013,-1.2031596842638304,1.993731436494624,-4.196891120758454,1/9,-1.992945497609456,2312,0.5211937716262975,0.4223607253254391,1.937509274813518,-2.5151485494880785,1/9,-1.6268532527807924
60,L2,gb,score,all,1.0,fixed_hold,11560,0.5118512110726644,0.0758534015367938,1.632340694904876,-2.5564872933680824,1/9,-3.5031857133758524,11560,0.5188581314878893,0.3343306761862407,1.632340694904876,-2.298010018718635,1/9,-2.561672580038823
60,L2,gb,score,all,1.0,barrier,11560,0.5151384083044983,0.4766537018473511,1.632340694904876,-2.1556869930575253,1/9,-4.0089019752888015,11560,0.5235294117647059,0.5898083929367143,1.632340694904876,-2.042532301968162,1/9,-2.806397200360304
60,L2,gb,ev,all,0.05,fixed_hold,578,0.430795847750865,-11.073838758022296,2.4231984258845145,-14.497037183906812,2/9,-1.1636365925668857,578,0.4480968858131487,-8.418028060388494,2.3131659453728144,-11.731194005761308,3/9,-1.0477108399002606
60,L2,gb,ev,all,0.05,barrier,578,0.4515570934256055,-2.272040229274775,2.4231984258845145,-5.695238655159289,2/9,-0.6782388489918656,578,0.4619377162629758,-1.822969194195,2.3131659453728144,-5.136135139567815,2/9,-0.6814995697139744
60,L2,gb,ev,all,0.1,fixed_hold,1156,0.4489619377162629,-9.016731330719503,2.293212394017761,-12.309943724737265,1/9,-1.534461862032731,1156,0.4653979238754325,-7.052172161477172,2.1826841464403595,-10.23485630791753,1/9,-1.3626580967237367
60,L2,gb,ev,all,0.1,barrier,1156,0.4610726643598616,-2.871354347454146,2.293212394017761,-6.164566741471906,1/9,-1.1325455754446176,1156,0.472318339100346,-2.192761376509939,2.1826841464403595,-5.375445522950299,2/9,-1.0736670114241114
60,L2,gb,ev,all,0.2,fixed_hold,2312,0.4826989619377163,-4.149665840100023,2.0608121896112888,-7.210478029711311,2/9,-1.7792339321775588,2312,0.4939446366782007,-3.255773732002713,2.0477696959592904,-6.303543427962004,1/9,-1.2923337137918494
60,L2,gb,ev,all,0.2,barrier,2312,0.4935121107266436,-0.8075429047483135,2.0608121896112888,-3.868355094359602,2/9,-1.3994838291432938,2312,0.4995674740484429,-0.5502087514708416,2.0477696959592904,-3.5979784474301315,2/9,-1.1128104583872778
60,L2,gb,ev,all,1.0,fixed_hold,11560,0.5118512110726644,0.0758534015367938,1.632340694904876,-2.5564872933680824,1/9,-3.5031857133758524,11560,0.5188581314878893,0.3343306761862407,1.632340694904876,-2.298010018718635,1/9,-2.561672580038823
60,L2,gb,ev,all,1.0,barrier,11560,0.5151384083044983,0.4766537018473511,1.632340694904876,-2.1556869930575253,1/9,-4.0089019752888015,11560,0.5235294117647059,0.5898083929367143,1.632340694904876,-2.042532301968162,1/9,-2.806397200360304
60,L2,lr,score,all,0.05,fixed_hold,578,0.4065743944636678,-3.72028045392488,1.7351698658498351,-6.455450319774715,2/9,-1.7818739509973611,578,0.444636678200692,-0.9808284004280304,1.7540137028114482,-3.7348421032394783,3/9,-1.4564022768014746
60,L2,lr,score,all,0.05,barrier,578,0.430795847750865,-2.302482747329277,1.7351698658498351,-5.037652613179112,2/9,-2.388501860199564,578,0.4532871972318339,-1.29971808852005,1.7540137028114482,-4.053731791331498,2/9,-2.4434760569565968
60,L2,lr,score,all,0.1,fixed_hold,1156,0.4550173010380622,-1.3767119674476265,1.6568106832963312,-4.033522650743957,1/9,-2.403756886562714,1156,0.4524221453287197,-1.62842471044055,1.636987106757252,-4.265411817197801,0/9,-3.867299540123156
60,L2,lr,score,all,0.1,barrier,1156,0.4662629757785467,-0.9752158246390286,1.6568106832963312,-3.63202650793536,1/9,-3.563795580518271,1156,0.458477508650519,-1.366815740905474,1.636987106757252,-4.003802847662726,1/9,-3.696472956734159
60,L2,lr,score,all,0.2,fixed_hold,2312,0.4576124567474048,-1.993973213597357,1.623933422537795,-4.617906636135152,1/9,-3.3718744585012064,2312,0.4718858131487889,-1.114134898873516,1.623158874712808,-3.737293773586324,0/9,-4.1399529193007565
60,L2,lr,score,all,0.2,barrier,2312,0.4701557093425605,-1.143735481768175,1.623933422537795,-3.76766890430597,1/9,-3.9669146394819657,2312,0.472318339100346,-0.922777709640804,1.623158874712808,-3.5459365843536124,1/9,-4.646864612542879
60,L2,lr,score,all,1.0,fixed_hold,11560,0.4819204152249134,-0.834458465046475,1.632340694904876,-3.466799159951352,0/9,-5.65848705999791,11560,0.4943771626297578,-0.211643872739736,1.632340694904876,-2.8439845676446125,0/9,-9.91707858337979
60,L2,lr,score,all,1.0,barrier,11560,0.4890138408304498,-0.3555168058945612,1.632340694904876,-2.987857500799438,0/9,-5.78081304207088,11560,0.4958477508650519,-0.1494470982899526,1.632340694904876,-2.781787793194829,0/9,-9.863535135351531
60,L2,lr,ev,all,0.05,fixed_hold,578,0.444636678200692,-0.0113375856804936,1.8072372646365875,-2.8185748503170807,2/9,-0.5262966160782875,578,0.4792387543252595,2.958257127042798,1.784103361601026,0.17415376544177,2/9,0.0335274776998093
60,L2,lr,ev,all,0.05,barrier,578,0.4653979238754325,-1.293540849668331,1.8072372646365875,-4.100778114304919,1/9,-1.096870509523411,578,0.4965397923875432,0.8702469923250356,1.784103361601026,-1.9138563692759905,2/9,-0.5041377673326303
60,L2,lr,ev,all,0.1,fixed_hold,1156,0.4731833910034602,0.0814597339324796,1.789005375703625,-2.7075456417711465,1/9,-0.9178075536926285,1156,0.4870242214532872,2.60688218310409,1.820001359462371,-0.2131191763582799,3/9,-0.0769912078513661
60,L2,lr,ev,all,0.1,barrier,1156,0.4783737024221453,-0.5032150842976264,1.789005375703625,-3.292220460001252,2/9,-1.273763893148442,1156,0.4930795847750865,0.8581172108034701,1.820001359462371,-1.9618841486589005,2/9,-1.0447261601591715
60,L2,lr,ev,all,0.2,fixed_hold,2312,0.4727508650519031,0.2041068199754754,1.7866496428514025,-2.582542822875926,2/9,-1.374489467805007,2312,0.4736159169550173,0.486370601835751,1.8099058081110175,-2.3235352062752668,3/9,-1.4936101685676726
60,L2,lr,ev,all,0.2,barrier,2312,0.4731833910034602,-0.5240265824205553,1.7866496428514025,-3.310676225271958,2/9,-2.4275390215315,2312,0.4779411764705882,-0.1543126217135934,1.8099058081110175,-2.9642184298246117,1/9,-2.162473070797742
60,L2,lr,ev,all,1.0,fixed_hold,11560,0.4819204152249134,-0.834458465046475,1.632340694904876,-3.466799159951352,0/9,-5.65848705999791,11560,0.4943771626297578,-0.211643872739736,1.632340694904876,-2.8439845676446125,0/9,-9.91707858337979
60,L2,lr,ev,all,1.0,barrier,11560,0.4890138408304498,-0.3555168058945612,1.632340694904876,-2.987857500799438,0/9,-5.78081304207088,11560,0.4958477508650519,-0.1494470982899526,1.632340694904876,-2.781787793194829,0/9,-9.863535135351531
60,PL2,gb,score,all,0.05,fixed_hold,578,0.5934256055363322,-0.1027327309009527,1.3543702538735474,-2.457102984774501,6/9,-0.2220313892686788,582,0.5051546391752577,-5.903235395028205,1.482972710479825,-8.38620810550803,7/9,-0.8187997865931373
60,PL2,gb,score,all,0.05,barrier,578,0.5847750865051903,-2.3417998043392,1.3543702538735474,-4.696170058212747,5/9,-0.4365543715956118,582,0.5051546391752577,-5.015144031067872,1.482972710479825,-7.4981167415476975,6/9,-0.7584873476803315
60,PL2,gb,score,all,0.1,fixed_hold,1156,0.606401384083045,0.692009705495852,1.4687535507558724,-1.7767438452600215,7/9,-0.1920952174273219,1166,0.5291595197255574,-5.070357499879372,1.528817209340418,-7.599174709219788,5/9,-0.875577811390594
60,PL2,gb,score,all,0.1,barrier,1156,0.6219723183391004,1.3347329396393697,1.4687535507558724,-1.134020611116503,6/9,-0.1456250457008182,1166,0.5394511149228131,-2.897169794284103,1.528817209340418,-5.42598700362452,5/9,-0.7121984043216162
60,PL2,gb,score,all,0.2,fixed_hold,2312,0.5895328719723183,0.6899234131971876,1.5499415333389424,-1.860018120141756,5/9,-0.2256924080725795,2312,0.5268166089965398,-4.025118090429258,1.5727712084887404,-6.597889298917998,5/9,-0.971788768451768
60,PL2,gb,score,all,0.2,barrier,2312,0.6120242214532872,2.261444020495981,1.5499415333389424,-0.2884975128429634,7/9,-0.0496949574034067,2312,0.541955017301038,-1.059760082745691,1.5727712084887404,-3.632531291234432,5/9,-0.6672037260540016
60,PL2,gb,score,all,1.0,fixed_hold,11560,0.534083044982699,-0.7602351871461814,1.632340694904876,-3.392575882051057,4/9,-1.3462631712635216,11560,0.5222318339100346,-1.0805262389389647,1.632340694904876,-3.712866933843841,3/9,-1.471634173956306
60,PL2,gb,score,all,1.0,barrier,11560,0.5314878892733564,0.9169678160892012,1.632340694904876,-1.7153728788156746,3/9,-1.2165097306474102,11560,0.5246539792387543,0.5420117240632965,1.632340694904876,-2.0903289708415795,4/9,-1.42735587988752
60,PL2,gb,ev,all,0.05,fixed_hold,578,0.4913494809688581,-5.467897905582066,2.011666069304987,-8.47956397488705,2/9,-0.3756916866040367,578,0.4186851211072664,-14.815797863929314,1.9826567293416648,-17.79845459327098,5/9,-0.9434871102853576
60,PL2,gb,ev,all,0.05,barrier,578,0.472318339100346,-4.339358033533544,2.011666069304987,-7.351024102838527,2/9,-0.4351082035709372,578,0.4065743944636678,-9.051875512297483,1.9826567293416648,-12.034532241639146,5/9,-0.8127619037388504
60,PL2,gb,ev,all,0.1,fixed_hold,1156,0.5311418685121108,-0.0434084047645285,1.874352606882388,-2.9177610116469177,5/9,-0.2263719647815265,1156,0.4083044982698962,-13.145346634655594,1.917241754839126,-16.06258838949472,2/9,-1.2687208847894618
60,PL2,gb,ev,all,0.1,barrier,1156,0.5250865051903114,-0.5609861126690711,1.874352606882388,-3.4353387195514578,6/9,-0.3525222483266302,1156,0.4117647058823529,-6.911201512449703,1.917241754839126,-9.82844326728883,1/9,-1.0493175427247234
60,PL2,gb,ev,all,0.2,fixed_hold,2312,0.5350346020761245,-1.9929895709002436,1.8011637517454702,-4.7941533226457125,5/9,-0.5635462870741851,2312,0.4653979238754325,-6.753530969257431,1.8375805899088973,-9.591111559166327,2/9,-1.2673575794333725
60,PL2,gb,ev,all,0.2,barrier,2312,0.5384948096885813,0.4085929110821291,1.8011637517454702,-2.3925708406633404,4/9,-0.4348613992889923,2312,0.481401384083045,-2.023052751650601,1.8375805899088973,-4.860633341559499,2/9,-0.9879977847501344
60,PL2,gb,ev,all,1.0,fixed_hold,11560,0.534083044982699,-0.7602351871461814,1.632340694904876,-3.392575882051057,4/9,-1.3462631712635216,11560,0.5222318339100346,-1.0805262389389647,1.632340694904876,-3.712866933843841,3/9,-1.471634173956306
60,PL2,gb,ev,all,1.0,barrier,11560,0.5314878892733564,0.9169678160892012,1.632340694904876,-1.7153728788156746,3/9,-1.2165097306474102,11560,0.5246539792387543,0.5420117240632965,1.632340694904876,-2.0903289708415795,4/9,-1.42735587988752
60,PL2,lr,score,all,0.05,fixed_hold,578,0.4982698961937716,-1.5301887034251642,1.6475108067326103,-4.177699510157774,2/9,-1.6080603799082458,578,0.513840830449827,-0.5245068377295571,1.6502019237387513,-3.1747087614683083,3/9,-0.9926379168960544
60,PL2,lr,score,all,0.05,barrier,578,0.5017301038062284,-0.5482513864328556,1.6475108067326103,-3.1957621931654665,1/9,-2.234977931622657,578,0.5121107266435986,-0.2678175034671363,1.6502019237387513,-2.918019427205887,2/9,-1.5122177660303642
60,PL2,lr,score,all,0.1,fixed_hold,1156,0.495674740484429,-2.339200360946057,1.611620422441458,-4.950820783387514,1/9,-2.1179914501856065,1156,0.5155709342560554,-0.8580755774544347,1.6093798891962088,-3.467455466650644,3/9,-1.5866610885883317
60,PL2,lr,score,all,0.1,barrier,1156,0.4991349480968858,-0.8005802835867143,1.611620422441458,-3.4122007060281727,1/9,-2.683659611530935,1156,0.5121107266435986,-0.5079272563889282,1.6093798891962088,-3.117307145585137,2/9,-2.210977109056035
60,PL2,lr,score,all,0.2,fixed_hold,2312,0.5069204152249135,-0.5963372312869835,1.5927507403380567,-3.18908797162504,2/9,-2.5102189885740387,2312,0.5103806228373703,-0.0891273354171844,1.6034513946342823,-2.6925787300514665,3/9,-1.704881570866124
60,PL2,lr,score,all,0.2,barrier,2312,0.513840830449827,-0.2338417319444237,1.5927507403380567,-2.8265924722824805,1/9,-3.371689130578628,2312,0.5151384083044983,0.0677594755658634,1.6034513946342823,-2.5356919190684186,2/9,-2.49488934985775
60,PL2,lr,score,all,1.0,fixed_hold,11560,0.4957612456747405,-0.7742684740864066,1.632340694904876,-3.4066091689912827,1/9,-3.9100960046714337,11560,0.5051903114186851,-0.1387241331536599,1.632340694904876,-2.7710648280585364,0/9,-4.192936904030516
60,PL2,lr,score,all,1.0,barrier,11560,0.4995674740484429,-0.3696547836027942,1.632340694904876,-3.0019954785076703,0/9,-4.8321185514995415,11560,0.5092560553633217,0.2532329844176435,1.632340694904876,-2.379107710487233,0/9,-4.784669891101797
60,PL2,lr,ev,all,0.05,fixed_hold,578,0.4532871972318339,-3.094163720410541,1.8976186582452048,-5.991782378655745,2/9,-1.6218140329693562,578,0.4653979238754325,-1.824823658207003,1.8792502146391223,-4.704073872846125,2/9,-1.4355691406847912
60,PL2,lr,ev,all,0.05,barrier,578,0.4550173010380622,-2.600213062594323,1.8976186582452048,-5.497831720839527,1/9,-2.1164202034339725,578,0.4705882352941176,-1.7941868953165938,1.8792502146391223,-4.673437109955716,1/9,-1.745521983525072
60,PL2,lr,ev,all,0.1,fixed_hold,1156,0.4645328719723183,-3.13678933043865,1.891832134798104,-6.028621465236754,2/9,-1.5536281872033215,1156,0.4775086505190311,-1.304179090801446,1.9024373537896355,-4.206616444591082,3/9,-1.165649644892787
60,PL2,lr,ev,all,0.1,barrier,1156,0.4705882352941176,-1.758410900806143,1.891832134798104,-4.6502430356042455,1/9,-1.928265444799166,1156,0.4792387543252595,-1.35529349790203,1.9024373537896355,-4.257730851691665,1/9,-1.7430873173724466
60,PL2,lr,ev,all,0.2,fixed_hold,2312,0.4766435986159169,-1.3929959167533934,1.8825626161210995,-4.275558532874492,1/9,-1.5574553298007208,2312,0.4692906574394463,-2.2192920376119227,1.8568334505189583,-5.076125488130882,2/9,-1.7425637597379613
60,PL2,lr,ev,all,0.2,barrier,2312,0.4844290657439446,-0.7245767637925159,1.8825626161210995,-3.607139379913615,1/9,-2.2056736573390765,2312,0.4801038062283737,-1.0723024667449452,1.8568334505189583,-3.929135917263904,0/9,-2.321039951024423
60,PL2,lr,ev,all,1.0,fixed_hold,11560,0.4957612456747405,-0.7742684740864066,1.632340694904876,-3.4066091689912827,1/9,-3.9100960046714337,11560,0.5051903114186851,-0.1387241331536599,1.632340694904876,-2.7710648280585364,0/9,-4.192936904030516
60,PL2,lr,ev,all,1.0,barrier,11560,0.4995674740484429,-0.3696547836027942,1.632340694904876,-3.0019954785076703,0/9,-4.8321185514995415,11560,0.5092560553633217,0.2532329844176435,1.632340694904876,-2.379107710487233,0/9,-4.784669891101797
60,ALL,gb,score,all,0.05,fixed_hold,601,0.5557404326123128,-6.38925640137782,1.3603333821927484,-8.749589783570569,6/9,-0.5973081185001334,582,0.6391752577319587,3.5200019162663776,1.524653234246669,0.9953486820197086,6/9,0.2166218151201506
60,ALL,gb,score,all,0.05,barrier,601,0.5590682196339434,-5.047482919880745,1.3603333821927484,-7.407816302073494,7/9,-0.540033989004621,582,0.654639175257732,2.0601186322696345,1.524653234246669,-0.4645346019770334,4/9,-0.1355780473511047
60,ALL,gb,score,all,0.1,fixed_hold,1157,0.6231633535004322,-1.4304329525084312,1.4694947290416671,-3.8999276815500994,6/9,-0.4102804733062056,1156,0.6089965397923875,1.3209874873239782,1.574916733433052,-1.2539292461090743,5/9,-0.172628436747373
60,ALL,gb,score,all,0.1,barrier,1157,0.6231633535004322,-1.2399805458033673,1.4694947290416671,-3.709475274845036,7/9,-0.4243532666054762,1156,0.610726643598616,0.0028955610872044,1.574916733433052,-2.5720211723458477,5/9,-0.4414685624015784
60,ALL,gb,score,all,0.2,fixed_hold,2313,0.6359706009511457,2.744478074227754,1.5524049013988446,0.1920731728289083,6/9,0.0356752709508319,2312,0.6267301038062284,2.622403989482865,1.5734363648387637,0.0489676246441002,6/9,0.0095256116502318
60,ALL,gb,score,all,0.2,barrier,2313,0.6251621271076524,1.3595855487913575,1.5524049013988446,-1.192819352607487,6/9,-0.2578119156216769,2312,0.6141868512110726,1.437139313053988,1.5734363648387637,-1.1362970517847757,6/9,-0.2763924572492106
60,ALL,gb,score,all,1.0,fixed_hold,11560,0.5165224913494809,-0.7066137273466802,1.632340694904876,-3.338954422251556,1/9,-2.790464440960586,11560,0.5225778546712803,0.0538996290155502,1.632340694904876,-2.578441065889326,1/9,-2.1180712785619145
60,ALL,gb,score,all,1.0,barrier,11560,0.5272491349480969,0.4113200752236261,1.632340694904876,-2.22102061968125,2/9,-2.343788687718133,11560,0.532439446366782,0.6331846622676549,1.632340694904876,-1.9991560326372213,2/9,-1.839025030545347
60,ALL,gb,ev,all,0.05,fixed_hold,578,0.4480968858131487,-9.368981205150682,1.9549056405929952,-12.323886845743676,2/9,-0.9188467337027296,578,0.4429065743944637,-15.213390636684965,1.9163752691296487,-18.12976590581461,2/9,-1.300900494359708
60,ALL,gb,ev,all,0.05,barrier,578,0.4290657439446367,-5.812617481705955,1.9549056405929952,-8.767523122298948,3/9,-0.9090996097281644,578,0.4100346020761246,-7.571683158001457,1.9163752691296487,-10.488058427131106,4/9,-1.137585254710261
60,ALL,gb,ev,pred_vol_high,0.05,fixed_hold,578,0.4480968858131487,-9.368981205150682,1.9549056405929952,-12.323886845743676,2/9,-0.9188467337027296,578,0.4429065743944637,-15.213390636684965,1.9163752691296487,-18.12976590581461,2/9,-1.300900494359708
60,ALL,gb,ev,pred_vol_high,0.05,barrier,578,0.4290657439446367,-5.812617481705955,1.9549056405929952,-8.767523122298948,3/9,-0.9090996097281644,578,0.4100346020761246,-7.571683158001457,1.9163752691296487,-10.488058427131106,4/9,-1.137585254710261
60,ALL,gb,ev,all,0.1,fixed_hold,1156,0.4991349480968858,-6.902625755887546,1.9320309816070864,-9.834656737494637,3/9,-0.952141655424832,1156,0.4731833910034602,-13.523584064130208,1.9485268727575584,-16.472110936887766,2/9,-1.4574442592413133
60,ALL,gb,ev,all,0.1,barrier,1156,0.4818339100346021,-3.2205645119025257,1.9320309816070864,-6.152595493509611,4/9,-0.839750225329473,1156,0.4602076124567474,-4.484262777737087,1.9485268727575584,-7.432789650494645,2/9,-1.1719087534827453
60,ALL,gb,ev,pred_vol_high,0.1,fixed_hold,1133,0.4942630185348632,-7.424719626780092,1.9336263339745168,-10.358345960754612,3/9,-0.9788804348729974,1156,0.4731833910034602,-13.523584064130208,1.9485268727575584,-16.472110936887766,2/9,-1.4574442592413133
60,ALL,gb,ev,pred_vol_high,0.1,barrier,1133,0.4774933804060017,-3.471240041516493,1.9336263339745168,-6.404866375491008,4/9,-0.8609235503262201,1156,0.4602076124567474,-4.484262777737087,1.9485268727575584,-7.432789650494645,2/9,-1.1719087534827453
60,ALL,gb,ev,all,0.2,fixed_hold,2312,0.5155709342560554,-6.886993272022628,1.8444474004171971,-9.731440672439826,2/9,-1.4325302839993916,2312,0.4792387543252595,-9.45211246810815,1.840142353691553,-12.292254821799704,2/9,-1.6061191413013258
60,ALL,gb,ev,all,0.2,barrier,2312,0.5207612456747405,-1.7312474997169724,1.8444474004171971,-4.5756949001341685,3/9,-1.0798860728992417,2312,0.4844290657439446,-3.485337437204349,1.840142353691553,-6.325479790895905,2/9,-1.3962997581082908
60,ALL,gb,ev,pred_vol_high,0.2,fixed_hold,2139,0.5049088359046283,-7.93597839633706,1.8670495139851595,-10.80302791032222,2/9,-1.4561989940705302,2210,0.4782805429864253,-9.85683684413272,1.8401290729297453,-12.696965917062462,2/9,-1.5443077264594829
60,ALL,gb,ev,pred_vol_high,0.2,barrier,2139,0.511921458625526,-2.090080313824941,1.8670495139851595,-4.9571298278101,2/9,-1.100632570699059,2210,0.4873303167420814,-3.2807435628370807,1.8401290729297453,-6.120872635766825,2/9,-1.2708969971868789
60,ALL,gb,ev,all,1.0,fixed_hold,11560,0.5165224913494809,-0.7066137273466802,1.632340694904876,-3.338954422251556,1/9,-2.790464440960586,11560,0.5225778546712803,0.0538996290155502,1.632340694904876,-2.578441065889326,1/9,-2.1180712785619145
60,ALL,gb,ev,all,1.0,barrier,11560,0.5272491349480969,0.4113200752236261,1.632340694904876,-2.22102061968125,2/9,-2.343788687718133,11560,0.532439446366782,0.6331846622676549,1.632340694904876,-1.9991560326372213,2/9,-1.839025030545347
60,ALL,gb,ev,pred_vol_high,1.0,fixed_hold,5780,0.4961937716262976,-2.7318960142448114,1.8426910049579392,-5.574587019202751,1/9,-2.173584188948348,5780,0.5105536332179931,-0.936624713888066,1.8394150279466464,-3.776039741834712,1/9,-1.5971847804074917
60,ALL,gb,ev,pred_vol_high,1.0,barrier,5780,0.5164359861591695,-0.1228865579057413,1.8426910049579392,-2.96557756286368,2/9,-1.7262300620214517,5780,0.5290657439446367,0.6212569400020924,1.8394150279466464,-2.218158087944554,3/9,-1.1971440865569107
60,ALL,lr,score,all,0.05,fixed_hold,578,0.5224913494809689,-2.9310091247657293,1.5784539769647985,-5.509463101730527,2/9,-2.199562080114966,578,0.5640138408304498,1.0933430707425718,1.3691644220228651,-1.2758213512802934,4/9,-1.3928536396322029
60,ALL,lr,score,all,0.05,barrier,578,0.5121107266435986,-1.5818258200037216,1.5784539769647985,-4.16027979696852,2/9,-1.712492530296983,578,0.5692041522491349,1.5559992196006345,1.3691644220228651,-0.8131652024222306,3/9,-0.6820233253526679
60,ALL,lr,score,all,0.1,fixed_hold,1156,0.532871972318339,-1.6903694358591714,1.5897392184291197,-4.2801086542882905,2/9,-1.591723006235274,1156,0.5337370242214533,-0.1987348441908073,1.3781658665335477,-2.5769007107243547,3/9,-1.6080459703499626
60,ALL,lr,score,all,0.1,barrier,1156,0.5311418685121108,-0.4801835767140278,1.5897392184291197,-3.069922795143148,3/9,-1.2536471828128328,1156,0.5423875432525952,0.1133398883411583,1.3781658665335477,-2.2648259781923894,3/9,-1.5970933377211718
60,ALL,lr,score,all,0.2,fixed_hold,2312,0.5402249134948097,-0.2532686167129495,1.577345687594108,-2.830614304307057,3/9,-1.3876054122928956,2312,0.528114186851211,0.3549196187688201,1.501100135548525,-2.146180516779704,3/9,-1.1858283837387211
60,ALL,lr,score,all,0.2,barrier,2312,0.5493079584775087,0.5509093002168546,1.577345687594108,-2.0264363873772533,4/9,-1.1243544599139328,2312,0.5263840830449827,-0.0753711581699667,1.501100135548525,-2.5764712937184915,3/9,-1.5575674299977067
60,ALL,lr,score,all,1.0,fixed_hold,11560,0.5211937716262975,0.1671845165074157,1.632340694904876,-2.4651561783974607,1/9,-2.931742021874366,11560,0.5214532871972318,0.5427568475758304,1.632340694904876,-2.0895838473290462,1/9,-2.668704992003802
60,ALL,lr,score,all,1.0,barrier,11560,0.5258650519031142,0.4657999310294811,1.632340694904876,-2.1665407638753957,1/9,-2.9429406771041062,11560,0.527681660899654,0.6565580092195048,1.632340694904876,-1.9757826856853715,0/9,-2.773295542347061
60,ALL,lr,ev,all,0.05,fixed_hold,578,0.4290657439446367,-11.776287841442016,1.8569825453986837,-14.633270386840696,2/9,-1.3807418906228632,578,0.4463667820069204,-7.245441334842134,1.6706057153726337,-9.91604705021477,1/9,-1.1321108498158698
60,ALL,lr,ev,all,0.05,barrier,578,0.4342560553633218,-4.61794378132353,1.8569825453986837,-7.474926326722214,2/9,-1.2303207580140716,578,0.4342560553633218,-3.792253297845346,1.6706057153726337,-6.46285901321798,2/9,-1.030246608894164
60,ALL,lr,ev,pred_vol_high,0.05,fixed_hold,576,0.4288194444444444,-11.8857961514757,1.856809945469512,-14.742606096945217,2/9,-1.388849965638047,569,0.4463971880492091,-7.08315118381203,1.6737689374859883,-9.756920121298018,2/9,-1.088419610076922
60,ALL,lr,ev,pred_vol_high,0.05,barrier,576,0.4340277777777778,-4.661044643475231,1.856809945469512,-7.517854588944742,2/9,-1.2365724251202852,569,0.4340949033391915,-3.6989696649529553,1.6737689374859883,-6.372738602438943,2/9,-0.9931030066093336
60,ALL,lr,ev,all,0.1,fixed_hold,1156,0.4593425605536332,-7.852151269555255,1.824828501667408,-10.676979771222664,2/9,-1.626463355777309,1156,0.4826989619377163,-4.437833234676247,1.647947400324385,-7.085780635000631,2/9,-1.190321761369909
60,ALL,lr,ev,all,0.1,barrier,1156,0.4636678200692041,-2.6437755318591525,1.824828501667408,-5.46860403352656,2/9,-1.3980299814317756,1156,0.4835640138408305,-1.8946002605313357,1.647947400324385,-4.54254766085572,3/9,-1.1382681365173433
60,ALL,lr,ev,pred_vol_high,0.1,fixed_hold,1110,0.4531531531531531,-8.31824601846589,1.835245403667339,-11.15349142213323,2/9,-1.60822887349442,1053,0.466286799620133,-5.096212658306739,1.6802561870608996,-7.7764688453676385,2/9,-1.1692076595979355
60,ALL,lr,ev,pred_vol_high,0.1,barrier,1110,0.4585585585585585,-2.783205777856867,1.835245403667339,-5.618451181524205,2/9,-1.3641672164018293,1053,0.4738841405508072,-2.033548075070211,1.6802561870608996,-4.71380426213111,3/9,-1.060233904184365
60,ALL,lr,ev,all,0.2,fixed_hold,2312,0.4878892733564013,-3.815481735745988,1.7789684426730463,-6.594450178419034,1/9,-1.9788818424460404,2312,0.5064878892733564,-1.5536400075740164,1.6775019205615864,-4.231141928135604,3/9,-1.2232815356427496
60,ALL,lr,ev,all,0.2,barrier,2312,0.4969723183391003,-1.0464793387992628,1.7789684426730463,-3.8254477814723087,0/9,-1.8422767322417932,2312,0.513840830449827,-0.0202409775382967,1.6775019205615864,-2.697742898099884,5/9,-1.1387373536568912
60,ALL,lr,ev,pred_vol_high,0.2,fixed_hold,1999,0.4732366183091546,-4.983402760656902,1.8189954695170245,-7.802398230173926,1/9,-1.859502721683052,1853,0.4910955207771182,-2.645094977293669,1.7534938614579687,-5.398588838751638,1/9,-1.1871018930020418
60,ALL,lr,ev,pred_vol_high,0.2,barrier,1999,0.4877438719359679,-1.3577439450410378,1.8189954695170245,-4.176739414558062,2/9,-1.6666934109974072,1853,0.5072854830005397,-0.1712209250080217,1.7534938614579687,-2.924714786465989,4/9,-0.9721638360369204
60,ALL,lr,ev,all,1.0,fixed_hold,11560,0.5211937716262975,0.1671845165074157,1.632340694904876,-2.4651561783974607,1/9,-2.931742021874366,11560,0.5214532871972318,0.5427568475758304,1.632340694904876,-2.0895838473290462,1/9,-2.668704992003802
60,ALL,lr,ev,all,1.0,barrier,11560,0.5258650519031142,0.4657999310294811,1.632340694904876,-2.1665407638753957,1/9,-2.9429406771041062,11560,0.527681660899654,0.6565580092195048,1.632340694904876,-1.9757826856853715,0/9,-2.773295542347061
60,ALL,lr,ev,pred_vol_high,1.0,fixed_hold,5780,0.5027681660899654,-1.1124789230749117,1.8426910049579392,-3.9551699280328503,1/9,-1.899224282377504,5780,0.506401384083045,-0.2447494622535545,1.8394150279466464,-3.084164490200201,2/9,-1.613828579204761
60,ALL,lr,ev,pred_vol_high,1.0,barrier,5780,0.5171280276816609,0.1887850836173382,1.8426910049579392,-2.653905921340601,2/9,-1.716845461410494,5780,0.5217993079584775,0.5837760190612732,1.8394150279466464,-2.2556390088853737,3/9,-1.538528137616589
120,P,gb,score,all,0.05,fixed_hold,575,0.5652173913043478,1.1580175010013805,1.5194932927278475,-1.3614757917264686,6/9,-0.0683546936398575,582,0.436426116838488,-2.3196874149602014,1.530941077485264,-4.850628492445466,5/9,-0.5049045500937274
120,P,gb,score,all,0.05,barrier,575,0.5704347826086956,-1.057377949895588,1.5194932927278475,-3.576871242623436,6/9,-0.1786840133588228,582,0.5051546391752577,0.3158101273773802,1.530941077485264,-2.215130950107885,5/9,-0.1748989897590037
120,P,gb,score,all,0.1,fixed_hold,1166,0.6192109777015438,2.918836627301149,1.4830014377983614,0.4358351895027887,7/9,0.0289009227788364,1156,0.4610726643598616,-4.218858035300027,1.6035078154652092,-6.8223658507652365,7/9,-0.5847066730046838
120,P,gb,score,all,0.1,barrier,1166,0.5857632933104632,0.0459157599438814,1.4830014377983614,-2.4370856778544794,7/9,-0.1691494509778519,1156,0.4826989619377163,-2.203001018557555,1.6035078154652092,-4.806508834022765,6/9,-0.3734383714634754
120,P,gb,score,all,0.2,fixed_hold,2300,0.6721739130434783,6.612949489077957,1.500172936674367,4.112776552403592,6/9,0.3596443079487921,2309,0.4984841922910351,-4.547621425890728,1.6203289372306475,-7.167950363121377,5/9,-0.7737778183720955
120,P,gb,score,all,0.2,barrier,2300,0.6152173913043478,3.0078581753317777,1.500172936674367,0.5076852386574138,7/9,0.0519402533292068,2309,0.4820268514508445,-2.951809955195418,1.6203289372306475,-5.572138892426064,4/9,-0.6998883706728685
120,P,gb,score,all,1.0,fixed_hold,11500,0.5886956521739131,0.6052434948227642,1.636591838871288,-2.0313483440485256,5/9,-0.3913229108143829,11500,0.5145217391304348,-4.260378151056536,1.636591838871288,-6.896969989927824,3/9,-1.0937107401325108
120,P,gb,score,all,1.0,barrier,11500,0.577304347826087,3.789893299151185,1.636591838871288,1.153301460279896,7/9,0.3787784248488035,11500,0.5189565217391304,-0.4138662324966439,1.636591838871288,-3.0504580713679323,4/9,-0.7446428309689995
120,P,gb,ev,all,0.05,fixed_hold,575,0.591304347826087,9.855241468035835,1.940012355152144,6.915229112883694,5/9,0.2377317451768692,575,0.5373913043478261,6.032495057232697,1.9106000574570376,3.1218949997756624,5/9,0.1494311496137203
120,P,gb,ev,all,0.05,barrier,575,0.5304347826086957,-2.814469549284592,1.940012355152144,-5.754481904436731,6/9,-0.3029335349809118,575,0.5565217391304348,3.3306229401550365,1.9106000574570376,0.4200228826979993,6/9,0.0296387101391167
120,P,gb,ev,all,0.1,fixed_hold,1150,0.488695652173913,-5.102958401529251,1.9225790345613836,-8.025537436090632,4/9,-0.3739998720009104,1150,0.3973913043478261,-16.289057887142466,1.8876767923700748,-19.17673467951253,4/9,-1.011102172050519
120,P,gb,ev,all,0.1,barrier,1150,0.4582608695652174,-7.2795785051328386,1.9225790345613836,-10.20215753969422,4/9,-0.6720465219989828,1150,0.4391304347826087,-5.648728068221425,1.8876767923700748,-8.5364048605915,4/9,-0.6763287436375133
120,P,gb,ev,all,0.2,fixed_hold,2300,0.5256521739130435,-4.261050582581545,1.8236242167207908,-7.084674799302334,4/9,-0.4315365528173279,2300,0.4282608695652174,-17.03863336730926,1.8408533662923463,-19.87948673360161,4/9,-1.307358581841419
120,P,gb,ev,all,0.2,barrier,2300,0.5295652173913044,-0.9831196164173748,1.8236242167207908,-3.8067438331381647,5/9,-0.3461444603753121,2300,0.4582608695652174,-6.024058278419367,1.8408533662923463,-8.864911644711714,3/9,-0.8342065074075637
120,P,gb,ev,all,1.0,fixed_hold,11500,0.5886956521739131,0.6052434948227642,1.636591838871288,-2.0313483440485256,5/9,-0.3913229108143829,11500,0.5145217391304348,-4.260378151056536,1.636591838871288,-6.896969989927824,3/9,-1.0937107401325108
120,P,gb,ev,all,1.0,barrier,11500,0.577304347826087,3.789893299151185,1.636591838871288,1.153301460279896,7/9,0.3787784248488035,11500,0.5189565217391304,-0.4138662324966439,1.636591838871288,-3.0504580713679323,4/9,-0.7446428309689995
120,P,lr,score,all,0.05,fixed_hold,575,0.4713043478260869,-6.127009286239804,1.6991953174640613,-8.826204603703863,5/9,-0.4076064346200413,575,0.4226086956521739,-15.237070856857478,1.8398268377710172,-18.0768976946285,4/9,-0.7317405721438187
120,P,lr,score,all,0.05,barrier,575,0.4973913043478261,-8.426196271093529,1.6991953174640613,-11.125391588557587,5/9,-0.8211368402247093,575,0.44,-13.409354767411749,1.8398268377710172,-16.249181605182763,4/9,-1.0456892557284416
120,P,lr,score,all,0.1,fixed_hold,1150,0.4843478260869565,-7.934161160047033,1.7077983958823468,-10.64195955592938,4/9,-0.5904372598931475,1150,0.4573913043478261,-11.104014457436774,1.778137046436675,-13.882151503873452,4/9,-0.7229792132915059
120,P,lr,score,all,0.1,barrier,1150,0.5217391304347826,-4.57959193463488,1.7077983958823468,-7.287390330517226,4/9,-0.6810083522874283,1150,0.4939130434782608,-6.4521035543439815,1.778137046436675,-9.230240600780656,4/9,-0.8395218725398788
120,P,lr,score,all,0.2,fixed_hold,2300,0.5152173913043478,-8.223424527447222,1.6928372443940285,-10.91626177184125,4/9,-0.7431374658615073,2300,0.5195652173913043,-8.312524943455038,1.714018175263487,-11.026543118718529,5/9,-0.7452261234317689
120,P,lr,score,all,0.2,barrier,2300,0.5347826086956522,-2.903203115549019,1.6928372443940285,-5.596040359943047,4/9,-0.6571785246150799,2300,0.538695652173913,-2.4471444423330704,1.714018175263487,-5.161162617596559,5/9,-0.6265540233900125
120,P,lr,score,all,1.0,fixed_hold,11500,0.5627826086956522,0.5180462755396328,1.636591838871288,-2.1185455633316552,3/9,-0.3803090108711144,11500,0.5485217391304348,-0.6965796299887639,1.636591838871288,-3.333171468860052,2/9,-0.619203872282013
120,P,lr,score,all,1.0,barrier,11500,0.5630434782608695,3.242759209709668,1.636591838871288,0.6061673708383791,5/9,0.1952128794945174,11500,0.5517391304347826,2.7118936417184107,1.636591838871288,0.0753018028471217,5/9,0.0242839372164351
120,P,lr,ev,all,0.05,fixed_hold,575,0.3930434782608695,-25.836295781139995,2.098967150510485,-28.93526293165048,3/9,-0.774993090979113,575,0.3791304347826087,-28.51848044841875,2.109905627610245,-31.62838607602899,3/9,-0.8467801176357678
120,P,lr,ev,all,0.05,barrier,575,0.3808695652173913,-18.84030104776143,2.098967150510485,-21.939268198271915,3/9,-0.9575188020653154,575,0.3617391304347826,-20.43929247022467,2.109905627610245,-23.54919809783492,2/9,-1.040798345559793
120,P,lr,ev,all,0.1,fixed_hold,1150,0.4530434782608695,-17.13896703957647,2.0265910825480016,-20.165558122124462,3/9,-0.8413835080807636,1150,0.448695652173913,-17.53452531583224,2.031849381113952,-20.566374696946188,3/9,-0.823819384603811
120,P,lr,ev,all,0.1,barrier,1150,0.4365217391304348,-10.321542126338649,2.0265910825480016,-13.348133208886653,3/9,-0.9827046180459632,1150,0.4191304347826087,-11.19287119350922,2.031849381113952,-14.224720574623175,3/9,-1.0372610172894683
120,P,lr,ev,all,0.2,fixed_hold,2300,0.5265217391304348,-8.251670151760855,1.9403951063101743,-11.19206525807103,4/9,-0.6141322646039389,2300,0.5256521739130435,-9.911082551042064,1.96941374558858,-12.880496296630644,4/9,-0.6737332534154835
120,P,lr,ev,all,0.2,barrier,2300,0.5178260869565218,-2.511850881486302,1.9403951063101743,-5.452245987796476,4/9,-0.5745328481878479,2300,0.5204347826086957,-1.7582694602295574,1.96941374558858,-4.727683205818139,4/9,-0.4726170214237807
120,P,lr,ev,all,1.0,fixed_hold,11500,0.5627826086956522,0.5180462755396328,1.636591838871288,-2.1185455633316552,3/9,-0.3803090108711144,11500,0.5485217391304348,-0.6965796299887639,1.636591838871288,-3.333171468860052,2/9,-0.619203872282013
120,P,lr,ev,all,1.0,barrier,11500,0.5630434782608695,3.242759209709668,1.636591838871288,0.6061673708383791,5/9,0.1952128794945174,11500,0.5517391304347826,2.7118936417184107,1.636591838871288,0.0753018028471217,5/9,0.0242839372164351
120,F,gb,score,all,0.05,fixed_hold,575,0.5008695652173913,-6.581382942030946,1.8194827469780428,-9.40086568900899,5/9,-0.9388426578573832,575,0.2817391304347826,-31.263958023339484,2.167936250230506,-34.43189427356999,3/9,-1.7657463724460394
120,F,gb,score,all,0.05,barrier,575,0.488695652173913,-3.627821406616028,1.8194827469780428,-6.447304153594072,3/9,-0.8865332981599827,575,0.2765217391304347,-17.59328645064853,2.167936250230506,-20.76122270087904,3/9,-1.63896258380489
120,F,gb,score,all,0.1,fixed_hold,1150,0.508695652173913,-3.169176425750858,1.8692338566873,-6.038410282438158,5/9,-0.7445367365561069,1151,0.4396177237185056,-11.424824419390507,1.9816753485274297,-14.406499767917936,4/9,-1.6051994369509972
120,F,gb,score,all,0.1,barrier,1150,0.4991304347826087,-1.0938389950761698,1.8692338566873,-3.963072851763468,4/9,-0.6263676399490874,1151,0.4300608166811468,-6.65590740109643,1.9816753485274297,-9.637582749623858,4/9,-1.4468257864895069
120,F,gb,score,all,0.2,fixed_hold,2300,0.5152173913043478,-1.5704231570964104,1.8548595007527715,-4.4252826578491815,4/9,-0.8634319938771449,2300,0.5117391304347826,-3.737956980586001,1.851249159473666,-6.589206140059664,3/9,-1.4525612787967583
120,F,gb,score,all,0.2,barrier,2300,0.5060869565217392,-0.0728575991612358,1.8548595007527715,-2.9277170999140067,4/9,-0.6047023107249136,2300,0.5108695652173914,-1.1445554903619723,1.851249159473666,-3.995804649835639,4/9,-0.98436368826507
120,F,gb,score,all,1.0,fixed_hold,11500,0.5256521739130435,-0.3245604036554805,1.636591838871288,-2.9611522425267687,2/9,-1.9278817228847125,11500,0.5316521739130434,0.3632355511463782,1.636591838871288,-2.2733562877249103,2/9,-1.1466070802371855
120,F,gb,score,all,1.0,barrier,11500,0.5137391304347826,0.5222050645082758,1.636591838871288,-2.1143867743630125,3/9,-1.6239497831179466,11500,0.5195652173913043,0.4265245776916421,1.636591838871288,-2.2100672611796464,2/9,-1.3213332501432054
120,F,gb,ev,all,0.05,fixed_hold,575,0.4904347826086956,-2.660041368499701,2.1297722705572286,-5.78981363905693,4/9,-0.4301936428025366,575,0.3391304347826087,-29.742688508493003,2.208690163643632,-32.95137867213665,2/9,-1.8405705733377733
120,F,gb,ev,all,0.05,barrier,575,0.4852173913043478,1.7995873675281266,2.1297722705572286,-1.3301849030291029,4/9,-0.1346930717144949,575,0.328695652173913,-15.085702527540068,2.208690163643632,-18.2943926911837,2/9,-1.5757461781625963
120,F,gb,ev,all,0.1,fixed_hold,1150,0.4782608695652174,-4.203643984682129,2.0839621648347326,-7.2876061495168605,5/9,-0.8731065950708032,1150,0.4573913043478261,-10.50987268543791,2.074513721428956,-13.584386406866868,2/9,-1.575734653957383
120,F,gb,ev,all,0.1,barrier,1150,0.4739130434782608,-2.066235383660581,2.0839621648347326,-5.150197548495311,4/9,-0.91036948356368,1150,0.4495652173913043,-4.833747245952849,2.074513721428956,-7.908260967381804,4/9,-1.135668868456731
120,F,gb,ev,all,0.2,fixed_hold,2300,0.51,-2.269271845222784,1.9607949824885256,-5.230066827711309,3/9,-1.353464959700345,2300,0.5139130434782608,-5.846176640227757,1.9154674221590493,-8.761644062386805,4/9,-1.866020382212145
120,F,gb,ev,all,0.2,barrier,2300,0.5082608695652174,-0.3135142821001631,1.9607949824885256,-3.2743092645886884,4/9,-0.8375129044084233,2300,0.5082608695652174,-1.5012269748323297,1.9154674221590493,-4.41669439699138,4/9,-0.9293044118071416
120,F,gb,ev,all,1.0,fixed_hold,11500,0.5256521739130435,-0.3245604036554805,1.636591838871288,-2.9611522425267687,2/9,-1.9278817228847125,11500,0.5316521739130434,0.3632355511463782,1.636591838871288,-2.2733562877249103,2/9,-1.1466070802371855
120,F,gb,ev,all,1.0,barrier,11500,0.5137391304347826,0.5222050645082758,1.636591838871288,-2.1143867743630125,3/9,-1.6239497831179466,11500,0.5195652173913043,0.4265245776916421,1.636591838871288,-2.2100672611796464,2/9,-1.3213332501432054
120,F,lr,score,all,0.05,fixed_hold,575,0.5113043478260869,-3.554924397454823,1.832790576586816,-6.387714974041639,5/9,-0.6397362481519637,575,0.5652173913043478,3.52339204840162,1.7346608553317897,0.7887311930698295,4/9,0.1955754229653095
120,F,lr,score,all,0.05,barrier,575,0.48,-0.6063964591231888,1.832790576586816,-3.439187035710007,4/9,-0.5455246880833885,575,0.542608695652174,4.677350434212381,1.7346608553317897,1.942689578880591,5/9,0.3930989846916498
120,F,lr,score,all,0.1,fixed_hold,1150,0.5313043478260869,0.4204158073132584,1.8227923662066083,-2.4023765588933506,6/9,-0.2843666641768873,1150,0.5626086956521739,4.414034966662111,1.749917959832196,1.6641170068299167,4/9,0.4010370616636345
120,F,lr,score,all,0.1,barrier,1150,0.5121739130434783,1.598795187001802,1.8227923662066083,-1.2239971792048072,5/9,-0.2416976805644884,1150,0.5295652173913044,2.34880409395449,1.749917959832196,-0.4011138658777062,6/9,-0.1156911983774071
120,F,lr,score,all,0.2,fixed_hold,2300,0.5634782608695652,4.682879420489598,1.7712810379811152,1.9115983825084824,5/9,0.2779556060320177,2300,0.578695652173913,6.81923696016376,1.7007525967444526,4.118484363419308,4/9,1.1593050345704683
120,F,lr,score,all,0.2,barrier,2300,0.5356521739130434,3.575690818066565,1.7712810379811152,0.8044097800854505,6/9,0.181906356083178,2300,0.56,4.348163626383076,1.7007525967444526,1.6474110296386224,6/9,0.6207979298710896
120,F,lr,score,all,1.0,fixed_hold,11500,0.5508695652173913,3.640297379602483,1.636591838871288,1.003705540731195,5/9,0.2958554495932835,11500,0.5403478260869565,2.2928982121059387,1.636591838871288,-0.3436936267653487,5/9,-0.0987584237415552
120,F,lr,score,all,1.0,barrier,11500,0.5459130434782609,3.0575201576439204,1.636591838871288,0.4209283187726325,5/9,0.2338442417464094,11500,0.5437391304347826,2.2564340655889663,1.636591838871288,-0.3801577732823221,4/9,-0.1928036605407513
120,F,lr,ev,all,0.05,fixed_hold,575,0.5930434782608696,7.611411194343153,2.11970849808101,4.491702696262142,4/9,0.3750063489642356,575,0.6504347826086957,10.833285055022134,2.0294228479187746,7.803862207103358,3/9,1.2026728139628635
120,F,lr,ev,all,0.05,barrier,575,0.591304347826087,6.815456715593547,2.11970849808101,3.695748217512537,3/9,0.5724666941964797,575,0.6643478260869565,13.583432849488863,2.0294228479187746,10.554010001570092,5/9,1.5329699610320229
120,F,lr,ev,all,0.1,fixed_hold,1150,0.6095652173913043,8.6076449345295,2.048033476652811,5.559611457876689,3/9,0.6362134223626048,1150,0.6278260869565218,12.08837366418184,1.996904150977986,9.091469513203853,4/9,1.6202894123183067
120,F,lr,ev,all,0.1,barrier,1150,0.6139130434782609,8.862102736298066,2.048033476652811,5.814069259645256,3/9,0.8255015073634591,1150,0.6304347826086957,11.645942397233265,1.996904150977986,8.649038246255275,5/9,1.2974152418836276
120,F,lr,ev,all,0.2,fixed_hold,2300,0.6008695652173913,7.90680772985047,1.9268071066595227,4.980000623190946,4/9,0.6778769295317048,2300,0.6139130434782609,11.588979284141388,1.9306843775443432,8.658294906597044,5/9,1.4814766739163103
120,F,lr,ev,all,0.2,barrier,2300,0.6004347826086956,7.802615243082709,1.9268071066595227,4.875808136423187,4/9,0.8702807230687578,2300,0.6008695652173913,8.709643896171936,1.9306843775443432,5.778959518627591,3/9,1.006675934939366
120,F,lr,ev,all,1.0,fixed_hold,11500,0.5508695652173913,3.640297379602483,1.636591838871288,1.003705540731195,5/9,0.2958554495932835,11500,0.5403478260869565,2.2928982121059387,1.636591838871288,-0.3436936267653487,5/9,-0.0987584237415552
120,F,lr,ev,all,1.0,barrier,11500,0.5459130434782609,3.0575201576439204,1.636591838871288,0.4209283187726325,5/9,0.2338442417464094,11500,0.5437391304347826,2.2564340655889663,1.636591838871288,-0.3801577732823221,4/9,-0.1928036605407513
120,B,gb,score,all,0.05,fixed_hold,854,0.5140515222482436,0.1669821932752232,1.3986806617155685,-2.231698468440345,5/9,-1.1817628155532447,808,0.556930693069307,0.0178851291177337,1.3365466185937145,-2.318661489475981,5/9,-0.6288048805980444
120,B,gb,score,all,0.05,barrier,854,0.4976580796252927,-0.7133071407923137,1.3986806617155685,-3.1119878025078824,5/9,-1.3342114144946635,808,0.5495049504950495,0.9752354433419388,1.3365466185937145,-1.3613111752517757,5/9,-0.4566876160091156
120,B,gb,score,all,0.1,fixed_hold,1292,0.5201238390092879,0.8767428521750075,1.4398370004846537,-1.5630941483096472,5/9,-0.6554179105508625,1161,0.5555555555555556,0.1093693826347618,1.3667126656654665,-2.2573432830307056,4/9,-0.7127039238989654
120,B,gb,score,all,0.1,barrier,1292,0.5085139318885449,0.1018535721360201,1.4398370004846537,-2.3379834283486334,2/9,-1.2751108780045866,1161,0.5452196382428941,0.5473813519695911,1.3667126656654665,-1.8193313136958755,5/9,-0.6128111981858795
120,B,gb,score,all,0.2,fixed_hold,2349,0.5291613452532993,0.8031510106828404,1.5166245955402853,-1.713473584857445,5/9,-0.8159573880999298,2314,0.5388936905790839,-0.0245315300418718,1.419666004812072,-2.444197534853944,5/9,-0.7159548720878773
120,B,gb,score,all,0.2,barrier,2349,0.5163899531715623,0.4838847956224984,1.5166245955402853,-2.032739799917787,4/9,-1.1141305379292423,2314,0.5337078651685393,0.050937832634842,1.419666004812072,-2.36872817217723,4/9,-0.7875622591883631
120,B,gb,score,all,1.0,fixed_hold,11500,0.5157391304347826,-0.0679018761470177,1.636591838871288,-2.7044937150183066,2/9,-1.202563310848629,11500,0.5157391304347826,-0.0679018761470177,1.636591838871288,-2.7044937150183066,2/9,-1.202563310848629
120,B,gb,score,all,1.0,barrier,11500,0.5092173913043478,-0.2647516120163497,1.636591838871288,-2.901343450887637,2/9,-1.1913743145894329,11500,0.5092173913043478,-0.2647516120163497,1.636591838871288,-2.901343450887637,2/9,-1.1913743145894329
120,B,gb,ev,all,0.05,fixed_hold,575,0.4382608695652173,-5.990308591405679,1.8145357210121815,-8.804844312417863,3/9,-0.5550857670992501,575,0.4382608695652173,-6.339111942574907,1.8105236570967072,-9.149635599671612,3/9,-0.5435029660294347
120,B,gb,ev,all,0.05,barrier,575,0.4191304347826087,-9.355245572097092,1.8145357210121815,-12.169781293109276,3/9,-0.7441940610576722,575,0.417391304347826,-9.267266488451895,1.8105236570967072,-12.0777901455486,3/9,-0.7161679067796869
120,B,gb,ev,all,0.1,fixed_hold,1150,0.4443478260869565,-7.067171046311562,1.8848464300342256,-9.952017476345787,4/9,-0.7681806393619397,1150,0.4513043478260869,-8.020697634766558,1.9072898741848867,-10.927987508951444,4/9,-0.7688276723935902
120,B,gb,ev,all,0.1,barrier,1150,0.4269565217391304,-9.604107527979314,1.8848464300342256,-12.48895395801354,3/9,-1.035965138474331,1150,0.4347826086956521,-8.911859560204299,1.9072898741848867,-11.819149434389184,3/9,-0.9503987294469712
120,B,gb,ev,all,0.2,fixed_hold,2300,0.4534782608695652,-11.026158504020817,1.8539587725954945,-13.880117276616312,3/9,-1.0062533683835388,2300,0.4682608695652174,-9.55314756582159,1.857089065535844,-12.41023663135743,3/9,-0.9457236589931022
120,B,gb,ev,all,0.2,barrier,2300,0.4391304347826087,-9.02698922263654,1.8539587725954945,-11.880947995232036,2/9,-1.2132575529934695,2300,0.4517391304347826,-7.699199383541916,1.857089065535844,-10.556288449077762,2/9,-1.1439219427610057
120,B,gb,ev,all,1.0,fixed_hold,11500,0.5157391304347826,-0.0679018761470177,1.636591838871288,-2.7044937150183066,2/9,-1.202563310848629,11500,0.5157391304347826,-0.0679018761470177,1.636591838871288,-2.7044937150183066,2/9,-1.202563310848629
120,B,gb,ev,all,1.0,barrier,11500,0.5092173913043478,-0.2647516120163497,1.636591838871288,-2.901343450887637,2/9,-1.1913743145894329,11500,0.5092173913043478,-0.2647516120163497,1.636591838871288,-2.901343450887637,2/9,-1.1913743145894329
120,B,lr,score,all,0.05,fixed_hold,575,0.5408695652173913,5.435331670356654,2.099526359053515,2.335805311303141,2/9,0.238546566119233,575,0.5617391304347826,6.007277099269962,2.1213923336210168,2.885884765648945,2/9,0.2965675589366363
120,B,lr,score,all,0.05,barrier,575,0.5391304347826087,3.154786835850873,2.099526359053515,0.055260476797359,3/9,0.0064086747795778,575,0.551304347826087,3.717127999978816,2.1213923336210168,0.5957356663577993,2/9,0.0714455844498297
120,B,lr,score,all,0.1,fixed_hold,1150,0.5539130434782609,4.057298092894581,2.005108126989499,1.0521899659050822,2/9,0.1186781873190815,1150,0.5452173913043479,3.533848398789893,2.0275081333087788,0.5063402654811126,2/9,0.0547531077315504
120,B,lr,score,all,0.1,barrier,1150,0.5304347826086957,2.259588889155419,2.005108126989499,-0.7455192378340788,3/9,-0.0947949361436321,1150,0.5252173913043479,1.967390996491079,2.0275081333087788,-1.0601171368177,3/9,-0.1347478069445646
120,B,lr,score,all,0.2,fixed_hold,2300,0.5060869565217392,-2.625066062001062,1.895063764905529,-5.520129826906592,3/9,-0.6959678633909602,2300,0.5104347826086957,-2.2093509895093795,1.922373991390545,-5.131724980899925,2/9,-0.6464491744421154
120,B,lr,score,all,0.2,barrier,2300,0.4943478260869565,-1.7068506356135915,1.895063764905529,-4.60191440051912,3/9,-0.6946290618797233,2300,0.4956521739130435,-1.1585485401950677,1.922373991390545,-4.080922531585614,3/9,-0.6091173215751576
120,B,lr,score,all,1.0,fixed_hold,11500,0.5157391304347826,-0.0679018761470177,1.636591838871288,-2.7044937150183066,2/9,-1.202563310848629,11500,0.5157391304347826,-0.0679018761470177,1.636591838871288,-2.7044937150183066,2/9,-1.202563310848629
120,B,lr,score,all,1.0,barrier,11500,0.5092173913043478,-0.2647516120163497,1.636591838871288,-2.901343450887637,2/9,-1.1913743145894329,11500,0.5092173913043478,-0.2647516120163497,1.636591838871288,-2.901343450887637,2/9,-1.1913743145894329
120,B,lr,ev,all,0.05,fixed_hold,575,0.4904347826086956,-1.7041699284993244,2.044272161689546,-4.74844209018887,3/9,-0.938873964942426,575,0.4869565217391304,-1.7917845349288088,2.123203240742441,-4.91498777567125,4/9,-0.762922860024163
120,B,lr,ev,all,0.05,barrier,575,0.4921739130434782,-0.5009586150352848,2.044272161689546,-3.545230776724834,4/9,-0.6738678145069533,575,0.4643478260869565,-2.268307831809741,2.123203240742441,-5.391511072552182,4/9,-0.8385580231504522
120,B,lr,ev,all,0.1,fixed_hold,1150,0.5234782608695652,3.270375503837857,2.063668230897381,0.2067072729404759,3/9,0.0439182624508783,1150,0.5452173913043479,4.952336584416104,2.072084251877412,1.8802523325386895,4/9,0.354790074220279
120,B,lr,ev,all,0.1,barrier,1150,0.5173913043478261,1.779686570375576,2.063668230897381,-1.283981660521805,4/9,-0.2683883693197361,1150,0.5356521739130434,2.361621744963735,2.072084251877412,-0.7104625069136771,5/9,-0.1416011489534573
120,B,lr,ev,all,0.2,fixed_hold,2300,0.4969565217391304,0.8423752433230056,1.975731746732014,-2.13335650340901,4/9,-0.8436189937572145,2300,0.4921739130434782,0.6579466474868498,1.9801824976585527,-2.322235850171704,3/9,-0.9584769144237844
120,B,lr,ev,all,0.2,barrier,2300,0.487391304347826,-0.0776458042950192,1.975731746732014,-3.053377551027034,2/9,-0.9666485349539558,2300,0.4834782608695652,-0.4476835722792869,1.9801824976585527,-3.4278660699378403,2/9,-1.0165931604235814
120,B,lr,ev,all,1.0,fixed_hold,11500,0.5157391304347826,-0.0679018761470177,1.636591838871288,-2.7044937150183066,2/9,-1.202563310848629,11500,0.5157391304347826,-0.0679018761470177,1.636591838871288,-2.7044937150183066,2/9,-1.202563310848629
120,B,lr,ev,all,1.0,barrier,11500,0.5092173913043478,-0.2647516120163497,1.636591838871288,-2.901343450887637,2/9,-1.1913743145894329,11500,0.5092173913043478,-0.2647516120163497,1.636591838871288,-2.901343450887637,2/9,-1.1913743145894329
120,L2,gb,score,all,0.05,fixed_hold,575,0.4591304347826087,-6.848258070436787,1.8835505884092605,-9.731808658846044,2/9,-1.8966165832049036,575,0.4643478260869565,-3.0803659079311743,1.6814899107225076,-5.7618558186536815,3/9,-1.226269901821422
120,L2,gb,score,all,0.05,barrier,575,0.4539130434782609,-2.4301035647681632,1.8835505884092605,-5.313654153177423,1/9,-1.470886988290396,575,0.4573913043478261,-2.8004125233523136,1.6814899107225076,-5.48190243407482,3/9,-1.807547465768993
120,L2,gb,score,all,0.1,fixed_hold,1150,0.4791304347826087,-4.398134005870686,1.839926036467304,-7.238060042337991,2/9,-1.8585230722679384,1150,0.4834782608695652,-2.81435107550861,1.6573375594884745,-5.4716886349970855,3/9,-1.6495954014791037
120,L2,gb,score,all,0.1,barrier,1150,0.4791304347826087,-0.7808037489729259,1.839926036467304,-3.62072978544023,2/9,-1.3598599047868365,1150,0.4739130434782608,-2.4069460898549173,1.6573375594884745,-5.064283649343391,2/9,-2.473893574995853
120,L2,gb,score,all,0.2,fixed_hold,2300,0.4808695652173913,-3.2508044965473104,1.7939239010876245,-6.044728397634936,2/9,-1.5995461294109488,2300,0.4891304347826087,-2.362272854510218,1.6443850433753284,-5.006657897885545,2/9,-2.0665813296190287
120,L2,gb,score,all,0.2,barrier,2300,0.4791304347826087,-0.9730883800446772,1.7939239010876245,-3.7670122811323017,2/9,-1.3990789534246828,2300,0.4747826086956522,-1.7046674067414984,1.6443850433753284,-4.349052450116827,3/9,-2.114390925889371
120,L2,gb,score,all,1.0,fixed_hold,11500,0.4890434782608696,-1.1493567119289392,1.636591838871288,-3.785948550800228,2/9,-2.482477305598596,11500,0.5065217391304347,-0.684118014529644,1.636591838871288,-3.320709853400932,1/9,-2.926796067509778
120,L2,gb,score,all,1.0,barrier,11500,0.4882608695652174,-0.2608225200332567,1.636591838871288,-2.8974143589045447,2/9,-2.117006856713044,11500,0.4937391304347826,-0.4851670347138472,1.636591838871288,-3.121758873585136,1/9,-2.886412713215933
120,L2,gb,ev,all,0.05,fixed_hold,575,0.5060869565217392,2.836840271276889,1.8552581777224249,-0.0184179064455379,3/9,-0.0027291754904987,575,0.4191304347826087,-12.356801994111068,1.838836518199086,-15.195638512310154,2/9,-1.688062385586971
120,L2,gb,ev,all,0.05,barrier,575,0.5182608695652174,5.810825796307316,1.8552581777224249,2.9555676185848903,4/9,0.4817170177010041,575,0.4260869565217391,-8.023276346436079,1.838836518199086,-10.862112864635163,3/9,-1.6680709030148797
120,L2,gb,ev,all,0.1,fixed_hold,1150,0.4834782608695652,-2.15516752066996,1.8626983995516115,-5.017865920221571,2/9,-1.0788874340156247,1150,0.4417391304347826,-11.463272717209676,1.8176350265163157,-14.28090774372599,2/9,-1.9134058841070043
120,L2,gb,ev,all,0.1,barrier,1150,0.4913043478260869,1.7175490367775563,1.8626983995516115,-1.1451493627740563,1/9,-0.2807927864174855,1150,0.4443478260869565,-6.639490100085854,1.8176350265163157,-9.457125126602168,2/9,-1.716980754001911
120,L2,gb,ev,all,0.2,fixed_hold,2300,0.4847826086956521,-2.353681331477839,1.8515853481237463,-5.2052666796015865,2/9,-1.2171641665753985,2300,0.4669565217391304,-7.186409890718792,1.7890771430383956,-9.975487033757188,2/9,-2.263132339174525
120,L2,gb,ev,all,0.2,barrier,2300,0.4913043478260869,0.9373527928683087,1.8515853481237463,-1.9142325552554371,3/9,-0.5127057391089858,2300,0.4713043478260869,-3.705508449139908,1.7890771430383956,-6.494585592178302,3/9,-1.9473539577852657
120,L2,gb,ev,all,1.0,fixed_hold,11500,0.4890434782608696,-1.1493567119289392,1.636591838871288,-3.785948550800228,2/9,-2.482477305598596,11500,0.5065217391304347,-0.684118014529644,1.636591838871288,-3.320709853400932,1/9,-2.926796067509778
120,L2,gb,ev,all,1.0,barrier,11500,0.4882608695652174,-0.2608225200332567,1.636591838871288,-2.8974143589045447,2/9,-2.117006856713044,11500,0.4937391304347826,-0.4851670347138472,1.636591838871288,-3.121758873585136,1/9,-2.886412713215933
120,L2,lr,score,all,0.05,fixed_hold,575,0.4347826086956521,-7.683826526506689,1.8732923214341055,-10.557118847940794,1/9,-1.8856584634182996,575,0.4469565217391304,-5.779268898656839,1.8882141061836608,-8.667483004840498,1/9,-1.8623431758688405
120,L2,lr,score,all,0.05,barrier,575,0.44,-2.8202297476815623,1.8732923214341055,-5.693522069115667,2/9,-1.4207745670770808,575,0.448695652173913,-2.532699970848084,1.8882141061836608,-5.420914077031745,2/9,-1.2667338089658104
120,L2,lr,score,all,0.1,fixed_hold,1150,0.4321739130434782,-7.214640399752464,1.8390869521724285,-10.053727351924891,1/9,-1.967291412938432,1150,0.4408695652173913,-5.519898836044816,1.7709720835139824,-8.290870919558795,1/9,-2.1618846292544736
120,L2,lr,score,all,0.1,barrier,1150,0.4495652173913043,-2.6816474681764624,1.8390869521724285,-5.520734420348891,2/9,-1.4400859445087788,1150,0.4547826086956522,-2.1597285179066734,1.7709720835139824,-4.930700601420654,2/9,-1.426212134603204
120,L2,lr,score,all,0.2,fixed_hold,2300,0.4491304347826087,-5.48749886341247,1.7930044238919849,-8.280503287304455,2/9,-2.0874709193237697,2300,0.458695652173913,-3.5050155596616746,1.760926052485181,-6.2659416121468565,2/9,-1.8618171094056792
120,L2,lr,score,all,0.2,barrier,2300,0.4591304347826087,-2.054881297840214,1.7930044238919849,-4.847885721732199,2/9,-1.5760084687430314,2300,0.468695652173913,-1.0407835776881311,1.760926052485181,-3.801709630173312,3/9,-1.309997601593482
120,L2,lr,score,all,1.0,fixed_hold,11500,0.4808695652173913,-2.061966527670467,1.636591838871288,-4.698558366541755,1/9,-3.545532733903212,11500,0.483391304347826,-1.4338165609051376,1.636591838871288,-4.070408399776427,1/9,-3.354923946852415
120,L2,lr,score,all,1.0,barrier,11500,0.4867826086956521,-0.7510530672446168,1.636591838871288,-3.3876449061159053,1/9,-3.601445384657856,11500,0.4885217391304348,-0.4126566513356922,1.636591838871288,-3.0492484902069803,2/9,-2.8247166414492546
120,L2,lr,ev,all,0.05,fixed_hold,575,0.448695652173913,-5.736522601091225,2.036653923803071,-8.773176524894296,1/9,-1.1094818859168594,575,0.4434782608695652,-6.57896203469409,1.952726274522027,-9.531688309216117,1/9,-1.4727545121087655
120,L2,lr,ev,all,0.05,barrier,575,0.4591304347826087,-1.4551620398847185,2.036653923803071,-4.491815963687789,1/9,-0.6359308755441502,575,0.4521739130434782,-1.898886862178012,1.952726274522027,-4.8516131367000375,1/9,-0.9007650235192652
120,L2,lr,ev,all,0.1,fixed_hold,1150,0.4634782608695652,-4.720086288016265,1.9297649255560687,-7.649851213572335,1/9,-1.2682868664359033,1150,0.4791304347826087,-2.3448139302294653,1.894750188521092,-5.239564118750558,1/9,-0.8321589285471946
120,L2,lr,ev,all,0.1,barrier,1150,0.4739130434782608,-0.4869063666761916,1.9297649255560687,-3.416671292232261,1/9,-0.6558591677685716,1150,0.4860869565217391,1.2047229204635044,1.894750188521092,-1.6900272680575883,1/9,-0.3177672697603359
120,L2,lr,ev,all,0.2,fixed_hold,2300,0.4839130434782608,-2.173717088184284,1.8677703493524915,-5.041487437536774,2/9,-1.00097517858408,2300,0.4865217391304348,-0.9842611351725052,1.8638922004143184,-3.848153335586824,2/9,-0.8168978514459976
120,L2,lr,ev,all,0.2,barrier,2300,0.4856521739130435,-0.1366541666765751,1.8677703493524915,-3.004424516029068,1/9,-0.7608930921516923,2300,0.4943478260869565,0.9227228950206248,1.8638922004143184,-1.9411693053936931,1/9,-0.5398831742264394
120,L2,lr,ev,all,1.0,fixed_hold,11500,0.4808695652173913,-2.061966527670467,1.636591838871288,-4.698558366541755,1/9,-3.545532733903212,11500,0.483391304347826,-1.4338165609051376,1.636591838871288,-4.070408399776427,1/9,-3.354923946852415
120,L2,lr,ev,all,1.0,barrier,11500,0.4867826086956521,-0.7510530672446168,1.636591838871288,-3.3876449061159053,1/9,-3.601445384657856,11500,0.4885217391304348,-0.4126566513356922,1.636591838871288,-3.0492484902069803,2/9,-2.8247166414492546
120,PL2,gb,score,all,0.05,fixed_hold,577,0.5459272097053726,-0.6558478111473077,1.5639337558761346,-3.2197815670234395,5/9,-0.1505408768644889,576,0.4288194444444444,-6.344327342917537,1.5518048209057622,-8.8961321638233,5/9,-0.6105965677246067
120,PL2,gb,score,all,0.05,barrier,577,0.5580589254766031,-2.0868518499219784,1.5639337558761346,-4.650785605798113,5/9,-0.2104655286611583,576,0.4270833333333333,-7.117691153838526,1.5518048209057622,-9.669495974744288,5/9,-0.5928434043831622
120,PL2,gb,score,all,0.1,fixed_hold,1151,0.5960034752389227,0.459555969313426,1.4824992293606174,-2.0229432600471924,6/9,-0.1375982839642591,1157,0.4537597234226447,-3.668187979737108,1.5902609649004409,-6.258448944637549,7/9,-0.4404825327087651
120,PL2,gb,score,all,0.1,barrier,1151,0.580364900086881,-1.3860281557635317,1.4824992293606174,-3.8685273851241546,7/9,-0.2612185839968717,1157,0.4503025064822817,-3.7521745389190486,1.5902609649004409,-6.342435503819489,6/9,-0.4262999392694666
120,PL2,gb,score,all,0.2,fixed_hold,2303,0.6513243595310465,4.265731418518325,1.495196760370601,1.770534658147725,6/9,0.1427300783799526,2300,0.5208695652173913,-3.909303112433772,1.6044888952067446,-6.513792007640516,5/9,-0.6201483534038481
120,PL2,gb,score,all,0.2,barrier,2303,0.6009552757273122,1.897059095556976,1.495196760370601,-0.5981376648136242,6/9,-0.0583888633174368,2300,0.4982608695652173,-1.8771421726951587,1.6044888952067446,-4.481631067901902,4/9,-0.4862546512334756
120,PL2,gb,score,all,1.0,fixed_hold,11500,0.5892173913043478,0.2342408920280741,1.636591838871288,-2.402350946843214,5/9,-0.4515931246067315,11500,0.5197391304347826,-3.8324693119482696,1.636591838871288,-6.469061150819558,3/9,-1.0821226073396577
120,PL2,gb,score,all,1.0,barrier,11500,0.5762608695652174,3.5121326709183105,1.636591838871288,0.8755408320470217,7/9,0.2729653504610138,11500,0.5215652173913043,-0.1505112456011765,1.636591838871288,-2.787103084472466,4/9,-0.7609569976093536
120,PL2,gb,ev,all,0.05,fixed_hold,575,0.5791304347826087,7.338477026770325,1.9887891344172588,4.349687892353063,4/9,0.1446424180689046,575,0.5165217391304348,4.365621847716367,1.9196318815760507,1.4459899661403166,6/9,0.0605997422217913
120,PL2,gb,ev,all,0.05,barrier,575,0.5182608695652174,-4.178575827325774,1.9887891344172588,-7.167364961743039,5/9,-0.3565529589685058,575,0.5130434782608696,-0.5861590301878111,1.9196318815760507,-3.505790911763864,7/9,-0.2214404735029622
120,PL2,gb,ev,all,0.1,fixed_hold,1150,0.4704347826086956,-8.625834369711349,1.94394877933383,-11.56978314904518,4/9,-0.5164790549636517,1150,0.3982608695652174,-18.530309552321988,1.90206357608076,-21.432373128402748,4/9,-1.0149290754091094
120,PL2,gb,ev,all,0.1,barrier,1150,0.4513043478260869,-8.024375073142703,1.94394877933383,-10.968323852476528,4/9,-0.6762369859854592,1150,0.4356521739130435,-7.551788005979504,1.90206357608076,-10.453851582060262,4/9,-0.7145858692902927
120,PL2,gb,ev,all,0.2,fixed_hold,2300,0.5182608695652174,-5.970200430952218,1.841337861043531,-8.811538291995749,4/9,-0.5021657987489314,2300,0.4256521739130435,-17.218000284984967,1.8442475783284435,-20.062247863313416,4/9,-1.2252164825318843
120,PL2,gb,ev,all,0.2,barrier,2300,0.5056521739130435,-2.649510093352069,1.841337861043531,-5.4908479543956,4/9,-0.4703606651377868,2300,0.4508695652173913,-6.338268899196228,1.8442475783284435,-9.18251647752467,3/9,-0.7948216770353035
120,PL2,gb,ev,all,1.0,fixed_hold,11500,0.5892173913043478,0.2342408920280741,1.636591838871288,-2.402350946843214,5/9,-0.4515931246067315,11500,0.5197391304347826,-3.8324693119482696,1.636591838871288,-6.469061150819558,3/9,-1.0821226073396577
120,PL2,gb,ev,all,1.0,barrier,11500,0.5762608695652174,3.5121326709183105,1.636591838871288,0.8755408320470217,7/9,0.2729653504610138,11500,0.5215652173913043,-0.1505112456011765,1.636591838871288,-2.787103084472466,4/9,-0.7609569976093536
120,PL2,lr,score,all,0.05,fixed_hold,575,0.4608695652173913,-12.622695656286243,1.9730525163410573,-15.595748172627305,1/9,-2.067002163250308,575,0.4695652173913043,-7.764186737512554,1.9646630025345893,-10.728849740047144,2/9,-1.6984250808949255
120,PL2,lr,score,all,0.05,barrier,575,0.4834782608695652,-2.854410919382768,1.9730525163410573,-5.827463435723823,1/9,-1.5217794209135322,575,0.4852173913043478,-1.1319583325916796,1.9646630025345893,-4.09662133512627,2/9,-0.9746391672371268
120,PL2,lr,score,all,0.1,fixed_hold,1150,0.4947826086956521,-7.414071911286962,1.904503849522852,-10.318575760809813,2/9,-1.6491963054483454,1150,0.5017391304347826,-6.066671885650559,1.8595966332711424,-8.926268518921699,1/9,-1.7377107746916531
120,PL2,lr,score,all,0.1,barrier,1150,0.5104347826086957,-0.6118374141582646,1.904503849522852,-3.516341263681116,2/9,-1.1643783664405898,1150,0.5034782608695653,-0.8571520439603523,1.8595966332711424,-3.716748677231495,2/9,-1.1780623068791063
120,PL2,lr,score,all,0.2,fixed_hold,2300,0.4878260869565217,-6.774916391840806,1.8103516521363463,-9.585268043977154,2/9,-1.776977085953376,2300,0.4878260869565217,-5.277755920740066,1.766289611490385,-8.04404553223045,1/9,-1.896692798529919
120,PL2,lr,score,all,0.2,barrier,2300,0.4995652173913043,-1.65357587432471,1.8103516521363463,-4.463927526461057,1/9,-1.6385437100295337,2300,0.4960869565217391,-1.450551645327434,1.766289611490385,-4.216841256817819,1/9,-1.98765156440764
120,PL2,lr,score,all,1.0,fixed_hold,11500,0.5039130434782608,-1.767678306830184,1.636591838871288,-4.404270145701472,1/9,-2.7155484296094192,11500,0.5006956521739131,-1.890369741484696,1.636591838871288,-4.526961580355983,1/9,-2.725258473976905
120,PL2,lr,score,all,1.0,barrier,11500,0.5066086956521739,-0.1211485075566808,1.636591838871288,-2.757740346427969,1/9,-3.207152729302792,11500,0.5042608695652174,-0.1056662199895538,1.636591838871288,-2.7422580588608425,1/9,-2.952630565115427
120,PL2,lr,ev,all,0.05,fixed_hold,575,0.488695652173913,-12.237527931884031,2.1531320206312863,-15.39065995251532,2/9,-1.2483151396547087,575,0.4608695652173913,-13.225758872645033,2.112529040956895,-16.33828791360193,2/9,-1.398218648216098
120,PL2,lr,ev,all,0.05,barrier,575,0.4956521739130435,-2.72543930867534,2.1531320206312863,-5.8785713293066255,2/9,-0.9698421445723684,575,0.4747826086956522,-4.594581803970461,2.112529040956895,-7.707110844927355,1/9,-1.2245125526368417
120,PL2,lr,ev,all,0.1,fixed_hold,1150,0.4643478260869565,-11.409315080988051,2.0363152704806597,-14.445630351468711,3/9,-1.795572957569376,1150,0.4826086956521739,-8.265388400197685,1.9833583922569344,-11.248746792454618,3/9,-1.838128220165956
120,PL2,lr,ev,all,0.1,barrier,1150,0.4869565217391304,-3.154165346033415,2.0363152704806597,-6.190480616514075,3/9,-1.5685811620720085,1150,0.4947826086956521,-2.155919294595169,1.9833583922569344,-5.139277686852104,2/9,-1.8862256343326345
120,PL2,lr,ev,all,0.2,fixed_hold,2300,0.4795652173913043,-7.498272782402036,1.934209503527588,-10.432482285929623,2/9,-2.1200079067938487,2300,0.4930434782608696,-4.750913262017187,1.8927487099758964,-7.643661971993084,1/9,-2.0756425569262222
120,PL2,lr,ev,all,0.2,barrier,2300,0.4934782608695652,-2.3750621856727587,1.934209503527588,-5.309271689200346,3/9,-2.0914675783374475,2300,0.5078260869565218,-0.8587324024048848,1.8927487099758964,-3.751481112380782,2/9,-2.118600886419528
120,PL2,lr,ev,all,1.0,fixed_hold,11500,0.5039130434782608,-1.767678306830184,1.636591838871288,-4.404270145701472,1/9,-2.7155484296094192,11500,0.5006956521739131,-1.890369741484696,1.636591838871288,-4.526961580355983,1/9,-2.725258473976905
120,PL2,lr,ev,all,1.0,barrier,11500,0.5066086956521739,-0.1211485075566808,1.636591838871288,-2.757740346427969,1/9,-3.207152729302792,11500,0.5042608695652174,-0.1056662199895538,1.636591838871288,-2.7422580588608425,1/9,-2.952630565115427
120,ALL,gb,score,all,0.05,fixed_hold,575,0.5617391304347826,-0.2189610350475714,1.6438193850417395,-2.8627804200893108,6/9,-0.2080690335176234,580,0.603448275862069,2.0478376600314308,1.6160528319965608,-0.5682151719651286,5/9,-0.0628403922346494
120,ALL,gb,score,all,0.05,barrier,575,0.5165217391304348,-3.5455728972438387,1.6438193850417395,-6.189392282285576,5/9,-0.3986038364374998,580,0.6482758620689655,5.568179193330793,1.6160528319965608,2.952126361334233,6/9,0.2787105331102043
120,ALL,gb,score,all,0.1,fixed_hold,1150,0.5991304347826087,4.283070848034528,1.6193150331283053,1.6637558149062226,7/9,0.149004407163307,1166,0.6080617495711835,2.8385968584537067,1.6304558889741037,0.2081409694796004,6/9,0.0221901992361324
120,ALL,gb,score,all,0.1,barrier,1150,0.5617391304347826,-0.5319695165801726,1.6193150331283053,-3.151284549708481,6/9,-0.2536109217554955,1166,0.6012006861063465,2.2069143726101634,1.6304558889741037,-0.4235415163639387,6/9,-0.0388031109795323
120,ALL,gb,score,all,0.2,fixed_hold,2301,0.6688396349413298,9.18028583028017,1.6086116736868847,6.571674156593285,8/9,0.7316294990638965,2306,0.627059843885516,4.25841888362434,1.6299957561970944,1.6284231274272438,5/9,0.1885829165274587
120,ALL,gb,score,all,0.2,barrier,2301,0.655367231638418,5.71664614510776,1.6086116736868847,3.1080344714208765,8/9,0.3533524176915878,2306,0.6348655680832611,4.676326734190424,1.6299957561970944,2.04633097799333,7/9,0.2447154389189833
120,ALL,gb,score,all,1.0,fixed_hold,11500,0.5158260869565218,-0.0865114214617987,1.636591838871288,-2.723103260333087,2/9,-1.206507586422129,11500,0.5175652173913043,-0.0273372305599569,1.636591838871288,-2.663929069431246,2/9,-1.1806307859691203
120,ALL,gb,score,all,1.0,barrier,11500,0.5080869565217392,-0.288498748907854,1.636591838871288,-2.9250905877791418,2/9,-1.1946991555661002,11500,0.5073913043478261,-0.3468883287563372,1.636591838871288,-2.983480167627625,2/9,-1.2386664976159871
120,ALL,gb,ev,all,0.05,fixed_hold,575,0.44,-20.40492304410028,1.9868310644780256,-23.391754108578294,2/9,-0.9780522623867762,575,0.3860869565217391,-28.05133355005265,2.029317084975599,-31.08065063502825,2/9,-1.301462119899748
120,ALL,gb,ev,all,0.05,barrier,575,0.4347826086956521,-10.758278822101532,1.9868310644780256,-13.745109886579554,2/9,-0.8348249312358109,575,0.3878260869565217,-14.681373160513736,2.029317084975599,-17.71069024548934,2/9,-1.092927497724873
120,ALL,gb,ev,pred_vol_high,0.05,fixed_hold,575,0.44,-20.40492304410028,1.9868310644780256,-23.391754108578294,2/9,-0.9780522623867762,575,0.3860869565217391,-28.05133355005265,2.029317084975599,-31.08065063502825,2/9,-1.301462119899748
120,ALL,gb,ev,pred_vol_high,0.05,barrier,575,0.4347826086956521,-10.758278822101532,1.9868310644780256,-13.745109886579554,2/9,-0.8348249312358109,575,0.3878260869565217,-14.681373160513736,2.029317084975599,-17.71069024548934,2/9,-1.092927497724873
120,ALL,gb,ev,all,0.1,fixed_hold,1150,0.4721739130434783,-14.775311626973616,1.8966054701878303,-17.67191709716144,2/9,-0.8686018555110963,1150,0.4678260869565217,-14.337535653316555,1.869538726395364,-17.207074379711923,2/9,-0.8641716158984599
120,ALL,gb,ev,all,0.1,barrier,1150,0.4878260869565217,-6.883208620507619,1.8966054701878303,-9.779814090695456,3/9,-0.6755004501771111,1150,0.5052173913043478,-3.490505800328754,1.869538726395364,-6.36004452672412,3/9,-0.4555388388410998
120,ALL,gb,ev,pred_vol_high,0.1,fixed_hold,1142,0.4754816112084063,-14.731994041955916,1.892993545766152,-17.624987587722067,2/9,-0.8564629317610505,1148,0.4668989547038327,-14.40724408973463,1.870937332778456,-17.27818142251309,2/9,-0.8662890260177823
120,ALL,gb,ev,pred_vol_high,0.1,barrier,1142,0.4912434325744308,-6.611670097641494,1.892993545766152,-9.504663643407648,3/9,-0.6456301034335084,1148,0.5043554006968641,-3.535074881027,1.870937332778456,-6.406012213805453,3/9,-0.4582005455736324
120,ALL,gb,ev,all,0.2,fixed_hold,2300,0.4808695652173913,-8.379612214628985,1.8434354937718056,-11.22304770840079,2/9,-0.9120048354157791,2300,0.4608695652173913,-13.046384665892194,1.8136021902654744,-15.85998685615767,1/9,-1.3711379205695662
120,ALL,gb,ev,all,0.2,barrier,2300,0.4904347826086956,-4.979467415423798,1.8434354937718056,-7.822902909195604,2/9,-0.8141191490489738,2300,0.4982608695652173,-4.491132288958652,1.8136021902654744,-7.304734479224125,2/9,-0.7818790545481082
120,ALL,gb,ev,pred_vol_high,0.2,fixed_hold,2131,0.4702017832003754,-10.773219063367725,1.8509088259549376,-13.62412788932266,2/9,-1.0077074779821191,2137,0.4468881609733271,-15.734562396465384,1.815511193730146,-18.550073590195527,2/9,-1.4714946994975755
120,ALL,gb,ev,pred_vol_high,0.2,barrier,2131,0.4800563115908024,-5.790234657408941,1.8509088259549376,-8.641143483363882,3/9,-0.8441787604545822,2137,0.4871314927468413,-5.117397456272829,1.815511193730146,-7.932908650002976,3/9,-0.791946275192106
120,ALL,gb,ev,all,1.0,fixed_hold,11500,0.5158260869565218,-0.0865114214617987,1.636591838871288,-2.723103260333087,2/9,-1.206507586422129,11500,0.5175652173913043,-0.0273372305599569,1.636591838871288,-2.663929069431246,2/9,-1.1806307859691203
120,ALL,gb,ev,all,1.0,barrier,11500,0.5080869565217392,-0.288498748907854,1.636591838871288,-2.9250905877791418,2/9,-1.1946991555661002,11500,0.5073913043478261,-0.3468883287563372,1.636591838871288,-2.983480167627625,2/9,-1.2386664976159871
120,ALL,gb,ev,pred_vol_high,1.0,fixed_hold,5750,0.5036521739130435,-4.016540796952633,1.8499629292175075,-6.866503726170139,1/9,-1.5755913305176912,5751,0.5051295426882282,-3.6127036475693193,1.8466022820457573,-6.459305929615078,1/9,-1.4985771417974376
120,ALL,gb,ev,pred_vol_high,1.0,barrier,5750,0.5260869565217391,-0.4579341387737467,1.8499629292175075,-3.3078970679912536,2/9,-0.9069810962732848,5751,0.5256477134411407,-0.4467741594241689,1.8466022820457573,-3.293376441469926,2/9,-0.8905877762095757
120,ALL,lr,score,all,0.05,fixed_hold,575,0.528695652173913,-1.6610845810504928,1.342488404588884,-4.003572985639377,1/9,-1.8373156001948816,575,0.5269565217391304,-0.4316736363592882,1.306761439687932,-2.73843507604722,1/9,-1.3521449688483325
120,ALL,lr,score,all,0.05,barrier,575,0.5269565217391304,0.2169980833011584,1.342488404588884,-2.1254903212877254,3/9,-0.9487466230035488,575,0.5217391304347826,0.5795400543306963,1.306761439687932,-1.7272213853572356,4/9,-0.7210565142540214
120,ALL,lr,score,all,0.1,fixed_hold,1150,0.5478260869565217,0.1146058693526568,1.390894795094502,-2.276288925741845,3/9,-0.936665755686362,1150,0.5321739130434783,-0.8890826432631025,1.3847851120295176,-3.2738677552926205,1/9,-1.3010188234636657
120,ALL,lr,score,all,0.1,barrier,1150,0.5182608695652174,-0.0325655601554171,1.390894795094502,-2.423460355249919,3/9,-1.099531680272581,1150,0.5130434782608696,-0.1624110359856094,1.3847851120295176,-2.5471961480151277,3/9,-0.962753714700774
120,ALL,lr,score,all,0.2,fixed_hold,2300,0.5313043478260869,-0.614396060631713,1.4187965531645217,-3.033192613796236,2/9,-1.7506249159247906,2300,0.5365217391304348,-0.5512484382293559,1.4163032840119874,-2.967551722241343,2/9,-1.615440895366563
120,ALL,lr,score,all,0.2,barrier,2300,0.5095652173913043,-0.1729332508652515,1.4187965531645217,-2.5917298040297743,3/9,-1.3229259887377272,2300,0.5191304347826087,0.2936305464105136,1.4163032840119874,-2.1226727376014733,3/9,-1.0235848860328165
120,ALL,lr,score,all,1.0,fixed_hold,11500,0.5183478260869565,-0.2385205373655987,1.636591838871288,-2.8751123762368875,2/9,-1.4546116133464646,11500,0.5193913043478261,-0.1885837550670892,1.636591838871288,-2.825175593938377,2/9,-1.4923009452971956
120,ALL,lr,score,all,1.0,barrier,11500,0.5094782608695653,-0.254218783138002,1.636591838871288,-2.8908106220092904,2/9,-1.3618673234218168,11500,0.5094782608695653,-0.2127281291727293,1.636591838871288,-2.849319968044018,2/9,-1.4296922352487866
120,ALL,lr,ev,all,0.05,fixed_hold,575,0.4556521739130434,-16.627167097820738,1.9036437020609287,-19.53081079988167,2/9,-1.1203984651161722,575,0.448695652173913,-17.350566926369368,1.8669875368426057,-20.21755446321197,2/9,-0.9915862813938136
120,ALL,lr,ev,all,0.05,barrier,575,0.4452173913043478,-6.5780708165774,1.9036437020609287,-9.481714518638327,1/9,-1.0396499741581002,575,0.4278260869565217,-9.716566644857288,1.8669875368426057,-12.583554181699894,1/9,-1.1145690225885168
120,ALL,lr,ev,pred_vol_high,0.05,fixed_hold,574,0.4564459930313589,-16.61422011281283,1.9002786510015597,-19.51449876381439,2/9,-1.1163333407424691,575,0.448695652173913,-17.350566926369368,1.8669875368426057,-20.21755446321197,2/9,-0.9915862813938136
120,ALL,lr,ev,pred_vol_high,0.05,barrier,574,0.445993031358885,-6.51020736673567,1.9002786510015597,-9.410486017737233,1/9,-1.0293904494046806,575,0.4278260869565217,-9.716566644857288,1.8669875368426057,-12.583554181699894,1/9,-1.1145690225885168
120,ALL,lr,ev,all,0.1,fixed_hold,1150,0.4782608695652174,-12.26417254854257,1.8889016091006496,-15.15307415764322,1/9,-1.452347179944064,1150,0.4626086956521739,-13.42518073774301,1.850988137004553,-16.27616887474756,1/9,-1.3798670724598503
120,ALL,lr,ev,all,0.1,barrier,1150,0.4747826086956522,-4.627163752833218,1.8889016091006496,-7.516065361933867,1/9,-1.2482496843899704,1150,0.4530434782608695,-7.595043642962929,1.850988137004553,-10.446031779967482,1/9,-1.3991020273454655
120,ALL,lr,ev,pred_vol_high,0.1,fixed_hold,1119,0.4736371760500447,-12.891220301141349,1.9035536240661892,-15.794773925207537,1/9,-1.4676066579434603,1142,0.4623467600700525,-13.489135334715035,1.852615441868553,-16.34175077658359,1/9,-1.3746179818050503
120,ALL,lr,ev,pred_vol_high,0.1,barrier,1119,0.4709562109025916,-4.843651872965109,1.9035536240661892,-7.747205497031299,1/9,-1.2606874925353324,1142,0.4527145359019264,-7.5699118169363535,1.852615441868553,-10.422527258804909,1/9,-1.3939782298845025
120,ALL,lr,ev,all,0.2,fixed_hold,2300,0.5139130434782608,-5.419722414942556,1.8333223081978192,-8.253044723140373,1/9,-1.765340887108448,2300,0.51,-6.17395771106994,1.818206578005919,-8.992164289075859,1/9,-1.4251202025903087
120,ALL,lr,ev,all,0.2,barrier,2300,0.52,-0.944242219922872,1.8333223081978192,-3.777564528120692,2/9,-1.0450438490350988,2300,0.5143478260869565,-1.9663557415579065,1.818206578005919,-4.784562319563826,3/9,-1.024216996345246
120,ALL,lr,ev,pred_vol_high,0.2,fixed_hold,1968,0.4994918699186992,-7.928591672137769,1.8798450912431424,-10.80843676338091,1/9,-1.6858718795310883,2122,0.4995287464655984,-7.567096832601216,1.8512940468207044,-10.418390879421922,1/9,-1.5077186543001069
120,ALL,lr,ev,pred_vol_high,0.2,barrier,1968,0.5137195121951219,-1.7159875004864968,1.8798450912431424,-4.595832591729638,2/9,-1.1132272165522077,2122,0.5103675777568332,-2.376569857062768,1.8512940468207044,-5.227863903883472,2/9,-1.0816685715960732
120,ALL,lr,ev,all,1.0,fixed_hold,11500,0.5183478260869565,-0.2385205373655987,1.636591838871288,-2.8751123762368875,2/9,-1.4546116133464646,11500,0.5193913043478261,-0.1885837550670892,1.636591838871288,-2.825175593938377,2/9,-1.4923009452971956
120,ALL,lr,ev,all,1.0,barrier,11500,0.5094782608695653,-0.254218783138002,1.636591838871288,-2.8908106220092904,2/9,-1.3618673234218168,11500,0.5094782608695653,-0.2127281291727293,1.636591838871288,-2.849319968044018,2/9,-1.4296922352487866
120,ALL,lr,ev,pred_vol_high,1.0,fixed_hold,5750,0.5033043478260869,-4.13332534309736,1.8499629292175075,-6.983288272314868,1/9,-1.6948928092028388,5751,0.5053034254912189,-3.5249965735263378,1.8466022820457573,-6.371598855572096,1/9,-1.651632042366561
120,ALL,lr,ev,pred_vol_high,1.0,barrier,5750,0.5236521739130435,-0.5144008143951418,1.8499629292175075,-3.3643637436126497,2/9,-1.0209531155988054,5751,0.5244305338202052,-0.3275678055888254,1.8466022820457573,-3.174170087634584,3/9,-0.9847370431295616
240,P,gb,score,all,0.05,fixed_hold,570,0.7578947368421053,24.231164620213654,1.5273714757025094,21.70379314451115,7/9,1.8695739885183509,570,0.3473684210526316,-8.6098196184066,1.604765252491553,-11.214584870898156,4/9,-0.5884191870589585
240,P,gb,score,all,0.05,barrier,570,0.7140350877192982,24.795508382528958,1.5273714757025094,22.268136906826445,6/9,1.6192358762533912,570,0.3929824561403509,-3.7398007666793673,1.604765252491553,-6.34456601917092,4/9,-0.4976041961004457
240,P,gb,score,all,0.1,fixed_hold,1139,0.6865671641791045,15.994957752372372,1.559531077951005,13.43542667442137,6/9,1.021164055479018,1138,0.515817223198594,-0.8856886390501206,1.601578401824269,-3.4872670408743915,5/9,-0.2964047928716891
240,P,gb,score,all,0.1,barrier,1139,0.6725197541703248,15.522458718225092,1.559531077951005,12.96292764027409,6/9,0.8907610466539593,1138,0.5096660808435852,-1.8391841314439648,1.601578401824269,-4.440762533268235,4/9,-0.4624863173002074
240,P,gb,score,all,0.2,fixed_hold,2276,0.6968365553602812,12.316546886715845,1.592409177844489,9.724137708871352,6/9,1.0022808713751254,2287,0.5548753825972891,-2.8933759977848568,1.6056732526983502,-5.499049250483208,5/9,-0.7259217843366181
240,P,gb,score,all,0.2,barrier,2276,0.6559753954305799,11.047743562091249,1.592409177844489,8.45533438424676,6/9,1.2094230129180177,2287,0.5330126803672934,-1.3256817003888897,1.6056732526983502,-3.931354953087239,4/9,-0.9046707347416424
240,P,gb,score,all,1.0,fixed_hold,11380,0.574340949033392,-1.0010458561079083,1.642985816570392,-3.644031672678302,6/9,-0.3588188069047361,11380,0.5173989455184534,-6.651863985723251,1.642985816570392,-9.294849802293646,5/9,-1.0576416375811424
240,P,gb,score,all,1.0,barrier,11380,0.5920035149384886,5.255702516341175,1.642985816570392,2.612716699770781,6/9,0.4358012112461856,11380,0.5306678383128295,0.4153013604637458,1.642985816570392,-2.2276844561066467,5/9,-0.5307229482651058
240,P,gb,ev,all,0.05,fixed_hold,569,0.8014059753954306,30.13047793206433,1.903536570896566,27.22694136116777,4/9,0.6735809596968685,569,0.3374340949033392,-35.32891013878496,1.7067606533630064,-38.03567079214796,2/9,-1.6616981476233887
240,P,gb,ev,all,0.05,barrier,569,0.5659050966608085,7.581727350154496,1.903536570896566,4.678190779257936,4/9,0.2891281518150937,569,0.1687170474516696,-43.57300039666078,1.7067606533630064,-46.27976105002379,1/9,-2.63617736407263
240,P,gb,ev,all,0.1,fixed_hold,1138,0.7038664323374341,12.216774400414748,1.8624037697625848,9.354370630652168,4/9,0.3500485040861798,1138,0.3954305799648506,-26.868396102411197,1.653991694164363,-29.52238779657556,2/9,-1.5123443331199895
240,P,gb,ev,all,0.1,barrier,1138,0.6054481546572935,7.575035992799116,1.8624037697625848,4.712632223036531,4/9,0.3762946254249398,1138,0.3066783831282952,-25.588664437121626,1.653991694164363,-28.24265613128599,1/9,-3.663959310625338
240,P,gb,ev,all,0.2,fixed_hold,2276,0.6313708260105448,1.0294143869870285,1.789493625980981,-1.760079238993956,2/9,-0.0946368028437692,2276,0.531634446397188,-8.406680012025035,1.741342889184187,-11.148022901209222,2/9,-0.7726506919017009
240,P,gb,ev,all,0.2,barrier,2276,0.6177504393673111,8.069499899426827,1.789493625980981,5.280006273445849,4/9,0.4752251897447985,2276,0.4736379613356766,-7.139881570941772,1.741342889184187,-9.881224460125956,2/9,-1.3044539222039413
240,P,gb,ev,all,1.0,fixed_hold,11380,0.574340949033392,-1.0010458561079083,1.642985816570392,-3.644031672678302,6/9,-0.3588188069047361,11380,0.5173989455184534,-6.651863985723251,1.642985816570392,-9.294849802293646,5/9,-1.0576416375811424
240,P,gb,ev,all,1.0,barrier,11380,0.5920035149384886,5.255702516341175,1.642985816570392,2.612716699770781,6/9,0.4358012112461856,11380,0.5306678383128295,0.4153013604637458,1.642985816570392,-2.2276844561066467,5/9,-0.5307229482651058
240,P,lr,score,all,0.05,fixed_hold,569,0.5782073813708261,-1.847068369983656,1.757558590780175,-4.604626960763825,6/9,-0.1546800921741803,569,0.4850615114235501,-0.3303194501486613,1.790094832878018,-3.1204142830266792,5/9,-0.1437346567078465
240,P,lr,score,all,0.05,barrier,569,0.5588752196836555,-5.192075916174837,1.757558590780175,-7.94963450695501,6/9,-0.4488866964257357,569,0.4657293497363796,-5.584728044375726,1.790094832878018,-8.374822877253745,5/9,-0.6690427460188847
240,P,lr,score,all,0.1,fixed_hold,1138,0.523725834797891,-3.911936879066301,1.7484000556510066,-6.660336934717304,7/9,-0.2882291437408927,1138,0.4261862917398945,-7.74038509066227,1.7424930845632582,-10.482878175225531,5/9,-0.4906771731355384
240,P,lr,score,all,0.1,barrier,1138,0.492091388400703,-5.696419955429715,1.7484000556510066,-8.444820011080722,5/9,-0.6496700148908156,1138,0.3971880492091388,-10.725461775325336,1.7424930845632582,-13.467954859888591,3/9,-1.060686327919727
240,P,lr,score,all,0.2,fixed_hold,2276,0.4398066783831283,-9.655830922379907,1.6913843538142634,-12.347215276194172,2/9,-0.6284612531543416,2276,0.4292618629173989,-9.918775533665997,1.708807692013409,-12.627583225679404,2/9,-0.609090404342768
240,P,lr,score,all,0.2,barrier,2276,0.4279437609841828,-8.44810112516891,1.6913843538142634,-11.139485478983172,2/9,-1.0012499626416531,2276,0.4147627416520211,-8.88085886702479,1.708807692013409,-11.5896665590382,2/9,-0.9332372692937044
240,P,lr,score,all,1.0,fixed_hold,11380,0.5403339191564147,-1.2197042303526155,1.642985816570392,-3.862690046923009,5/9,-0.3553065603291215,11380,0.5355008787346222,-1.491741030029046,1.642985816570392,-4.13472684659944,5/9,-0.3787239679038423
240,P,lr,score,all,1.0,barrier,11380,0.5372583479789104,3.5077327179872024,1.642985816570392,0.8647469014168098,3/9,0.1312086815196613,11380,0.5290861159929702,2.757122485637401,1.642985816570392,0.1141366690670079,3/9,0.0175289638114883
240,P,lr,ev,all,0.05,fixed_hold,569,0.4762741652021089,-21.652490810129283,2.1742491367563144,-24.8267399468856,3/9,-0.503669584595078,569,0.4780316344463972,-19.754503908418325,2.1716181548994027,-22.926122063317724,3/9,-0.4707754838806049
240,P,lr,ev,all,0.05,barrier,569,0.4604569420035149,-18.325223959329342,2.1742491367563144,-21.49947309608565,3/9,-0.7285248413054842,569,0.4657293497363796,-15.75185402193942,2.1716181548994027,-18.92347217683882,2/9,-0.6289444408576244
240,P,lr,ev,all,0.1,fixed_hold,1138,0.5474516695957821,-10.923151304721369,2.103106946482358,-14.026258251203725,4/9,-0.3493623528998654,1138,0.5518453427065027,-10.213230877066678,2.1063428970885347,-13.319573774155211,4/9,-0.3276791590062904
240,P,lr,ev,all,0.1,barrier,1138,0.5289982425307557,-5.696512363725536,2.103106946482358,-8.7996193102079,4/9,-0.3706238778898595,1138,0.5307557117750439,-4.60965898446604,2.1063428970885347,-7.716001881554577,4/9,-0.3013733019714892
240,P,lr,ev,all,0.2,fixed_hold,2276,0.6023725834797891,-1.7484203977189356,1.97500207862016,-4.723422476339088,4/9,-0.1649933533790254,2276,0.5891915641476274,-3.41329331550877,1.988192455360263,-6.4014857708690345,4/9,-0.2199679675040884
240,P,lr,ev,all,0.2,barrier,2276,0.5861159929701231,3.915098201303112,1.97500207862016,0.9400961226829552,4/9,0.0513099453637476,2276,0.5746924428822495,3.1380850416717743,1.988192455360263,0.1498925863115081,4/9,0.0077966404539853
240,P,lr,ev,all,1.0,fixed_hold,11380,0.5403339191564147,-1.2197042303526155,1.642985816570392,-3.862690046923009,5/9,-0.3553065603291215,11380,0.5355008787346222,-1.491741030029046,1.642985816570392,-4.13472684659944,5/9,-0.3787239679038423
240,P,lr,ev,all,1.0,barrier,11380,0.5372583479789104,3.5077327179872024,1.642985816570392,0.8647469014168098,3/9,0.1312086815196613,11380,0.5290861159929702,2.757122485637401,1.642985816570392,0.1141366690670079,3/9,0.0175289638114883
240,F,gb,score,all,0.05,fixed_hold,569,0.5992970123022847,17.2603565129332,1.6276119534619395,14.63274455947126,6/9,1.4574725449414845,569,0.4956063268892794,-1.9472086235525603,1.833619405977752,-4.780828029530312,4/9,-0.3393318346721761
240,F,gb,score,all,0.05,barrier,569,0.6115992970123023,5.266821270677903,1.6276119534619395,2.639209317215965,5/9,0.4985754916220068,569,0.5149384885764499,-8.540136264403055,1.833619405977752,-11.373755670380806,3/9,-1.1544130081583912
240,F,gb,score,all,0.1,fixed_hold,1139,0.5417032484635645,11.06726359681506,1.6086554220390346,8.458608174776025,6/9,0.9127738719804912,1138,0.5404217926186292,6.431261940414766,1.6886904664137847,3.742571474000981,6/9,0.3699691048968146
240,F,gb,score,all,0.1,barrier,1139,0.5469710272168569,0.3851831297054526,1.6086554220390346,-2.223472292333581,3/9,-0.426020074887194,1138,0.5571177504393673,-1.499587831340714,1.6886904664137847,-4.1882782977545,4/9,-0.6287084703484207
240,F,gb,score,all,0.2,fixed_hold,2276,0.5298769771528998,7.875047451232527,1.640295385853868,5.234752065378659,5/9,0.5599415543974474,2276,0.5166959578207382,5.425438368865571,1.6216177106427332,2.8038206582228336,5/9,0.331958483458302
240,F,gb,score,all,0.2,barrier,2276,0.5373462214411248,-0.4870509644031316,1.640295385853868,-3.1273463502570005,4/9,-0.5500005309382464,2276,0.5377855887521968,-0.5915005351819096,1.6216177106427332,-3.2131182458246417,4/9,-0.567144104832054
240,F,gb,score,all,1.0,fixed_hold,11380,0.5045694200351494,4.85268735942089,1.642985816570392,2.209701542850497,4/9,0.5804333716996893,11380,0.5040421792618629,4.938483153121801,1.642985816570392,2.295497336551409,4/9,0.5788089414554927
240,F,gb,score,all,1.0,barrier,11380,0.5057117750439367,-0.5764333101451266,1.642985816570392,-3.219419126715519,2/9,-1.571565388836253,11380,0.5085237258347979,-0.0732151459446831,1.642985816570392,-2.716200962515075,3/9,-1.346173002286497
240,F,gb,ev,all,0.05,fixed_hold,569,0.4622144112478031,-11.05802862474517,2.135181854202568,-14.193210478947735,4/9,-1.1644965875509123,569,0.3550087873462214,-27.733295583619544,2.1961134419461867,-30.92940902556574,3/9,-1.8445433774540296
240,F,gb,ev,all,0.05,barrier,569,0.4780316344463972,-10.019942258042947,2.135181854202568,-13.155124112245518,4/9,-0.8857550080413575,569,0.3725834797891036,-18.806939576357987,2.1961134419461867,-22.00305301830417,4/9,-1.1760655785605951
240,F,gb,ev,all,0.1,fixed_hold,1138,0.469244288224956,-3.185937154778779,1.9767158621976824,-6.162653016976461,4/9,-0.8175337113221854,1138,0.4384885764499121,-7.418955387286199,2.0068776655655443,-10.425833052851743,3/9,-1.2264780142197549
240,F,gb,ev,all,0.1,barrier,1138,0.4876977152899824,-6.476399086522031,1.9767158621976824,-9.453114948719715,3/9,-1.244901543862453,1138,0.4516695957820738,-9.158787883988664,2.0068776655655443,-12.165665549554207,3/9,-1.2111058287038663
240,F,gb,ev,all,0.2,fixed_hold,2276,0.4758347978910369,-0.2190790373627959,1.869126413044788,-3.088205450407585,4/9,-0.5563058759195775,2276,0.4551845342706502,-2.843443764509081,1.8835520072315528,-5.726995771740632,3/9,-0.9748770106680228
240,F,gb,ev,all,0.2,barrier,2276,0.4881370826010545,-4.126195806391928,1.869126413044788,-6.995322219436715,3/9,-1.3629639452824878,2276,0.4727592267135325,-4.849471383480468,1.8835520072315528,-7.733023390712021,3/9,-1.425971434009072
240,F,gb,ev,all,1.0,fixed_hold,11380,0.5045694200351494,4.85268735942089,1.642985816570392,2.209701542850497,4/9,0.5804333716996893,11380,0.5040421792618629,4.938483153121801,1.642985816570392,2.295497336551409,4/9,0.5788089414554927
240,F,gb,ev,all,1.0,barrier,11380,0.5057117750439367,-0.5764333101451266,1.642985816570392,-3.219419126715519,2/9,-1.571565388836253,11380,0.5085237258347979,-0.0732151459446831,1.642985816570392,-2.716200962515075,3/9,-1.346173002286497
240,F,lr,score,all,0.05,fixed_hold,569,0.6080843585237259,13.0773961087305,1.8829807030889036,10.194415405641594,4/9,1.1147523085970137,569,0.6028119507908611,18.887877966279675,1.8180854364071648,16.069792529872508,6/9,1.2077771885449438
240,F,lr,score,all,0.05,barrier,569,0.6186291739894552,11.927068697246952,1.8829807030889036,9.044087994158051,5/9,0.976153190870612,569,0.6115992970123023,12.689545137801296,1.8180854364071648,9.87145970139413,6/9,0.7814470273352028
240,F,lr,score,all,0.1,fixed_hold,1138,0.5984182776801406,13.21355913570159,1.7880334497300283,10.42552568597156,4/9,1.3416747718250188,1138,0.6089630931458699,18.167471917870603,1.767290606407694,15.40018131146291,4/9,1.5198319521507089
240,F,lr,score,all,0.1,barrier,1138,0.6001757469244289,10.124034477784257,1.7880334497300283,7.336001028054227,5/9,0.9643500151491184,1138,0.6230228471001757,13.709113597509315,1.767290606407694,10.94182299110162,5/9,1.2065539790244175
240,F,lr,score,all,0.2,fixed_hold,2276,0.5746924428822495,9.176904793289811,1.7203512881624228,6.456553505127388,4/9,1.121815860397401,2276,0.570298769771529,13.116142203167804,1.6707735855196455,10.44536861764816,5/9,1.6208524740789243
240,F,lr,score,all,0.2,barrier,2276,0.5905096660808435,8.79490057051412,1.7203512881624228,6.074549282351697,4/9,1.0111941073080857,2276,0.5847978910369068,9.657976099749945,1.6707735855196455,6.987202514230302,5/9,1.2555169221384357
240,F,lr,score,all,1.0,fixed_hold,11380,0.5225834797891037,2.0888484207893514,1.642985816570392,-0.5541373957810408,4/9,-0.1928904995740187,11380,0.5166959578207382,2.5303544356788006,1.642985816570392,-0.1126313808915922,4/9,-0.0474240957801672
240,F,lr,score,all,1.0,barrier,11380,0.5327768014059754,3.076950678378911,1.642985816570392,0.4339648618085187,4/9,0.2992158690625534,11380,0.5288224956063269,3.1288795539389724,1.642985816570392,0.4858937373685806,4/9,0.4000855428216978
240,F,lr,ev,all,0.05,fixed_hold,569,0.6449912126537786,27.05963496235237,2.1885558458399945,23.871079116512373,5/9,1.3631965812337,569,0.6045694200351494,22.52832817263013,2.123114070543891,19.40521410208624,4/9,1.2140909027682474
240,F,lr,ev,all,0.05,barrier,569,0.648506151142355,20.218396051410508,2.1885558458399945,17.029840205570512,5/9,1.0240233117853426,569,0.6414762741652021,19.49847184607708,2.123114070543891,16.375357775533185,5/9,0.930727291208894
240,F,lr,ev,all,0.1,fixed_hold,1138,0.6195079086115993,20.797726381216307,2.000185358843391,17.79754102237292,4/9,1.6577783277117617,1138,0.5887521968365553,19.61529735304671,2.003612693896838,16.61168465914987,4/9,1.272346613335756
240,F,lr,ev,all,0.1,barrier,1138,0.6362038664323374,17.32837633080088,2.000185358843391,14.328190971957484,5/9,1.3718397615414215,1138,0.6265377855887522,19.011133268338277,2.003612693896838,16.007520574441436,5/9,1.2511573168367442
240,F,lr,ev,all,0.2,fixed_hold,2276,0.5790861159929701,10.867430071259651,1.9139292070930072,7.953500864166643,5/9,1.4755780623063628,2276,0.5333919156414763,8.508883266637234,1.876775857337144,5.632107409300092,3/9,0.8044817862853668
240,F,lr,ev,all,0.2,barrier,2276,0.6107205623901582,12.128229509706722,1.9139292070930072,9.214300302613715,4/9,1.4827015571459916,2276,0.554920913884007,9.16665630209538,1.876775857337144,6.289880444758238,4/9,0.91713013911971
240,F,lr,ev,all,1.0,fixed_hold,11380,0.5225834797891037,2.0888484207893514,1.642985816570392,-0.5541373957810408,4/9,-0.1928904995740187,11380,0.5166959578207382,2.5303544356788006,1.642985816570392,-0.1126313808915922,4/9,-0.0474240957801672
240,F,lr,ev,all,1.0,barrier,11380,0.5327768014059754,3.076950678378911,1.642985816570392,0.4339648618085187,4/9,0.2992158690625534,11380,0.5288224956063269,3.1288795539389724,1.642985816570392,0.4858937373685806,4/9,0.4000855428216978
240,B,gb,score,all,0.05,fixed_hold,584,0.5017123287671232,0.8676854441621719,1.6819672131773884,-1.8142817690152164,4/9,-0.1913784089837862,582,0.4828178694158075,2.278416687013196,1.8539223844307189,-0.5755056974175223,3/9,-0.0747318881458666
240,B,gb,score,all,0.05,barrier,584,0.541095890410959,5.603247359738542,1.6819672131773884,2.9212801465611515,4/9,0.8481823650610578,582,0.4553264604810996,1.9652440728141456,1.8539223844307189,-0.8886783116165722,5/9,-0.232978553395609
240,B,gb,score,all,0.1,fixed_hold,1167,0.5089974293059126,1.668659357755309,1.7453808033131462,-1.0767214455578389,4/9,-0.1458154536832665,1167,0.4961439588688946,0.0418427482724471,1.8460111205457843,-2.8041683722733355,4/9,-0.4511501947633031
240,B,gb,score,all,0.1,barrier,1167,0.5158526135389888,2.199878202496788,1.7453808033131462,-0.545502600816358,3/9,-0.2371961322409007,1167,0.4832904884318766,1.5273075916704535,1.8460111205457843,-1.3187035288753293,4/9,-0.4694508583339168
240,B,gb,score,all,0.2,fixed_hold,2279,0.515577007459412,0.766462350606437,1.6920489049378165,-1.925586554331376,4/9,-0.2966170828365382,2518,0.5047656870532169,-0.2825778854427756,1.751252048564722,-3.0338299340074983,4/9,-0.5090082374247353
240,B,gb,score,all,0.2,barrier,2279,0.5348837209302325,4.457089582589295,1.6920489049378165,1.7650406776514798,5/9,0.6028332978195061,2518,0.5051628276409849,1.857985523090128,1.751252048564722,-0.8932665254745956,3/9,-0.2741699908238079
240,B,gb,score,all,1.0,fixed_hold,11380,0.5315465729349736,0.0201362341829844,1.642985816570392,-2.6228495823874067,3/9,-0.5445110732206565,11380,0.5315465729349736,0.0201362341829844,1.642985816570392,-2.6228495823874067,3/9,-0.5445110732206565
240,B,gb,score,all,1.0,barrier,11380,0.5390158172231986,1.1858851239296613,1.642985816570392,-1.4571006926407304,3/9,-0.3310872378389923,11380,0.5390158172231986,1.1858851239296613,1.642985816570392,-1.4571006926407304,3/9,-0.3310872378389923
240,B,gb,ev,all,0.05,fixed_hold,569,0.3550087873462214,-36.24875366681302,1.759209401372683,-39.0079630681857,2/9,-1.3237665404047585,569,0.4042179261862917,-31.131130408378635,1.804983900344812,-33.93611430872345,2/9,-1.271028549245354
240,B,gb,ev,all,0.05,barrier,569,0.367311072056239,-26.041266180286552,1.759209401372683,-28.80047558165923,3/9,-1.0748530502604507,569,0.4147627416520211,-18.544470733267783,1.804983900344812,-21.349454633612595,3/9,-0.8872710932271831
240,B,gb,ev,all,0.1,fixed_hold,1138,0.4279437609841828,-28.126106087900595,1.8692238138116668,-30.995329901712264,3/9,-1.24176693675976,1138,0.4411247803163444,-25.468448277955503,1.901577861214216,-28.370026139169724,3/9,-1.1830096414975917
240,B,gb,ev,all,0.1,barrier,1138,0.4305799648506151,-17.71622973921201,1.8692238138116668,-20.58545355302368,3/9,-1.0148391144145177,1138,0.4428822495606327,-14.05248834202306,1.901577861214216,-16.95406620323728,3/9,-0.9057029298652808
240,B,gb,ev,all,0.2,fixed_hold,2276,0.484182776801406,-16.190354335023326,1.8315332552752688,-19.021887590298597,2/9,-1.1346949565112658,2276,0.4951669595782074,-14.93936357739059,1.8263076695610163,-17.7656712469516,2/9,-1.1035968804535514
240,B,gb,ev,all,0.2,barrier,2276,0.4644112478031634,-12.234857477264727,1.8315332552752688,-15.066390732539997,2/9,-1.1309828919183045,2276,0.4789103690685413,-10.44158438177988,1.8263076695610163,-13.2678920513409,2/9,-1.0534365599998092
240,B,gb,ev,all,1.0,fixed_hold,11380,0.5315465729349736,0.0201362341829844,1.642985816570392,-2.6228495823874067,3/9,-0.5445110732206565,11380,0.5315465729349736,0.0201362341829844,1.642985816570392,-2.6228495823874067,3/9,-0.5445110732206565
240,B,gb,ev,all,1.0,barrier,11380,0.5390158172231986,1.1858851239296613,1.642985816570392,-1.4571006926407304,3/9,-0.3310872378389923,11380,0.5390158172231986,1.1858851239296613,1.642985816570392,-1.4571006926407304,3/9,-0.3310872378389923
240,B,lr,score,all,0.05,fixed_hold,569,0.6063268892794376,5.530761242686406,1.9206226259621089,2.610138616724297,4/9,0.2202806690688321,569,0.5852372583479789,2.794388948275159,2.0770857809547456,-0.2826968326795832,4/9,-0.0210579027886315
240,B,lr,score,all,0.05,barrier,569,0.5869947275922671,6.190667459202339,1.9206226259621089,3.270044833240229,5/9,0.276218354154,569,0.6063268892794376,9.577743529805756,2.0770857809547456,6.500657748851011,3/9,0.5545540491658925
240,B,lr,score,all,0.1,fixed_hold,1138,0.5764499121265377,2.0837913201119505,1.9194943208510944,-0.8357030007391418,5/9,-0.0621664612558851,1138,0.5474516695957821,-2.1413129352254248,1.9452927429339768,-5.086605678159404,5/9,-0.4018671486799199
240,B,lr,score,all,0.1,barrier,1138,0.5782073813708261,4.166933062648366,1.9194943208510944,1.2474387417972714,5/9,0.1005593976830592,1138,0.5588752196836555,4.265621168051571,1.9452927429339768,1.3203284251175953,3/9,0.1299509043652549
240,B,lr,score,all,0.2,fixed_hold,2276,0.554920913884007,-0.8828940584751332,1.8592977235433268,-3.742191782018459,4/9,-0.3034838643830949,2276,0.5430579964850615,-0.2073208850271387,1.8384891657633269,-3.0458100507904646,4/9,-0.2683022918049684
240,B,lr,score,all,0.2,barrier,2276,0.562829525483304,2.5298009004333464,1.8592977235433268,-0.3294968231099808,4/9,-0.0314691453165139,2276,0.5531634446397188,2.8536755436996173,1.8384891657633269,0.0151863779362904,3/9,0.0016014906311217
240,B,lr,score,all,1.0,fixed_hold,11380,0.5315465729349736,0.0201362341829844,1.642985816570392,-2.6228495823874067,3/9,-0.5445110732206565,11380,0.5315465729349736,0.0201362341829844,1.642985816570392,-2.6228495823874067,3/9,-0.5445110732206565
240,B,lr,score,all,1.0,barrier,11380,0.5390158172231986,1.1858851239296613,1.642985816570392,-1.4571006926407304,3/9,-0.3310872378389923,11380,0.5390158172231986,1.1858851239296613,1.642985816570392,-1.4571006926407304,3/9,-0.3310872378389923
240,B,lr,ev,all,0.05,fixed_hold,569,0.4569420035149384,1.5300474651348042,2.036116494838771,-1.506069029703965,3/9,-0.1886047624067821,569,0.4586994727592267,0.6626223385689702,2.020477096014717,-2.3578547574457493,3/9,-0.2891703705595431
240,B,lr,ev,all,0.05,barrier,569,0.507908611599297,1.349401271044003,2.036116494838771,-1.686715223794767,3/9,-0.3441863807764631,569,0.4973637961335677,0.1737158935459785,2.020477096014717,-2.8467612024687385,3/9,-0.5700885412405824
240,B,lr,ev,all,0.1,fixed_hold,1138,0.4903339191564148,1.754487124681766,1.9834580853450592,-1.228970960663295,4/9,-0.2094290599692862,1138,0.4982425307557118,2.065468692508588,1.9772507892105236,-0.9117820967019358,4/9,-0.1638253525689251
240,B,lr,ev,all,0.1,barrier,1138,0.5087873462214412,1.515358920589358,1.9834580853450592,-1.4680991647557002,3/9,-0.3395200885209312,1138,0.5166959578207382,2.119447870721742,1.9772507892105236,-0.8578029184887815,3/9,-0.2141300919354428
240,B,lr,ev,all,0.2,fixed_hold,2276,0.5035149384885764,1.96865014813528,1.9471434666322085,-0.978493318496928,4/9,-0.1987042175910395,2276,0.5008787346221442,1.6200295414625574,1.9412916778989528,-1.321262136436396,4/9,-0.2641239209018947
240,B,lr,ev,all,0.2,barrier,2276,0.5202108963093146,2.083092926304395,1.9471434666322085,-0.8640505403278127,2/9,-0.2581931392619048,2276,0.5193321616871704,1.8843717795537107,1.9412916778989528,-1.0569198983452424,2/9,-0.3143948812793231
240,B,lr,ev,all,1.0,fixed_hold,11380,0.5315465729349736,0.0201362341829844,1.642985816570392,-2.6228495823874067,3/9,-0.5445110732206565,11380,0.5315465729349736,0.0201362341829844,1.642985816570392,-2.6228495823874067,3/9,-0.5445110732206565
240,B,lr,ev,all,1.0,barrier,11380,0.5390158172231986,1.1858851239296613,1.642985816570392,-1.4571006926407304,3/9,-0.3310872378389923,11380,0.5390158172231986,1.1858851239296613,1.642985816570392,-1.4571006926407304,3/9,-0.3310872378389923
240,L2,gb,score,all,0.05,fixed_hold,569,0.453427065026362,-19.91792390752107,2.126913792651467,-23.04483770017254,1/9,-1.4659288333937155,569,0.4288224956063269,-19.95696546425208,1.9612125137468088,-22.918177977998887,3/9,-1.8843716260853247
240,L2,gb,score,all,0.05,barrier,569,0.4850615114235501,-7.098472872626215,2.126913792651467,-10.22538666527768,2/9,-1.172868858904501,569,0.4727592267135325,-7.835942379554137,1.9612125137468088,-10.797154893300943,4/9,-1.343694506939442
240,L2,gb,score,all,0.1,fixed_hold,1138,0.4586994727592267,-15.422909540234068,2.011026961267386,-18.433936501501456,2/9,-1.5229872002908171,1138,0.4437609841827768,-15.24063402004313,1.8365984969042248,-18.077232516947355,1/9,-2.283339885798266
240,L2,gb,score,all,0.1,barrier,1138,0.4929701230228471,-5.257586898347111,2.011026961267386,-8.268613859614495,3/9,-1.1078496502750588,1138,0.4674868189806678,-7.873350735397352,1.8365984969042248,-10.709949232301575,2/9,-1.6557559438794316
240,L2,gb,score,all,0.2,fixed_hold,2276,0.4718804920913884,-12.104459188872433,1.879646358126625,-14.984105546999062,1/9,-1.7260582432815226,2276,0.4608963093145869,-10.239149597234812,1.763075722769015,-13.002225320003824,1/9,-2.326096600105187
240,L2,gb,score,all,0.2,barrier,2276,0.4995606326889279,-3.659763492668802,1.879646358126625,-6.539409850795425,2/9,-1.188315849195658,2276,0.4762741652021089,-5.341084223452227,1.763075722769015,-8.104159946221243,2/9,-1.5978113047180005
240,L2,gb,score,all,1.0,fixed_hold,11380,0.4854130052724077,-4.11367958303717,1.642985816570392,-6.756665399607562,1/9,-2.3612254872858345,11380,0.4885764499121265,-3.3418316738381613,1.642985816570392,-5.984817490408552,1/9,-2.9415811187558454
240,L2,gb,score,all,1.0,barrier,11380,0.4926186291739894,-1.6136793585896605,1.642985816570392,-4.256665175160053,1/9,-2.246453956456505,11380,0.4945518453427065,-1.5310398590755327,1.642985816570392,-4.174025675645925,1/9,-2.2692948532354054
240,L2,gb,ev,all,0.05,fixed_hold,569,0.4657293497363796,-25.521163546564217,2.14197716849036,-28.66314071505458,2/9,-1.133301875564441,569,0.4182776801405975,-25.01770018377275,1.9095860543201544,-27.9272862380929,4/9,-1.531027495961157
240,L2,gb,ev,all,0.05,barrier,569,0.4674868189806678,-13.84126119454366,2.14197716849036,-16.983238363034022,3/9,-1.0143688363559955,569,0.4182776801405975,-19.36625228014499,1.9095860543201544,-22.275838334465146,4/9,-1.4894547173733506
240,L2,gb,ev,all,0.1,fixed_hold,1138,0.4657293497363796,-18.51665657777549,2.0198854853659065,-21.5365420631414,2/9,-1.1882463728955313,1138,0.4323374340949033,-19.68008620862609,1.8535423125402724,-22.533628521166364,3/9,-1.6636218609281666
240,L2,gb,ev,all,0.1,barrier,1138,0.4683655536028119,-10.174523706456188,2.0198854853659065,-13.19440919182209,3/9,-1.0968730224913672,1138,0.4393673110720562,-13.933378060598091,1.8535423125402724,-16.78692037313836,4/9,-1.590644925462664
240,L2,gb,ev,all,0.2,fixed_hold,2276,0.4780316344463972,-12.518988758582596,1.9155763325494315,-15.434565091132027,2/9,-1.3903394992046332,2276,0.4512302284710017,-14.920400943082024,1.81556462685259,-17.735965569934613,3/9,-2.0218131996460365
240,L2,gb,ev,all,0.2,barrier,2276,0.4907732864674868,-5.354897707469047,1.9155763325494315,-8.270474040018478,4/9,-1.133340739394815,2276,0.4644112478031634,-9.010846497995862,1.81556462685259,-11.826411124848455,4/9,-1.703481017387695
240,L2,gb,ev,all,1.0,fixed_hold,11380,0.4854130052724077,-4.11367958303717,1.642985816570392,-6.756665399607562,1/9,-2.3612254872858345,11380,0.4885764499121265,-3.3418316738381613,1.642985816570392,-5.984817490408552,1/9,-2.9415811187558454
240,L2,gb,ev,all,1.0,barrier,11380,0.4926186291739894,-1.6136793585896605,1.642985816570392,-4.256665175160053,1/9,-2.246453956456505,11380,0.4945518453427065,-1.5310398590755327,1.642985816570392,-4.174025675645925,1/9,-2.2692948532354054
240,L2,lr,score,all,0.05,fixed_hold,569,0.4094903339191564,-11.343379813447916,1.489960000681136,-13.833339814129053,3/9,-2.1599233613328743,569,0.4428822495606327,-8.344073814228807,1.4597180875081173,-10.803791901736922,3/9,-1.7089419657869562
240,L2,lr,score,all,0.05,barrier,569,0.4235500878734622,-6.433399274705296,1.489960000681136,-8.92335927538643,4/9,-1.3591085242429046,569,0.4411247803163444,-5.24407573149904,1.4597180875081173,-7.703793819007156,3/9,-1.2388603571379595
240,L2,lr,score,all,0.1,fixed_hold,1138,0.4525483304042179,-4.2138330568218585,1.4749232704953883,-6.688756327317246,4/9,-1.0862254984197344,1138,0.4657293497363796,-2.08630187298862,1.4759444696978965,-4.562246342686517,4/9,-0.7509205847362543
240,L2,lr,score,all,0.1,barrier,1138,0.4428822495606327,-3.627194244246596,1.4749232704953883,-6.102117514741985,4/9,-1.0780775219223393,1138,0.4569420035149384,-2.15440735442078,1.4759444696978965,-4.630351824118675,4/9,-0.8298111837098482
240,L2,lr,score,all,0.2,fixed_hold,2276,0.4503514938488576,-3.823418509201453,1.5027681465021878,-6.326186655703642,4/9,-1.5003900948815412,2276,0.4582601054481546,-3.255736261338224,1.4998434428237268,-5.755579704161951,3/9,-1.501458699783415
240,L2,lr,score,all,0.2,barrier,2276,0.4507908611599297,-2.8561262745285565,1.5027681465021878,-5.358894421030744,3/9,-1.2911051974155192,2276,0.4556239015817223,-2.6879869248443224,1.4998434428237268,-5.187830367668049,3/9,-1.3693986061390733
240,L2,lr,score,all,1.0,fixed_hold,11380,0.4804042179261863,-2.308536983879597,1.642985816570392,-4.95152280044999,1/9,-2.5314742531097747,11380,0.483128295254833,-1.01365578339608,1.642985816570392,-3.656641599966471,3/9,-1.495535258844941
240,L2,lr,score,all,1.0,barrier,11380,0.4825131810193321,-1.1345294784183204,1.642985816570392,-3.7775152949887127,1/9,-2.0311873115052883,11380,0.4829525483304042,-0.6255359329988839,1.642985816570392,-3.268521749569276,2/9,-1.4088397620267308
240,L2,lr,ev,all,0.05,fixed_hold,569,0.5096660808435852,-7.430204026519505,1.6046347694951058,-10.034838796014611,2/9,-1.402221534808144,569,0.5061511423550088,-4.803411374655092,1.630026585010953,-7.433437959666042,2/9,-1.6150161118979929
240,L2,lr,ev,all,0.05,barrier,569,0.507908611599297,-5.217519676381386,1.6046347694951058,-7.822154445876492,3/9,-1.2743112390451588,569,0.5043936731107206,-2.863723492881813,1.630026585010953,-5.493750077892766,2/9,-1.1275053458559303
240,L2,lr,ev,all,0.1,fixed_hold,1138,0.5017574692442882,-5.321198098230428,1.590781870244658,-7.9119799684750864,1/9,-2.0150073582495738,1138,0.4859402460456942,-4.76719099413531,1.6072618726876011,-7.374452866822913,2/9,-2.286648005223238
240,L2,lr,ev,all,0.1,barrier,1138,0.5149384885764499,-1.1301699213648906,1.590781870244658,-3.720951791609549,2/9,-1.1513829941449192,1138,0.5035149384885764,-1.1904387249890782,1.6072618726876011,-3.797700597676679,3/9,-1.271043663543499
240,L2,lr,ev,all,0.2,fixed_hold,2276,0.4969244288224956,-1.4537033941158377,1.627786910357437,-4.081490304473275,3/9,-1.269340231899007,2276,0.4859402460456942,-2.3139487055224954,1.6195522851829192,-4.933500990705414,2/9,-1.5273801977952437
240,L2,lr,ev,all,0.2,barrier,2276,0.5092267135325131,0.7573181183154155,1.627786910357437,-1.8704687920420204,3/9,-0.7167649452764637,2276,0.4973637961335677,-0.1544641699903784,1.6195522851829192,-2.7740164551732978,2/9,-1.27691389186632
240,L2,lr,ev,all,1.0,fixed_hold,11380,0.4804042179261863,-2.308536983879597,1.642985816570392,-4.95152280044999,1/9,-2.5314742531097747,11380,0.483128295254833,-1.01365578339608,1.642985816570392,-3.656641599966471,3/9,-1.495535258844941
240,L2,lr,ev,all,1.0,barrier,11380,0.4825131810193321,-1.1345294784183204,1.642985816570392,-3.7775152949887127,1/9,-2.0311873115052883,11380,0.4829525483304042,-0.6255359329988839,1.642985816570392,-3.268521749569276,2/9,-1.4088397620267308
240,PL2,gb,score,all,0.05,fixed_hold,577,0.7157712305025996,20.14367938184512,1.498640723215117,17.645038658630003,7/9,1.8946622174141647,583,0.3945111492281303,-6.912046709291738,1.5491923918221198,-9.461239101113856,5/9,-0.5188659828228023
240,PL2,gb,score,all,0.05,barrier,577,0.6793760831889082,21.490345308761984,1.498640723215117,18.99170458554687,6/9,1.550455487842634,583,0.4288164665523156,-2.887937525626538,1.5491923918221198,-5.437129917448658,4/9,-0.4182181325001991
240,PL2,gb,score,all,0.1,fixed_hold,1138,0.7117750439367311,17.094125072645685,1.5451233479966875,14.549001724649,6/9,1.3171356464855528,1144,0.5314685314685315,-2.8412452580164,1.5846651661874582,-5.425910424203857,6/9,-0.5058249083548537
240,PL2,gb,score,all,0.1,barrier,1138,0.695079086115993,17.56518068273144,1.5451233479966875,15.020057334734751,6/9,1.1632569762998626,1144,0.5288461538461539,-1.8831437391404204,1.5846651661874582,-4.467808905327877,5/9,-0.5078530526138519
240,PL2,gb,score,all,0.2,fixed_hold,2298,0.7032201914708442,12.811616098373214,1.572623002004486,10.238993096368729,7/9,0.9751200121280752,2276,0.5667838312829525,-3.078441216285349,1.6238672437910018,-5.7023084600763525,5/9,-0.7416534284165385
240,PL2,gb,score,all,0.2,barrier,2298,0.6462140992167101,8.958042278050657,1.572623002004486,6.385419276046173,6/9,1.105975973001078,2276,0.5426186291739895,-0.8676564135047069,1.6238672437910018,-3.491523657295709,4/9,-0.7721004889923407
240,PL2,gb,score,all,1.0,fixed_hold,11380,0.570298769771529,-1.5937446124506998,1.642985816570392,-4.236730429021094,6/9,-0.4532992917062331,11380,0.5188927943760984,-6.102551834807371,1.642985816570392,-8.745537651377767,5/9,-0.9602761239864058
240,PL2,gb,score,all,1.0,barrier,11380,0.5828646748681898,4.563083750491839,1.642985816570392,1.9200979339214448,6/9,0.3139980236872116,11380,0.5281195079086116,0.6816369087162825,1.642985816570392,-1.96134890785411,4/9,-0.473189852977316
240,PL2,gb,ev,all,0.05,fixed_hold,569,0.8260105448154658,35.852551909469085,1.8531221757157212,32.99942973375336,4/9,0.8077740752157772,569,0.312829525483304,-46.22140504255872,1.6900058095948811,-48.9114108521536,1/9,-1.5743227791785774
240,PL2,gb,ev,all,0.05,barrier,569,0.5711775043936731,9.164343118899518,1.8531221757157212,6.3112209431838,4/9,0.4106924778391429,569,0.1353251318101933,-50.64100815772248,1.6900058095948811,-53.33101396731736,0/9,-2.6257518871559737
240,PL2,gb,ev,all,0.1,fixed_hold,1138,0.7390158172231986,18.01810450111898,1.8595682461180212,15.15853625500096,3/9,0.5736440294244356,1138,0.4121265377855888,-24.57095106332312,1.6502109423914058,-27.22116200571453,2/9,-1.4992384881075762
240,PL2,gb,ev,all,0.1,barrier,1138,0.6159929701230229,9.70086566865835,1.8595682461180212,6.84129742254033,5/9,0.5488723274368967,1138,0.3242530755711775,-24.276362881694464,1.6502109423914058,-26.926573824085864,1/9,-3.923469130022921
240,PL2,gb,ev,all,0.2,fixed_hold,2276,0.6335676625659051,3.242011861676069,1.791644265021544,0.4503675966545267,2/9,0.0259764813781344,2276,0.5303163444639719,-9.737296352534274,1.7093396934779168,-12.446636046012197,2/9,-0.8475037841803699
240,PL2,gb,ev,all,0.2,barrier,2276,0.6243409490333919,9.037516270980175,1.791644265021544,6.245872005958633,4/9,0.596595254881624,2276,0.4771528998242531,-6.951396254493921,1.7093396934779168,-9.66073594797184,2/9,-1.3453768898220664
240,PL2,gb,ev,all,1.0,fixed_hold,11380,0.570298769771529,-1.5937446124506998,1.642985816570392,-4.236730429021094,6/9,-0.4532992917062331,11380,0.5188927943760984,-6.102551834807371,1.642985816570392,-8.745537651377767,5/9,-0.9602761239864058
240,PL2,gb,ev,all,1.0,barrier,11380,0.5828646748681898,4.563083750491839,1.642985816570392,1.9200979339214448,6/9,0.3139980236872116,11380,0.5281195079086116,0.6816369087162825,1.642985816570392,-1.96134890785411,4/9,-0.473189852977316
240,PL2,lr,score,all,0.05,fixed_hold,569,0.4516695957820738,-4.358903912586057,1.4924676783386794,-6.851371590924736,4/9,-0.9253719353181646,569,0.4463971880492091,-5.466428726727333,1.4842238704693322,-7.950652597196664,3/9,-1.0383216963833313
240,PL2,lr,score,all,0.05,barrier,569,0.4569420035149384,-2.5203530453433123,1.4924676783386794,-5.012820723681991,5/9,-0.7146366170360721,569,0.4481546572934973,-4.227290494948114,1.4842238704693322,-6.711514365417447,4/9,-0.9832834096051528
240,PL2,lr,score,all,0.1,fixed_hold,1138,0.4481546572934973,-5.178182458581343,1.4957313169252011,-7.673913775506544,3/9,-1.3168698745077596,1138,0.4569420035149384,-2.856026046153414,1.4748759172322172,-5.33090196338563,3/9,-0.9792399697968124
240,PL2,lr,score,all,0.1,barrier,1138,0.4437609841827768,-3.3531124209014656,1.4957313169252011,-5.848843737826666,4/9,-1.0825767495259853,1138,0.4446397188049209,-3.1783306344121747,1.4748759172322172,-5.653206551644392,4/9,-1.0015083275472063
240,PL2,lr,score,all,0.2,fixed_hold,2276,0.4666080843585237,-3.933668890197703,1.5127627318662684,-6.446431622063971,2/9,-1.8690263151985824,2276,0.468804920913884,-3.208092671471345,1.498879513325076,-5.706972184796419,2/9,-1.695826299846538
240,PL2,lr,score,all,0.2,barrier,2276,0.4714411247803163,-1.976893113280696,1.5127627318662684,-4.489655845146964,3/9,-1.3934647867660517,2276,0.4661687170474516,-1.9859021355159048,1.498879513325076,-4.484781648840982,2/9,-1.373753022246066
240,PL2,lr,score,all,1.0,fixed_hold,11380,0.4903339191564148,-1.9228787053797856,1.642985816570392,-4.565864521950179,2/9,-1.995872650409537,11380,0.4878734622144112,-1.8600194982847775,1.642985816570392,-4.50300531485517,3/9,-1.7047157311211016
240,PL2,lr,score,all,1.0,barrier,11380,0.49103690685413,-0.8341873668334107,1.642985816570392,-3.4771731834038038,1/9,-2.062553927808275,11380,0.4887521968365553,-0.7628089274669206,1.642985816570392,-3.405794744037313,2/9,-1.6506185590726057
240,PL2,lr,ev,all,0.05,fixed_hold,569,0.492091388400703,-9.216602772394742,1.7877893668139944,-12.004392139208738,4/9,-1.0057675022636476,569,0.4973637961335677,-6.048517621017377,1.7802574608498114,-8.82877508186719,4/9,-0.8844377552207936
240,PL2,lr,ev,all,0.05,barrier,569,0.492091388400703,-3.9747023451983976,1.7877893668139944,-6.762491712012393,3/9,-0.9788322097447982,569,0.507908611599297,-0.951932784870752,1.7802574608498114,-3.732190245720564,4/9,-0.5713793897737385
240,PL2,lr,ev,all,0.1,fixed_hold,1138,0.4912126537785589,-6.013922655114844,1.7579641401525017,-8.771886795267346,4/9,-1.055551512339947,1138,0.4991212653778559,-1.956662108295183,1.7494032503509804,-4.706065358646163,5/9,-0.8981655746829189
240,PL2,lr,ev,all,0.1,barrier,1138,0.5105448154657294,-0.9374727617397296,1.7579641401525017,-3.695436901892231,3/9,-0.9360833717038248,1138,0.5061511423550088,-0.5222239693635189,1.7494032503509804,-3.2716272197144987,3/9,-0.9235054904009588
240,PL2,lr,ev,all,0.2,fixed_hold,2276,0.5057117750439367,-2.8842383256542106,1.7304206143898244,-5.614658940044035,3/9,-1.3027433496392329,2276,0.5026362038664324,-2.4320974777895072,1.7156154047044705,-5.147712882493978,3/9,-1.381814456095409
240,PL2,lr,ev,all,0.2,barrier,2276,0.5123022847100176,-0.0223529339163233,1.7304206143898244,-2.7527735483061484,3/9,-1.3778269812079404,2276,0.5039543057996485,-0.7417163704243771,1.7156154047044705,-3.457331775128848,3/9,-1.6987872067598666
240,PL2,lr,ev,all,1.0,fixed_hold,11380,0.4903339191564148,-1.9228787053797856,1.642985816570392,-4.565864521950179,2/9,-1.995872650409537,11380,0.4878734622144112,-1.8600194982847775,1.642985816570392,-4.50300531485517,3/9,-1.7047157311211016
240,PL2,lr,ev,all,1.0,barrier,11380,0.49103690685413,-0.8341873668334107,1.642985816570392,-3.4771731834038038,1/9,-2.062553927808275,11380,0.4887521968365553,-0.7628089274669206,1.642985816570392,-3.405794744037313,2/9,-1.6506185590726057
240,ALL,gb,score,all,0.05,fixed_hold,585,0.335042735042735,-14.16789062805161,1.597871288571433,-16.765761916623045,0/9,-1.2733557542960543,575,0.32,-14.2927401193498,1.5815621006102545,-16.874302219960054,0/9,-1.150720810458547
240,ALL,gb,score,all,0.05,barrier,585,0.3726495726495726,-8.503210207652009,1.597871288571433,-11.101081496223442,0/9,-1.5192007698764327,575,0.3547826086956521,-9.616402755940587,1.5815621006102545,-12.197964856550838,0/9,-1.4870355426613069
240,ALL,gb,score,all,0.1,fixed_hold,1144,0.5480769230769231,-7.180788917747302,1.6263003904612794,-9.807089308208582,2/9,-1.8866847481644664,1154,0.5190641247833622,0.2408484460086834,1.6036191451164608,-2.3627706991077773,5/9,-0.2954174920907685
240,ALL,gb,score,all,0.1,barrier,1144,0.5472027972027972,-3.7235814569923407,1.6263003904612794,-6.349881847453619,2/9,-1.6880894158403803,1154,0.4826689774696707,-4.061227656441738,1.6036191451164608,-6.6648468015581965,4/9,-1.0312896877148534
240,ALL,gb,score,all,0.2,fixed_hold,2304,0.6024305555555556,-0.3709393174620601,1.5600766700321298,-2.93101598749419,6/9,-0.5521537411536105,2285,0.5698030634573304,-1.6627454060761828,1.5556005604749594,-4.218345966551143,5/9,-0.5311699171196176
240,ALL,gb,score,all,0.2,barrier,2304,0.6089409722222222,3.9995356010322407,1.5600766700321298,1.439458931000112,5/9,0.2745371558024177,2285,0.52472647702407,-3.03232072381912,1.5556005604749594,-5.587921284294079,4/9,-1.5246783865576157
240,ALL,gb,score,all,1.0,fixed_hold,11380,0.5315465729349736,0.0201362341829844,1.642985816570392,-2.6228495823874067,3/9,-0.5445110732206565,11380,0.5315465729349736,0.0201362341829844,1.642985816570392,-2.6228495823874067,3/9,-0.5445110732206565
240,ALL,gb,score,all,1.0,barrier,11380,0.5390158172231986,1.1858851239296613,1.642985816570392,-1.4571006926407304,3/9,-0.3310872378389923,11380,0.5390158172231986,1.1858851239296613,1.642985816570392,-1.4571006926407304,3/9,-0.3310872378389923
240,ALL,gb,ev,all,0.05,fixed_hold,569,0.4762741652021089,-46.39943750783619,1.7560324477900768,-49.155469955626266,1/9,-0.8347781054380924,569,0.4710017574692443,-40.80667153947832,1.801405956776418,-43.60807749625475,1/9,-0.8523531111703343
240,ALL,gb,ev,all,0.05,barrier,569,0.2882249560632688,-38.961350004820886,1.7560324477900768,-41.71738245261096,0/9,-1.6501739175800425,569,0.2442882249560632,-42.81155827981105,1.801405956776418,-45.61296423658748,0/9,-2.110581793786779
240,ALL,gb,ev,pred_vol_high,0.05,fixed_hold,569,0.4762741652021089,-46.39943750783619,1.7560324477900768,-49.155469955626266,1/9,-0.8347781054380924,569,0.4710017574692443,-40.80667153947832,1.801405956776418,-43.60807749625475,1/9,-0.8523531111703343
240,ALL,gb,ev,pred_vol_high,0.05,barrier,569,0.2882249560632688,-38.961350004820886,1.7560324477900768,-41.71738245261096,0/9,-1.6501739175800425,569,0.2442882249560632,-42.81155827981105,1.801405956776418,-45.61296423658748,0/9,-2.110581793786779
240,ALL,gb,ev,all,0.1,fixed_hold,1138,0.5193321616871704,-24.144981309786736,1.69211659967521,-26.83709790946195,2/9,-0.7633522066752443,1138,0.4973637961335677,-24.930786833658853,1.7756495155790026,-27.70643634923786,2/9,-0.7468626404870827
240,ALL,gb,ev,all,0.1,barrier,1138,0.4797891036906854,-10.717374800204036,1.69211659967521,-13.409491399879249,2/9,-0.9966917136998028,1138,0.4490333919156414,-13.636382528623512,1.7756495155790026,-16.41203204420252,2/9,-1.0324094255230032
240,ALL,gb,ev,pred_vol_high,0.1,fixed_hold,1138,0.5193321616871704,-24.144981309786736,1.69211659967521,-26.83709790946195,2/9,-0.7633522066752443,1138,0.4973637961335677,-24.930786833658853,1.7756495155790026,-27.70643634923786,2/9,-0.7468626404870827
240,ALL,gb,ev,pred_vol_high,0.1,barrier,1138,0.4797891036906854,-10.717374800204036,1.69211659967521,-13.409491399879249,2/9,-0.9966917136998028,1138,0.4490333919156414,-13.636382528623512,1.7756495155790026,-16.41203204420252,2/9,-1.0324094255230032
240,ALL,gb,ev,all,0.2,fixed_hold,2276,0.5483304042179262,-12.998549564832896,1.7893450912774638,-15.787894656110367,3/9,-0.6647980711662568,2276,0.54701230228471,-9.750122246977208,1.8643159106580725,-12.614438157635275,4/9,-0.5501117966873912
240,ALL,gb,ev,all,0.2,barrier,2276,0.6076449912126538,6.731561390426381,1.7893450912774638,3.9422162991489182,4/9,0.417994192778958,2276,0.5426186291739895,-0.4777031563270745,1.8643159106580725,-3.342019066985145,4/9,-0.4231340094706942
240,ALL,gb,ev,pred_vol_high,0.2,fixed_hold,2276,0.5483304042179262,-12.998549564832896,1.7893450912774638,-15.787894656110367,3/9,-0.6647980711662568,2216,0.5442238267148014,-10.043422957745996,1.8616493918555288,-12.905072349601523,4/9,-0.545022457406529
240,ALL,gb,ev,pred_vol_high,0.2,barrier,2276,0.6076449912126538,6.731561390426381,1.7893450912774638,3.9422162991489182,4/9,0.417994192778958,2216,0.5397111913357401,-0.4813914318942593,1.8616493918555288,-3.3430408237497904,4/9,-0.4112383594151261
240,ALL,gb,ev,all,1.0,fixed_hold,11380,0.5315465729349736,0.0201362341829844,1.642985816570392,-2.6228495823874067,3/9,-0.5445110732206565,11380,0.5315465729349736,0.0201362341829844,1.642985816570392,-2.6228495823874067,3/9,-0.5445110732206565
240,ALL,gb,ev,all,1.0,barrier,11380,0.5390158172231986,1.1858851239296613,1.642985816570392,-1.4571006926407304,3/9,-0.3310872378389923,11380,0.5390158172231986,1.1858851239296613,1.642985816570392,-1.4571006926407304,3/9,-0.3310872378389923
240,ALL,gb,ev,pred_vol_high,1.0,fixed_hold,5692,0.5094869992972593,-7.552139253542634,1.8371451415555609,-10.389284395098196,2/9,-1.153112392551482,5690,0.5049209138840071,-7.974683697360346,1.8297309478867716,-10.804414645247116,1/9,-1.1810105137368871
240,ALL,gb,ev,pred_vol_high,1.0,barrier,5692,0.5632466619817288,2.5507380427742,1.8371451415555609,-0.2864070987813605,3/9,-0.0487270582316853,5690,0.5550087873462214,2.158204761417408,1.8297309478867716,-0.6715261864693628,3/9,-0.1193026882744834
240,ALL,lr,score,all,0.05,fixed_hold,569,0.4657293497363796,-12.324866747703137,1.6043640184402586,-14.929230766143396,2/9,-1.4673129080182317,569,0.4569420035149384,-11.725628924263612,1.6235238247761066,-14.349152749039716,2/9,-1.326827347519653
240,ALL,lr,score,all,0.05,barrier,569,0.492091388400703,-3.8546960606457255,1.6043640184402586,-6.459060079085982,2/9,-1.217960449241861,569,0.4815465729349736,-5.007660479404251,1.6235238247761066,-7.631184304180357,2/9,-1.1217191712240169
240,ALL,lr,score,all,0.1,fixed_hold,1138,0.5114235500878734,-5.039118586723163,1.5524415883105005,-7.591560175033665,2/9,-1.0482657843703715,1138,0.5105448154657294,-3.437745216718658,1.5615401956770287,-5.999285412395688,3/9,-0.8811822238950888
240,ALL,lr,score,all,0.1,barrier,1138,0.5281195079086116,-1.170740666497544,1.5524415883105005,-3.723182254808044,4/9,-0.7596779109765118,1138,0.531634446397188,-0.1473975210076623,1.5615401956770287,-2.708937716684692,3/9,-0.571072514455556
240,ALL,lr,score,all,0.2,fixed_hold,2276,0.5342706502636204,-1.2289599594225544,1.5836769350091582,-3.812636894431712,4/9,-0.6025995652426744,2276,0.5320738137082601,-1.415041722719674,1.5809562976625933,-3.995998020382266,4/9,-0.6003724133470658
240,ALL,lr,score,all,0.2,barrier,2276,0.5408611599297012,0.5615245871301864,1.5836769350091582,-2.022152347878971,4/9,-0.4367048479863673,2276,0.539543057996485,0.2472152375053843,1.5809562976625933,-2.3337410601572066,4/9,-0.4960821505525959
240,ALL,lr,score,all,1.0,fixed_hold,11380,0.5219683655536028,-0.7115986730762464,1.642985816570392,-3.354584489646637,3/9,-0.8328922125523972,11380,0.5241652021089631,-0.5185921275743158,1.642985816570392,-3.1615779441447085,3/9,-0.769118042978383
240,ALL,lr,score,all,1.0,barrier,11380,0.5278558875219683,0.5968673633200416,1.642985816570392,-2.0461184532503505,2/9,-0.6043066496515714,11380,0.5270650263620387,0.5167174446939458,1.642985816570392,-2.1262683718764457,2/9,-0.6323281355435695
240,ALL,lr,ev,all,0.05,fixed_hold,569,0.4604569420035149,-24.108210029670005,1.8962813055183831,-27.004491335188387,4/9,-1.0511252395641812,569,0.4288224956063269,-29.79561425930573,1.9157222137422385,-32.711336473047965,4/9,-1.0982768590762328
240,ALL,lr,ev,all,0.05,barrier,569,0.4182776801405975,-18.74672500651709,1.8962813055183831,-21.643006312035475,2/9,-1.4023992368996512,569,0.3901581722319859,-23.867044895199296,1.9157222137422385,-26.782767108941528,2/9,-1.3717283861565666
240,ALL,lr,ev,pred_vol_high,0.05,fixed_hold,568,0.4612676056338028,-24.05968835028566,1.8928677461792616,-26.95255609646492,4/9,-1.046618399020986,569,0.4288224956063269,-29.79561425930573,1.9157222137422385,-32.711336473047965,4/9,-1.0982768590762328
240,ALL,lr,ev,pred_vol_high,0.05,barrier,568,0.4190140845070422,-18.666364425601863,1.8928677461792616,-21.55923217178113,2/9,-1.3952332811864994,569,0.3901581722319859,-23.867044895199296,1.9157222137422385,-26.782767108941528,2/9,-1.3717283861565666
240,ALL,lr,ev,all,0.1,fixed_hold,1138,0.4964850615114236,-14.047610655811512,1.8137938934995683,-16.86140454931108,3/9,-0.9911907294672234,1138,0.492091388400703,-15.720985861206062,1.8265506710191957,-18.54753653222526,3/9,-1.0157265905530724
240,ALL,lr,ev,all,0.1,barrier,1138,0.484182776801406,-9.051368194426384,1.8137938934995683,-11.865162087925953,3/9,-1.3188988813428555,1138,0.4789103690685413,-11.180372844944388,1.8265506710191957,-14.006923515963582,3/9,-1.3592365764405518
240,ALL,lr,ev,pred_vol_high,0.1,fixed_hold,1093,0.4931381518755718,-15.250614796429662,1.825918777231113,-18.07653357366077,4/9,-1.0285493617729191,1096,0.4872262773722627,-16.56341175428909,1.8416461095323335,-19.405057863821423,3/9,-1.027181205641567
240,ALL,lr,ev,pred_vol_high,0.1,barrier,1093,0.4803293687099725,-9.384459533670029,1.825918777231113,-12.21037831090114,3/9,-1.3683733104467917,1096,0.4735401459854014,-11.415204772432809,1.8416461095323335,-14.256850881965144,2/9,-1.3709240937111924
240,ALL,lr,ev,all,0.2,fixed_hold,2276,0.523725834797891,-5.68543332198313,1.8010522577928758,-8.486485579776005,4/9,-0.8055206543017597,2276,0.5246045694200352,-7.022075027387525,1.7935845984400336,-9.815659625827555,3/9,-0.8703345368264387
240,ALL,lr,ev,all,0.2,barrier,2276,0.5518453427065027,0.4596746949218696,1.8010522577928758,-2.3413775628710067,3/9,-0.3772675302365294,2276,0.5500878734622144,-0.718644732282738,1.7935845984400336,-3.5122293307227728,3/9,-0.5267581343768171
240,ALL,lr,ev,pred_vol_high,0.2,fixed_hold,1957,0.515074092999489,-9.178622830338728,1.8406123590093613,-12.019235189348084,1/9,-1.0042123186609164,1961,0.5094339622641509,-10.352175042158132,1.8376450261557995,-13.189820068313928,1/9,-1.0249210110210965
240,ALL,lr,ev,pred_vol_high,0.2,barrier,1957,0.5539090444557997,0.5780612991111769,1.8406123590093613,-2.2625510598981835,3/9,-0.4062099714876442,1961,0.5420703722590515,-1.1531474429491906,1.8376450261557995,-3.990792469104988,3/9,-0.6485604858953369
240,ALL,lr,ev,all,1.0,fixed_hold,11380,0.5219683655536028,-0.7115986730762464,1.642985816570392,-3.354584489646637,3/9,-0.8328922125523972,11380,0.5241652021089631,-0.5185921275743158,1.642985816570392,-3.1615779441447085,3/9,-0.769118042978383
240,ALL,lr,ev,all,1.0,barrier,11380,0.5278558875219683,0.5968673633200416,1.642985816570392,-2.0461184532503505,2/9,-0.6043066496515714,11380,0.5270650263620387,0.5167174446939458,1.642985816570392,-2.1262683718764457,2/9,-0.6323281355435695
240,ALL,lr,ev,pred_vol_high,1.0,fixed_hold,5692,0.4984188334504568,-7.879507351926612,1.8371451415555609,-10.716652493482172,1/9,-1.3127388401338616,5690,0.4992970123022847,-7.836997096262253,1.8297309478867716,-10.666728044149028,1/9,-1.3098809033026884
240,ALL,lr,ev,pred_vol_high,1.0,barrier,5692,0.5426914968376669,1.186070542354889,1.8371451415555609,-1.651074599200671,3/9,-0.3474652935715875,5690,0.5356766256590509,0.637899084348759,1.8297309478867716,-2.191831863538011,2/9,-0.4868757549929065
