H_min,group,model,select,gate,top_frac,exit,n_trades,win_rate,gross_bps,spread_rt_bps,net_bps,days_pos,t_daily
5,P,gb,score,all,0.05,fixed_hold,581,0.5438898450946644,-0.3215105554249389,1.9687719621520352,-3.290282517576974,1/9,-2.3139858851843456
5,P,gb,score,all,0.05,barrier,581,0.4991394148020654,-0.3903159846298281,1.9687719621520352,-3.3590879467818633,1/9,-3.467204064863548
5,P,gb,score,all,0.1,fixed_hold,1162,0.5533562822719449,0.32668090881432127,1.8113849934317252,-2.484704084617404,1/9,-2.716154727806937
5,P,gb,score,all,0.1,barrier,1162,0.5189328743545611,0.021736227539727093,1.8113849934317252,-2.7896487658919975,1/9,-3.6084145307581283
5,P,gb,score,all,0.2,fixed_hold,2323,0.538958243650452,0.10698798551878186,1.7526216697589576,-2.645633684240176,1/9,-3.916158346738814
5,P,gb,score,all,0.2,barrier,2323,0.5191562634524322,0.09255728772703516,1.7526216697589576,-2.6600643820319223,1/9,-4.701043379208706
5,P,gb,score,all,1.0,fixed_hold,11615,0.5099440378820491,0.04237316979678852,1.62902797387988,-2.586654804083092,0/9,-7.137262034233016
5,P,gb,score,all,1.0,barrier,11615,0.503486870426173,0.0235859248310577,1.62902797387988,-2.605442049048823,0/9,-7.632537928404305
5,P,gb,ev,all,0.05,fixed_hold,581,0.5249569707401033,-0.49489385239510886,2.1841932622061275,-3.679087114601237,2/9,-1.8392404190536873
5,P,gb,ev,all,0.05,barrier,581,0.4905335628227194,-0.4970438310677033,2.1841932622061275,-3.681237093273831,1/9,-1.9680033005462625
5,P,gb,ev,all,0.1,fixed_hold,1162,0.5232358003442341,-0.22641833060039532,2.1505688432311416,-3.3769871738315365,2/9,-2.1333986795966546
5,P,gb,ev,all,0.1,barrier,1162,0.5051635111876076,-0.15366357319722007,2.1505688432311416,-3.3042324164283614,0/9,-2.7659555319905316
5,P,gb,ev,all,0.2,fixed_hold,2323,0.5144210073181231,-0.18190930340371397,1.9853853109386708,-3.167294614342385,1/9,-2.8500616721875613
5,P,gb,ev,all,0.2,barrier,2323,0.4933275936289281,-0.32861656979648596,1.9853853109386708,-3.3140018807351574,0/9,-3.723506849487888
5,P,gb,ev,all,1.0,fixed_hold,11615,0.5099440378820491,0.04237316979678852,1.62902797387988,-2.586654804083092,0/9,-7.137262034233016
5,P,gb,ev,all,1.0,barrier,11615,0.503486870426173,0.0235859248310577,1.62902797387988,-2.605442049048823,0/9,-7.632537928404305
5,P,lr,score,all,0.05,fixed_hold,581,0.5490533562822719,0.23545034851992516,2.113078614767474,-2.877628266247549,2/9,-1.5891893970768376
5,P,lr,score,all,0.05,barrier,581,0.5146299483648882,-0.09395736482204957,2.113078614767474,-3.2070359795895236,0/9,-2.5740695359567933
5,P,lr,score,all,0.1,fixed_hold,1162,0.540447504302926,0.2155018926811785,1.933450004414678,-2.7179481117334996,1/9,-2.5006743763513257
5,P,lr,score,all,0.1,barrier,1162,0.5120481927710844,-0.050436929383190596,1.933450004414678,-2.983886933797869,0/9,-3.4551322556674466
5,P,lr,score,all,0.2,fixed_hold,2323,0.5346534653465347,0.42890543103074974,1.7917400471780893,-2.3628346161473397,1/9,-3.5363604315981645
5,P,lr,score,all,0.2,barrier,2323,0.5122686181661644,0.07028193070585528,1.7917400471780893,-2.7214581164722342,0/9,-4.708515551177907
5,P,lr,score,all,1.0,fixed_hold,11615,0.5208781747739991,0.3377624929268925,1.62902797387988,-2.2912654809529878,0/9,-7.387152449515774
5,P,lr,score,all,1.0,barrier,11615,0.5144210073181231,0.21375470210409037,1.62902797387988,-2.41527327177579,0/9,-8.09565121585892
5,P,lr,ev,all,0.05,fixed_hold,581,0.5387263339070568,0.7267868437582505,2.2549258905605822,-2.5281390468023317,2/9,-1.477340197273022
5,P,lr,ev,all,0.05,barrier,581,0.4905335628227194,-0.29321707192385105,2.2549258905605822,-3.548142962484433,1/9,-1.9774436862994795
5,P,lr,ev,all,0.1,fixed_hold,1162,0.5499139414802066,0.8409738128932354,2.124450588551859,-2.283476775658624,2/9,-1.400444709533918
5,P,lr,ev,all,0.1,barrier,1162,0.5137693631669535,0.09083045689714714,2.124450588551859,-3.033620131654712,0/9,-2.1886254142502364
5,P,lr,ev,all,0.2,fixed_hold,2323,0.5363753766681016,0.7168796098443632,1.998482157058397,-2.281602547214034,2/9,-2.0438820289551587
5,P,lr,ev,all,0.2,barrier,2323,0.5114076625053809,0.10050375974901214,1.998482157058397,-2.897978397309385,0/9,-3.1582873922241723
5,P,lr,ev,all,1.0,fixed_hold,11615,0.5208781747739991,0.3377624929268925,1.62902797387988,-2.2912654809529878,0/9,-7.387152449515774
5,P,lr,ev,all,1.0,barrier,11615,0.5144210073181231,0.21375470210409037,1.62902797387988,-2.41527327177579,0/9,-8.09565121585892
5,F,gb,score,all,0.05,fixed_hold,581,0.4939759036144578,-0.2895506833226053,1.7945211714814349,-3.0840718548040402,1/9,-4.638083801175457
5,F,gb,score,all,0.05,barrier,581,0.4991394148020654,-0.20560343536780662,1.7945211714814349,-3.0001246068492415,0/9,-5.960501271384039
5,F,gb,score,all,0.1,fixed_hold,1162,0.5086058519793459,-0.28146619805708933,1.7224662204222567,-3.003932418479346,0/9,-5.020754067706951
5,F,gb,score,all,0.1,barrier,1162,0.5111876075731497,-0.06555649017694765,1.7224662204222567,-2.7880227105992046,0/9,-5.888152018113884
5,F,gb,score,all,0.2,fixed_hold,2323,0.5238915195867413,0.3241472902334294,1.7003481877037978,-2.3762008974703686,0/9,-3.641718463816289
5,F,gb,score,all,0.2,barrier,2323,0.5182953077916488,0.16526193852509238,1.7003481877037978,-2.535086249178706,0/9,-4.961297747980633
5,F,gb,score,all,1.0,fixed_hold,11615,0.5078777442961687,0.19062826498656607,1.62902797387988,-2.4383997088933143,0/9,-6.914094609998021
5,F,gb,score,all,1.0,barrier,11615,0.5072750753336204,0.1222451189115766,1.62902797387988,-2.506782854968304,0/9,-8.20583729351939
5,F,gb,ev,all,0.05,fixed_hold,581,0.5077452667814114,-0.12629528277223065,2.0442229473147577,-3.170518230086988,1/9,-2.3114184951668326
5,F,gb,ev,all,0.05,barrier,581,0.49225473321858865,-0.19179232763136483,2.0442229473147577,-3.2360152749461224,0/9,-2.6078308718337198
5,F,gb,ev,all,0.1,fixed_hold,1162,0.5266781411359724,0.6200215867784766,1.9661876339318778,-2.346166047153401,1/9,-1.9809754610821906
5,F,gb,ev,all,0.1,barrier,1162,0.5163511187607573,0.23452310206993074,1.9661876339318778,-2.7316645318619472,0/9,-2.5561877000981053
5,F,gb,ev,all,0.2,fixed_hold,2323,0.5135600516573396,0.3607954944645228,1.8861111080547253,-2.5253156135902026,0/9,-3.183043202844151
5,F,gb,ev,all,0.2,barrier,2323,0.5053809728798967,0.1539390956606879,1.8861111080547253,-2.7321720123940376,0/9,-3.558599380724835
5,F,gb,ev,all,1.0,fixed_hold,11615,0.5078777442961687,0.19062826498656607,1.62902797387988,-2.4383997088933143,0/9,-6.914094609998021
5,F,gb,ev,all,1.0,barrier,11615,0.5072750753336204,0.1222451189115766,1.62902797387988,-2.506782854968304,0/9,-8.20583729351939
5,F,lr,score,all,0.05,fixed_hold,581,0.5352839931153184,0.6824501644118552,1.8843912086643195,-2.2019410442524645,2/9,-2.4565921157345225
5,F,lr,score,all,0.05,barrier,581,0.540447504302926,0.716447396663971,1.8843912086643195,-2.167943812000349,1/9,-3.0163101895730153
5,F,lr,score,all,0.1,fixed_hold,1162,0.5283993115318416,0.8552433232288784,1.850533859540016,-1.9952905363111375,2/9,-2.657615140819978
5,F,lr,score,all,0.1,barrier,1162,0.5344234079173839,0.665296298248366,1.850533859540016,-2.18523756129165,1/9,-3.3388672310088574
5,F,lr,score,all,0.2,fixed_hold,2323,0.5260439087387,0.7715217133109625,1.762655984036999,-1.9911342707260369,2/9,-3.02978889429364
5,F,lr,score,all,0.2,barrier,2323,0.5320705983641842,0.5550776361526946,1.762655984036999,-2.2075783478843047,0/9,-4.675732956760849
5,F,lr,score,all,1.0,fixed_hold,11615,0.5164012053379251,0.38812750672515406,1.62902797387988,-2.240900467154726,0/9,-8.240748692123104
5,F,lr,score,all,1.0,barrier,11615,0.5177787343951786,0.22065059708416174,1.62902797387988,-2.4083773767957184,0/9,-9.733526402309678
5,F,lr,ev,all,0.05,fixed_hold,581,0.5301204819277109,0.28641368238635145,2.3338679886533766,-3.047454306267025,1/9,-2.160308185745668
5,F,lr,ev,all,0.05,barrier,581,0.5163511187607573,0.3165208228019886,2.3338679886533766,-3.017347165851388,0/9,-2.419767920608605
5,F,lr,ev,all,0.1,fixed_hold,1162,0.5370051635111877,0.8344927876661395,2.0985130956205187,-2.264020307954379,0/9,-2.4477550416202862
5,F,lr,ev,all,0.1,barrier,1162,0.5266781411359724,0.41394274714796814,2.0985130956205187,-2.6845703484725503,0/9,-2.714657340920248
5,F,lr,ev,all,0.2,fixed_hold,2323,0.5424020662935859,0.8607258515797781,1.925542844463069,-2.0648169928832907,0/9,-3.028924695509828
5,F,lr,ev,all,0.2,barrier,2323,0.537236332328885,0.5564299639510802,1.925542844463069,-2.3691128805119885,0/9,-3.544681136936208
5,F,lr,ev,all,1.0,fixed_hold,11615,0.5164012053379251,0.38812750672515406,1.62902797387988,-2.240900467154726,0/9,-8.240748692123104
5,F,lr,ev,all,1.0,barrier,11615,0.5177787343951786,0.22065059708416174,1.62902797387988,-2.4083773767957184,0/9,-9.733526402309678
5,B,gb,score,all,0.05,fixed_hold,582,0.520618556701031,0.029269476322081777,1.6392347049594491,-2.6099652286373667,0/9,-2.9456118713136874
5,B,gb,score,all,0.05,barrier,582,0.5240549828178694,0.08131893845050221,1.6392347049594491,-2.5579157665089465,0/9,-4.364906087608257
5,B,gb,score,all,0.1,fixed_hold,1162,0.5103270223752151,0.22468287671161807,1.6183291780211944,-2.393646301309576,0/9,-5.184545562078393
5,B,gb,score,all,0.1,barrier,1162,0.5146299483648882,0.1610171130430921,1.6183291780211944,-2.457312064978102,0/9,-6.435239916063705
5,B,gb,score,all,0.2,fixed_hold,2323,0.5148514851485149,0.24006663490510333,1.6111601940647438,-2.3710935591596405,0/9,-6.3719352720605595
5,B,gb,score,all,0.2,barrier,2323,0.5204476969436074,0.2810017872810543,1.6111601940647438,-2.330158406783689,0/9,-7.015561679122564
5,B,gb,score,all,1.0,fixed_hold,11615,0.5013344812742144,0.003745313969226596,1.62902797387988,-2.6252826599106536,0/9,-9.443878590373547
5,B,gb,score,all,1.0,barrier,11615,0.5014205768402927,-0.04748550373898233,1.62902797387988,-2.676513477618863,0/9,-8.616933478012918
5,B,gb,ev,all,0.05,fixed_hold,581,0.4819277108433735,0.179477253189875,1.7847757013886163,-2.605298448198741,1/9,-1.9882446121836104
5,B,gb,ev,all,0.05,barrier,581,0.4802065404475043,-0.13545959098119656,1.7847757013886163,-2.9202352923698127,0/9,-2.138936952492846
5,B,gb,ev,all,0.1,fixed_hold,1162,0.4905335628227194,-0.31855407854556994,1.8305208320183763,-3.1490749105639466,0/9,-2.3026016595193752
5,B,gb,ev,all,0.1,barrier,1162,0.49225473321858865,-0.19493045674159293,1.8305208320183763,-3.0254512887599696,0/9,-2.455172703649052
5,B,gb,ev,all,0.2,fixed_hold,2323,0.4920361601377529,-0.31676961436533346,1.8014009052411568,-3.1181705196064904,1/9,-3.3396560194190017
5,B,gb,ev,all,0.2,barrier,2323,0.4881618596642273,-0.22530362809581012,1.8014009052411568,-3.0267045333369675,1/9,-3.289963554577162
5,B,gb,ev,all,1.0,fixed_hold,11615,0.5013344812742144,0.003745313969226596,1.62902797387988,-2.6252826599106536,0/9,-9.443878590373547
5,B,gb,ev,all,1.0,barrier,11615,0.5014205768402927,-0.04748550373898233,1.62902797387988,-2.676513477618863,0/9,-8.616933478012918
5,B,lr,score,all,0.05,fixed_hold,581,0.5283993115318416,0.5090196219550038,1.7994522026282174,-2.2904325806732135,1/9,-2.697186355284114
5,B,lr,score,all,0.05,barrier,581,0.5283993115318416,0.3609940268823462,1.7994522026282174,-2.438458175745871,0/9,-3.6033161361064567
5,B,lr,score,all,0.1,fixed_hold,1162,0.5232358003442341,0.517205263626701,1.717653335414799,-2.2004480717880974,0/9,-3.0774386923420165
5,B,lr,score,all,0.1,barrier,1162,0.5309810671256454,0.3765347854890652,1.717653335414799,-2.3411185499257336,0/9,-4.714434929112941
5,B,lr,score,all,0.2,fixed_hold,2323,0.530779164873009,0.40526573442728114,1.6134779281124305,-2.2082121936851493,0/9,-4.06587340536426
5,B,lr,score,all,0.2,barrier,2323,0.5376668101592768,0.35896902545377596,1.6134779281124305,-2.254508902658654,0/9,-5.609396253182755
5,B,lr,score,all,1.0,fixed_hold,11615,0.502970297029703,-0.003124618304954895,1.62902797387988,-2.632152592184835,0/9,-8.900131034012862
5,B,lr,score,all,1.0,barrier,11615,0.5088247955230306,0.05601976946779967,1.62902797387988,-2.573008204412081,0/9,-8.896108090961151
5,B,lr,ev,all,0.05,fixed_hold,581,0.4629948364888124,-0.8776686638492626,1.8673338863639226,-3.745002550213185,0/9,-2.4065919657574915
5,B,lr,ev,all,0.05,barrier,581,0.4664371772805508,-0.7067147236857679,1.8673338863639226,-3.5740486100496907,0/9,-2.5891521377056477
5,B,lr,ev,all,0.1,fixed_hold,1162,0.48623063683304646,-0.5499669041934525,1.8494886891446036,-3.3994555933380566,0/9,-2.709744622545906
5,B,lr,ev,all,0.1,barrier,1162,0.49483648881239245,-0.07847763481817609,1.8494886891446036,-2.9279663239627802,0/9,-2.6704417455109226
5,B,lr,ev,all,0.2,fixed_hold,2323,0.47955230305639257,-0.46530971504675267,1.7740500343165952,-3.239359749363348,0/9,-3.1450046093581823
5,B,lr,ev,all,0.2,barrier,2323,0.48385708136030997,-0.23635820778424013,1.7740500343165952,-3.0104082421008354,0/9,-3.2319397916769934
5,B,lr,ev,all,1.0,fixed_hold,11615,0.502970297029703,-0.003124618304954895,1.62902797387988,-2.632152592184835,0/9,-8.900131034012862
5,B,lr,ev,all,1.0,barrier,11615,0.5088247955230306,0.05601976946779967,1.62902797387988,-2.573008204412081,0/9,-8.896108090961151
5,L2,gb,score,all,0.05,fixed_hold,581,0.4836488812392427,-0.38422164477210674,1.898019010270386,-3.2822406550424925,1/9,-4.504398379044651
5,L2,gb,score,all,0.05,barrier,581,0.4939759036144578,0.045652847412912125,1.898019010270386,-2.8523661628574737,0/9,-4.463071546071089
5,L2,gb,score,all,0.1,fixed_hold,1162,0.5060240963855421,-0.18820692524634502,1.862881877336418,-3.051088802582763,0/9,-6.4842746602526695
5,L2,gb,score,all,0.1,barrier,1162,0.5163511187607573,0.29821231450246893,1.862881877336418,-2.5646695628339486,0/9,-5.645298846027584
5,L2,gb,score,all,0.2,fixed_hold,2323,0.5040895393887215,-0.20091257012772953,1.7595468972920072,-2.9604594674197364,0/9,-6.7885176063239605
5,L2,gb,score,all,0.2,barrier,2323,0.5083943176926389,0.02228041374221918,1.7595468972920072,-2.7372664835497877,0/9,-6.769626773387583
5,L2,gb,score,all,1.0,fixed_hold,11615,0.5046061127851915,0.12852740025024942,1.62902797387988,-2.500500573629631,0/9,-9.80053546584333
5,L2,gb,score,all,1.0,barrier,11615,0.5053809728798967,0.041846358506283085,1.62902797387988,-2.587181615373597,0/9,-9.130638541426329
5,L2,gb,ev,all,0.05,fixed_hold,581,0.5025817555938038,-0.09099548166795166,2.1450313822698788,-3.23602686393783,2/9,-1.8404258920051033
5,L2,gb,ev,all,0.05,barrier,581,0.4991394148020654,0.0973097317864602,2.1450313822698788,-3.0477216504834184,1/9,-1.9905873461247707
5,L2,gb,ev,all,0.1,fixed_hold,1162,0.49225473321858865,-0.20035619865980792,2.0663801935101636,-3.2667363921699715,0/9,-2.537698332422456
5,L2,gb,ev,all,0.1,barrier,1162,0.48881239242685026,-0.05764056678291289,2.0663801935101636,-3.124020760293076,0/9,-2.5244839912173243
5,L2,gb,ev,all,0.2,fixed_hold,2323,0.48730090400344384,-0.23434972329872056,1.9673012099054246,-3.201650933204145,0/9,-3.5193361407827966
5,L2,gb,ev,all,0.2,barrier,2323,0.48514851485148514,-0.1668474249109621,1.9673012099054246,-3.1341486348163867,0/9,-3.381811417532669
5,L2,gb,ev,all,1.0,fixed_hold,11615,0.5046061127851915,0.12852740025024942,1.62902797387988,-2.500500573629631,0/9,-9.80053546584333
5,L2,gb,ev,all,1.0,barrier,11615,0.5053809728798967,0.041846358506283085,1.62902797387988,-2.587181615373597,0/9,-9.130638541426329
5,L2,lr,score,all,0.05,fixed_hold,581,0.5197934595524957,0.6395068323946409,1.5249727903220531,-1.8854659579274125,1/9,-3.5946505767408525
5,L2,lr,score,all,0.05,barrier,581,0.5163511187607573,0.4314481498575064,1.5249727903220531,-2.0935246404645467,0/9,-5.024289792040194
5,L2,lr,score,all,0.1,fixed_hold,1162,0.5180722891566265,0.6537106569455321,1.5292016941924524,-1.8754910372469205,1/9,-4.5967384901534345
5,L2,lr,score,all,0.1,barrier,1162,0.5180722891566265,0.35709964254008897,1.5292016941924524,-2.1721020516523635,0/9,-7.407234023128
5,L2,lr,score,all,0.2,fixed_hold,2323,0.5101162290142057,0.2725380706260105,1.5363989897896015,-2.263860919163591,0/9,-6.349760727509097
5,L2,lr,score,all,0.2,barrier,2323,0.5135600516573396,0.25627763965911193,1.5363989897896015,-2.2801213501304893,0/9,-7.937545276769622
5,L2,lr,score,all,1.0,fixed_hold,11615,0.5063280241067585,0.20888951376996776,1.62902797387988,-2.420138460109912,0/9,-8.87160585688989
5,L2,lr,score,all,1.0,barrier,11615,0.511665949203616,0.19210257522080798,1.62902797387988,-2.436925398659072,0/9,-8.849103090642966
5,L2,lr,ev,all,0.05,fixed_hold,581,0.46987951807228917,-0.5597851146387435,2.005583795552733,-3.565368910191477,0/9,-3.311842194071525
5,L2,lr,ev,all,0.05,barrier,581,0.4750430292598967,-0.16040357789435658,2.005583795552733,-3.1659873734470896,0/9,-3.2097999681334217
5,L2,lr,ev,all,0.1,fixed_hold,1162,0.49483648881239245,0.1748470764588548,1.8961377041615117,-2.7212906277026576,0/9,-3.433796483666745
5,L2,lr,ev,all,0.1,barrier,1162,0.5025817555938038,0.2812547587582743,1.8961377041615117,-2.614882945403238,0/9,-3.309843252238974
5,L2,lr,ev,all,0.2,fixed_hold,2323,0.5036590615583297,0.46088635664607663,1.8172775898990658,-2.3563912332529897,0/9,-3.479119158334726
5,L2,lr,ev,all,0.2,barrier,2323,0.5083943176926389,0.34724685641655273,1.8172775898990658,-2.470030733482514,0/9,-3.56236678179011
5,L2,lr,ev,all,1.0,fixed_hold,11615,0.5063280241067585,0.20888951376996776,1.62902797387988,-2.420138460109912,0/9,-8.87160585688989
5,L2,lr,ev,all,1.0,barrier,11615,0.511665949203616,0.19210257522080798,1.62902797387988,-2.436925398659072,0/9,-8.849103090642966
5,PL2,gb,score,all,0.05,fixed_hold,581,0.5249569707401033,-0.02692432567537702,1.8883826401534423,-2.9153069658288193,2/9,-2.338735121924178
5,PL2,gb,score,all,0.05,barrier,581,0.4905335628227194,-0.7371089604243539,1.8883826401534423,-3.6254916005777957,0/9,-3.152959364032942
5,PL2,gb,score,all,0.1,fixed_hold,1162,0.5283993115318416,0.15949556018156927,1.8505830410275022,-2.691087480845933,0/9,-3.2285690599906762
5,PL2,gb,score,all,0.1,barrier,1162,0.5154905335628227,-0.06537315534160987,1.8505830410275022,-2.915956196369112,0/9,-3.761455115926996
5,PL2,gb,score,all,0.2,fixed_hold,2323,0.5234610417563496,-0.01770179666050674,1.767652465256869,-2.785354261917376,0/9,-3.9889791946742674
5,PL2,gb,score,all,0.2,barrier,2323,0.5109771846749892,-0.01923625091420445,1.767652465256869,-2.786888716171074,0/9,-5.34612609267356
5,PL2,gb,score,all,1.0,fixed_hold,11615,0.5189840723202755,0.21944073517481846,1.62902797387988,-2.4095872387050616,0/9,-7.9381173412323465
5,PL2,gb,score,all,1.0,barrier,11615,0.5155402496771416,0.1621033440915516,1.62902797387988,-2.4669246297883287,0/9,-8.229058970745305
5,PL2,gb,ev,all,0.05,fixed_hold,581,0.5008605851979346,-0.6177305408718989,2.1420364310416944,-3.759766971913594,2/9,-1.9519294597806254
5,PL2,gb,ev,all,0.05,barrier,581,0.47332185886402756,-0.8173388437894961,2.1420364310416944,-3.9593752748311903,1/9,-2.045952606309231
5,PL2,gb,ev,all,0.1,fixed_hold,1162,0.48881239242685026,-0.665205549106899,2.1468095113530077,-3.812015060459907,1/9,-2.950951510524885
5,PL2,gb,ev,all,0.1,barrier,1162,0.4776247848537005,-0.6295875195786796,2.1468095113530077,-3.7763970309316877,0/9,-3.173715744110513
5,PL2,gb,ev,all,0.2,fixed_hold,2323,0.5083943176926389,-0.25604588540788864,2.0083311263559236,-3.2643770117638122,1/9,-2.8149209757625364
5,PL2,gb,ev,all,0.2,barrier,2323,0.4920361601377529,-0.2721847531467047,2.0083311263559236,-3.280515879502629,0/9,-3.5687778924578284
5,PL2,gb,ev,all,1.0,fixed_hold,11615,0.5189840723202755,0.21944073517481846,1.62902797387988,-2.4095872387050616,0/9,-7.9381173412323465
5,PL2,gb,ev,all,1.0,barrier,11615,0.5155402496771416,0.1621033440915516,1.62902797387988,-2.4669246297883287,0/9,-8.229058970745305
5,PL2,lr,score,all,0.05,fixed_hold,581,0.5266781411359724,0.8301236005856644,1.5810652471806645,-1.750941646595,1/9,-2.954814451021353
5,PL2,lr,score,all,0.05,barrier,581,0.5129087779690189,0.2662871626152269,1.5810652471806645,-2.3147780845654378,0/9,-5.133316734058607
5,PL2,lr,score,all,0.1,fixed_hold,1162,0.5309810671256454,0.964873236179279,1.5717759773067308,-1.6069027411274521,1/9,-3.4835216866004526
5,PL2,lr,score,all,0.1,barrier,1162,0.5301204819277109,0.5327451247051288,1.5717759773067308,-2.039030852601602,0/9,-6.063099031322387
5,PL2,lr,score,all,0.2,fixed_hold,2323,0.5247524752475248,0.8738832022578279,1.6087343298998666,-1.7348511276420386,0/9,-3.8383044815507903
5,PL2,lr,score,all,0.2,barrier,2323,0.5238915195867413,0.4308875408273852,1.6087343298998666,-2.1778467890724817,0/9,-6.388871217173167
5,PL2,lr,score,all,1.0,fixed_hold,11615,0.5058114507102884,0.1624457876376789,1.62902797387988,-2.4665821862422015,0/9,-8.588119127203269
5,PL2,lr,score,all,1.0,barrier,11615,0.5097718467498924,0.1931884775592434,1.62902797387988,-2.4358394963206367,0/9,-8.64289830490384
5,PL2,lr,ev,all,0.05,fixed_hold,581,0.5266781411359724,2.078759963897384,2.1486055238265993,-1.0698455599292156,1/9,-1.1355090301576418
5,PL2,lr,ev,all,0.05,barrier,581,0.504302925989673,0.5050557037772817,2.1486055238265993,-2.6435498200493175,1/9,-2.7325301975062035
5,PL2,lr,ev,all,0.1,fixed_hold,1162,0.5240963855421686,1.1814547226813539,1.9873200686612398,-1.8058653459798866,0/9,-2.6946569301096828
5,PL2,lr,ev,all,0.1,barrier,1162,0.5103270223752151,0.4160595577896347,1.9873200686612398,-2.5712605108716056,0/9,-3.387645992238007
5,PL2,lr,ev,all,0.2,fixed_hold,2323,0.5226000860955661,0.728854332343123,1.8877565915418462,-2.1589022591987233,1/9,-3.419549897240735
5,PL2,lr,ev,all,0.2,barrier,2323,0.5226000860955661,0.4342023131731841,1.8877565915418462,-2.453554278368662,1/9,-3.9914976773301807
5,PL2,lr,ev,all,1.0,fixed_hold,11615,0.5058114507102884,0.1624457876376789,1.62902797387988,-2.4665821862422015,0/9,-8.588119127203269
5,PL2,lr,ev,all,1.0,barrier,11615,0.5097718467498924,0.1931884775592434,1.62902797387988,-2.4358394963206367,0/9,-8.64289830490384
5,ALL,gb,score,all,0.05,fixed_hold,581,0.576592082616179,1.7258889650869564,1.6721059208213545,-0.9462169557343978,2/9,-1.1777618756848396
5,ALL,gb,score,all,0.05,barrier,581,0.5662650602409639,0.6836000229897922,1.6721059208213545,-1.988505897831562,2/9,-2.1712767631767216
5,ALL,gb,score,all,0.1,fixed_hold,1162,0.5542168674698795,0.7758592745933377,1.646528307508658,-1.8706690329153206,2/9,-2.7069419213186694
5,ALL,gb,score,all,0.1,barrier,1162,0.5507745266781411,0.19498527868977814,1.646528307508658,-2.45154302881888,0/9,-3.2775092134090826
5,ALL,gb,score,all,0.2,fixed_hold,2323,0.5479982780886784,0.5301045611824988,1.6378781418789417,-2.1077735806964433,0/9,-4.073049190950922
5,ALL,gb,score,all,0.2,barrier,2323,0.5454154111063281,0.2979781003151312,1.6378781418789417,-2.3399000415638107,0/9,-4.30160285786943
5,ALL,gb,score,all,1.0,fixed_hold,11615,0.5120103314679294,0.1431157030205589,1.62902797387988,-2.4859122708593215,0/9,-8.255179898229283
5,ALL,gb,score,all,1.0,barrier,11615,0.5101162290142057,0.1157335508245792,1.62902797387988,-2.5132944230553007,0/9,-8.506008688452905
5,ALL,gb,ev,all,0.05,fixed_hold,581,0.4991394148020654,0.0010838755250672683,2.09592030063373,-3.0948364251086624,2/9,-1.4794161441733495
5,ALL,gb,ev,all,0.05,barrier,581,0.47676419965576594,-0.6195190402947979,2.09592030063373,-3.7154393409285276,1/9,-2.0110242823028055
5,ALL,gb,ev,pred_vol_high,0.05,fixed_hold,581,0.4991394148020654,0.0010838755250672683,2.09592030063373,-3.0948364251086624,2/9,-1.4794161441733495
5,ALL,gb,ev,pred_vol_high,0.05,barrier,581,0.47676419965576594,-0.6195190402947979,2.09592030063373,-3.7154393409285276,1/9,-2.0110242823028055
5,ALL,gb,ev,all,0.1,fixed_hold,1162,0.4991394148020654,-0.4978673264330558,2.076143645987648,-3.5740109724207043,2/9,-2.183736785174988
5,ALL,gb,ev,all,0.1,barrier,1162,0.4853700516351119,-0.6133289266838351,2.076143645987648,-3.6894725726714834,1/9,-2.5736740802260236
5,ALL,gb,ev,pred_vol_high,0.1,fixed_hold,1141,0.49780893952673094,-0.5402059082242218,2.086184717038323,-3.626390625262545,1/9,-2.1765228779663817
5,ALL,gb,ev,pred_vol_high,0.1,barrier,1141,0.48378615249780893,-0.6298571411641803,2.086184717038323,-3.716041858202504,0/9,-2.5804434457359022
5,ALL,gb,ev,all,0.2,fixed_hold,2323,0.5213086526043909,0.14578387139205004,1.9368814027276948,-2.791097531335645,1/9,-2.9213066277296558
5,ALL,gb,ev,all,0.2,barrier,2323,0.5045200172191132,-0.14046394051338873,1.9368814027276948,-3.0773453432410833,0/9,-3.5005104403072447
5,ALL,gb,ev,pred_vol_high,0.2,fixed_hold,2099,0.5159599809433063,0.00702346664718085,1.9621623426681807,-2.9551388760209996,1/9,-2.7992093729056062
5,ALL,gb,ev,pred_vol_high,0.2,barrier,2099,0.49880895664602193,-0.23269286844438591,1.9621623426681807,-3.194855211112566,0/9,-3.3565402253899332
5,ALL,gb,ev,all,1.0,fixed_hold,11615,0.5120103314679294,0.1431157030205589,1.62902797387988,-2.4859122708593215,0/9,-8.255179898229283
5,ALL,gb,ev,all,1.0,barrier,11615,0.5101162290142057,0.1157335508245792,1.62902797387988,-2.5132944230553007,0/9,-8.506008688452905
5,ALL,gb,ev,pred_vol_high,1.0,fixed_hold,5808,0.5086088154269972,0.005885521671507173,1.8511588817699272,-2.84527336009842,0/9,-3.6844260749880275
5,ALL,gb,ev,pred_vol_high,1.0,barrier,5808,0.5051652892561983,0.05193044845686354,1.8511588817699272,-2.7992284333130635,1/9,-3.958310240192509
5,ALL,lr,score,all,0.05,fixed_hold,581,0.5232358003442341,0.4760796347626301,1.3369391559894348,-1.8608595212268042,1/9,-3.8876571842347296
5,ALL,lr,score,all,0.05,barrier,581,0.5352839931153184,0.5131190741379894,1.3369391559894348,-1.8238200818514452,0/9,-6.004752654432011
5,ALL,lr,score,all,0.1,fixed_hold,1162,0.5206540447504303,0.39028301190342074,1.3427138174966227,-1.9524308055932018,0/9,-7.2891551787436795
5,ALL,lr,score,all,0.1,barrier,1162,0.5352839931153184,0.4377227527393322,1.3427138174966227,-1.9049910647572907,0/9,-8.003628691588371
5,ALL,lr,score,all,0.2,fixed_hold,2323,0.5118381403357727,0.2059310268712674,1.4144937105045718,-2.2085626836333048,0/9,-7.458879143109079
5,ALL,lr,score,all,0.2,barrier,2323,0.5208781747739991,0.3627592215382557,1.4144937105045718,-2.0517344889663165,0/9,-7.8837062950312955
5,ALL,lr,score,all,1.0,fixed_hold,11615,0.509427464485579,0.24650711515876117,1.62902797387988,-2.382520858721119,0/9,-8.184284111417002
5,ALL,lr,score,all,1.0,barrier,11615,0.5151958674128282,0.211846779708013,1.62902797387988,-2.4171811941718673,0/9,-8.861840521300186
5,ALL,lr,ev,all,0.05,fixed_hold,581,0.5129087779690189,-0.20436175305414034,1.9126326065549901,-3.1169943596091314,0/9,-2.3872326947059257
5,ALL,lr,ev,all,0.05,barrier,581,0.5266781411359724,0.4952249215437303,1.9126326065549901,-2.41740768501126,0/9,-2.633587486544406
5,ALL,lr,ev,pred_vol_high,0.05,fixed_hold,559,0.5098389982110912,-0.16575420974229332,1.9240557917491556,-3.089810001491449,0/9,-2.2507117263068612
5,ALL,lr,ev,pred_vol_high,0.05,barrier,559,0.5259391771019678,0.510519431720403,1.9240557917491556,-2.4135363600287523,0/9,-2.497033153694447
5,ALL,lr,ev,all,0.1,fixed_hold,1162,0.49827882960413084,-0.15259428802533753,1.8371672174274858,-2.9897615054528233,0/9,-3.606092784318683
5,ALL,lr,ev,all,0.1,barrier,1162,0.5103270223752151,0.19131721037217772,1.8371672174274858,-2.6458500070553077,0/9,-3.577238637106477
5,ALL,lr,ev,pred_vol_high,0.1,fixed_hold,1038,0.49903660886319845,-0.1386550105319751,1.8653793886351906,-3.0040343991671663,0/9,-3.216712995231446
5,ALL,lr,ev,pred_vol_high,0.1,barrier,1038,0.5096339113680154,0.19416306811309703,1.8653793886351906,-2.6712163205220936,0/9,-3.2946576352301324
5,ALL,lr,ev,all,0.2,fixed_hold,2323,0.5088247955230306,-0.013681781735849283,1.767754285794422,-2.7814360675302714,0/9,-4.348556450456569
5,ALL,lr,ev,all,0.2,barrier,2323,0.5157124408092983,0.18742496024883518,1.767754285794422,-2.5803293255455864,0/9,-4.418753445728699
5,ALL,lr,ev,pred_vol_high,0.2,fixed_hold,1842,0.504343105320304,-0.07762145073684648,1.8418018094217516,-2.9194232601585983,0/9,-3.5987752392296826
5,ALL,lr,ev,pred_vol_high,0.2,barrier,1842,0.50814332247557,0.10167403741295948,1.8418018094217516,-2.740127772008792,0/9,-3.73594106349629
5,ALL,lr,ev,all,1.0,fixed_hold,11615,0.509427464485579,0.24650711515876117,1.62902797387988,-2.382520858721119,0/9,-8.184284111417002
5,ALL,lr,ev,all,1.0,barrier,11615,0.5151958674128282,0.211846779708013,1.62902797387988,-2.4171811941718673,0/9,-8.861840521300186
5,ALL,lr,ev,pred_vol_high,1.0,fixed_hold,5808,0.5012052341597796,0.1669100850442241,1.8511588817699272,-2.6842487967257034,0/9,-3.9845710185521224
5,ALL,lr,ev,pred_vol_high,1.0,barrier,5808,0.5080922865013774,0.1724771499825108,1.8511588817699272,-2.678681731787416,0/9,-4.088701248022629
15,P,gb,score,all,0.05,fixed_hold,581,0.5611015490533563,-0.8128248565540397,1.8639266965050654,-3.676751553059106,4/9,-1.2686753204471979
15,P,gb,score,all,0.05,barrier,581,0.5662650602409639,0.7879294951725774,1.8639266965050654,-2.0759972013324886,3/9,-1.0943420259428362
15,P,gb,score,all,0.1,fixed_hold,1161,0.5383290267011197,-1.417796782640132,1.7442755920904416,-4.162072374730574,3/9,-2.072443116245036
15,P,gb,score,all,0.1,barrier,1161,0.5366063738156761,0.005607200432129666,1.7442755920904416,-2.738668391658312,2/9,-2.2886099599371326
15,P,gb,score,all,0.2,fixed_hold,2321,0.5239121068504955,-0.8168094232916792,1.7300476005167185,-3.5468570238083976,1/9,-1.8064603175911875
15,P,gb,score,all,0.2,barrier,2321,0.5196036191296854,-0.15081565288489746,1.7300476005167185,-2.8808632534016154,1/9,-2.5477196164537386
15,P,gb,score,all,1.0,fixed_hold,11605,0.5179663937957777,-0.10385290615956076,1.6295050793385362,-2.7333579854980967,0/9,-4.0470691147313245
15,P,gb,score,all,1.0,barrier,11605,0.50771219302025,-0.09611871024717371,1.6295050793385362,-2.7256237895857094,0/9,-6.488870324711629
15,P,gb,ev,all,0.05,fixed_hold,581,0.47160068846815834,-2.6631878656005767,2.253841093910256,-5.917028959510833,2/9,-1.4457986326697658
15,P,gb,ev,all,0.05,barrier,581,0.48709122203098104,-1.126475605760562,2.253841093910256,-4.380316699670818,2/9,-1.4176650944030857
15,P,gb,ev,all,0.1,fixed_hold,1161,0.48406546080964685,-2.226563682444848,2.151969036506804,-5.378532718951652,4/9,-1.5093151617057845
15,P,gb,ev,all,0.1,barrier,1161,0.49784668389319553,-0.7857611329031456,2.151969036506804,-3.9377301694099494,2/9,-1.7564337394252691
15,P,gb,ev,all,0.2,fixed_hold,2321,0.5131408875484705,-1.1566530117225888,1.9395093652567015,-4.09616237697929,2/9,-1.659612083562359
15,P,gb,ev,all,0.2,barrier,2321,0.5084015510555795,-0.45306047037927094,1.9395093652567015,-3.3925698356359724,2/9,-2.2875269867615784
15,P,gb,ev,all,1.0,fixed_hold,11605,0.5179663937957777,-0.10385290615956076,1.6295050793385362,-2.7333579854980967,0/9,-4.0470691147313245
15,P,gb,ev,all,1.0,barrier,11605,0.50771219302025,-0.09611871024717371,1.6295050793385362,-2.7256237895857094,0/9,-6.488870324711629
15,P,lr,score,all,0.05,fixed_hold,581,0.53184165232358,0.625496098638677,1.9839140908159267,-2.3584179921772503,4/9,-0.6923466556960809
15,P,lr,score,all,0.05,barrier,581,0.5438898450946644,0.1054362839009436,1.9839140908159267,-2.878477806914984,3/9,-1.323222167703819
15,P,lr,score,all,0.1,fixed_hold,1161,0.5262704565030146,-0.4948668021668431,1.8400080773213703,-3.334874879488214,3/9,-1.1235216995908333
15,P,lr,score,all,0.1,barrier,1161,0.5236864771748493,-0.1587364500862542,1.8400080773213703,-2.998744527407625,3/9,-1.6435394864280977
15,P,lr,score,all,0.2,fixed_hold,2321,0.5295131408875484,-0.18265528646664164,1.7252686305666867,-2.907923917033328,2/9,-1.4661456834190978
15,P,lr,score,all,0.2,barrier,2321,0.5196036191296854,-5.591406034147047e-05,1.7252686305666867,-2.725324544627028,1/9,-2.317413759846604
15,P,lr,score,all,1.0,fixed_hold,11605,0.5354588539422662,0.6511870044669542,1.6295050793385362,-1.9783180748715814,0/9,-3.666050470912689
15,P,lr,score,all,1.0,barrier,11605,0.5216716932356743,0.2810017109512609,1.6295050793385362,-2.348503368387275,0/9,-5.949461251660956
15,P,lr,ev,all,0.05,fixed_hold,581,0.5094664371772806,0.013966145931356068,2.2578172568027655,-3.243851110871409,3/9,-0.6874356415942181
15,P,lr,ev,all,0.05,barrier,581,0.5180722891566265,0.09563486084196365,2.2578172568027655,-3.162182395960802,4/9,-0.894752776533639
15,P,lr,ev,all,0.1,fixed_hold,1161,0.524547803617571,-0.07037461996770075,2.102822444486442,-3.173197064454142,3/9,-0.7394549063301159
15,P,lr,ev,all,0.1,barrier,1161,0.5340223944875108,0.35837085191215917,2.102822444486442,-2.744451592574283,3/9,-0.9502116384336202
15,P,lr,ev,all,0.2,fixed_hold,2321,0.5243429556225765,0.11338509977079562,1.945734109430501,-2.8323490096597053,4/9,-0.9961812780441317
15,P,lr,ev,all,0.2,barrier,2321,0.5174493752692805,0.14799665725761316,1.945734109430501,-2.7977374521728877,2/9,-1.5981094753722787
15,P,lr,ev,all,1.0,fixed_hold,11605,0.5354588539422662,0.6511870044669542,1.6295050793385362,-1.9783180748715814,0/9,-3.666050470912689
15,P,lr,ev,all,1.0,barrier,11605,0.5216716932356743,0.2810017109512609,1.6295050793385362,-2.348503368387275,0/9,-5.949461251660956
15,F,gb,score,all,0.05,fixed_hold,581,0.49569707401032703,-1.039996801978696,1.5896315335822688,-3.6296283355609655,2/9,-1.1611972649227749
15,F,gb,score,all,0.05,barrier,581,0.4836488812392427,-0.460028413555739,1.5896315335822688,-3.0496599471380086,2/9,-1.556973465059219
15,F,gb,score,all,0.1,fixed_hold,1161,0.48406546080964685,-0.9960471494571056,1.601762837506937,-3.597809986964042,2/9,-1.737622252284467
15,F,gb,score,all,0.1,barrier,1161,0.46770025839793283,-0.5000423860522603,1.601762837506937,-3.1018052235591975,2/9,-1.9840398420628056
15,F,gb,score,all,0.2,fixed_hold,2321,0.48168892718655754,-0.5424331283398317,1.6439640261590305,-3.1863971544988616,2/9,-2.1427237542229904
15,F,gb,score,all,0.2,barrier,2321,0.48168892718655754,-0.12413381685259134,1.6439640261590305,-2.768097843011621,2/9,-2.4934425805375686
15,F,gb,score,all,1.0,fixed_hold,11605,0.5073675140025851,0.16250487999129193,1.6295050793385362,-2.467000199347244,0/9,-6.465798404488914
15,F,gb,score,all,1.0,barrier,11605,0.5052994398965963,0.1151953602502878,1.6295050793385362,-2.514309719088248,0/9,-8.814992775959098
15,F,gb,ev,all,0.05,fixed_hold,581,0.4991394148020654,-1.1789371889552038,2.003706729465961,-4.182643918421165,1/9,-1.5178178217522176
15,F,gb,ev,all,0.05,barrier,581,0.5197934595524957,1.0254498633176283,2.003706729465961,-1.9782568661483322,1/9,-1.4896263072756457
15,F,gb,ev,all,0.1,fixed_hold,1161,0.49698535745047373,-0.5813114714871701,1.9537486872881242,-3.535060158775294,1/9,-1.972619208278226
15,F,gb,ev,all,0.1,barrier,1161,0.5133505598621878,0.611316634031245,1.9537486872881242,-2.3424320532568794,1/9,-2.1013841295559432
15,F,gb,ev,all,0.2,fixed_hold,2321,0.5118483412322274,0.2697458477218651,1.8922572575517282,-2.6225114098298636,1/9,-1.876624930711691
15,F,gb,ev,all,0.2,barrier,2321,0.5152951314088755,0.42896864872560386,1.8922572575517282,-2.463288608826124,1/9,-2.6351097392133305
15,F,gb,ev,all,1.0,fixed_hold,11605,0.5073675140025851,0.16250487999129193,1.6295050793385362,-2.467000199347244,0/9,-6.465798404488914
15,F,gb,ev,all,1.0,barrier,11605,0.5052994398965963,0.1151953602502878,1.6295050793385362,-2.514309719088248,0/9,-8.814992775959098
15,F,lr,score,all,0.05,fixed_hold,581,0.6024096385542169,6.183452572192649,1.9843126431065623,3.199139929086086,6/9,0.8884247270727602
15,F,lr,score,all,0.05,barrier,581,0.5886402753872634,2.389963851455352,1.9843126431065623,-0.5943487916512107,5/9,-0.3063106847158074
15,F,lr,score,all,0.1,fixed_hold,1161,0.590869939707149,4.70022608608557,1.9155176379892236,1.7847084480963473,6/9,0.6769615615711977
15,F,lr,score,all,0.1,barrier,1161,0.5831180017226529,2.029604894619697,1.9155176379892236,-0.8859127433695262,3/9,-0.6721120936178364
15,F,lr,score,all,0.2,fixed_hold,2321,0.5631193451098664,3.1489076375695007,1.7908469898663215,0.3580606477031789,6/9,0.22819442435950738
15,F,lr,score,all,0.2,barrier,2321,0.5682895303748384,1.5653884314672495,1.7908469898663215,-1.2254585583990723,3/9,-1.3520466747800906
15,F,lr,score,all,1.0,fixed_hold,11605,0.5220163722533391,0.6316861138683975,1.6295050793385362,-1.997818965470139,0/9,-4.278280481656773
15,F,lr,score,all,1.0,barrier,11605,0.5303748384317105,0.5144069332930208,1.6295050793385362,-2.1150981460455154,0/9,-5.3286483302621805
15,F,lr,ev,all,0.05,fixed_hold,581,0.5834767641996558,6.396699615819108,2.278149273277203,3.1185503425419037,6/9,0.7301262008030577
15,F,lr,ev,all,0.05,barrier,581,0.5679862306368331,2.179557810825572,2.278149273277203,-1.0985914624516309,5/9,-0.4431209655042193
15,F,lr,ev,all,0.1,fixed_hold,1161,0.5581395348837209,4.55842071103853,2.0923732248917024,1.4660474861468278,5/9,0.6823157082213852
15,F,lr,ev,all,0.1,barrier,1161,0.5546942291128337,1.981182336721268,2.0923732248917024,-1.1111908881704347,4/9,-0.6568199671570031
15,F,lr,ev,all,0.2,fixed_hold,2321,0.5506247307195175,3.4221601681820113,1.9074803623608103,0.5146798058212012,4/9,0.3947118509989734
15,F,lr,ev,all,0.2,barrier,2321,0.5562257647565705,1.5847024098798226,1.9074803623608103,-1.3227779524809877,2/9,-1.2009607846435404
15,F,lr,ev,all,1.0,fixed_hold,11605,0.5220163722533391,0.6316861138683975,1.6295050793385362,-1.997818965470139,0/9,-4.278280481656773
15,F,lr,ev,all,1.0,barrier,11605,0.5303748384317105,0.5144069332930208,1.6295050793385362,-2.1150981460455154,0/9,-5.3286483302621805
15,B,gb,score,all,0.05,fixed_hold,581,0.5232358003442341,1.6775620932620303,1.4533871854429177,-0.7758250921808874,2/9,-0.49771001476803345
15,B,gb,score,all,0.05,barrier,581,0.5094664371772806,0.32960683901479554,1.4533871854429177,-2.1237803464281217,0/9,-3.3223339747569813
15,B,gb,score,all,0.1,fixed_hold,1162,0.5275387263339071,1.077682858626629,1.526249043197721,-1.4485661845710913,2/9,-1.3163623342027173
15,B,gb,score,all,0.1,barrier,1162,0.5154905335628227,0.3733682033545925,1.526249043197721,-2.152880839843128,1/9,-3.644241489966836
15,B,gb,score,all,0.2,fixed_hold,2327,0.5217017619252257,0.6548425068015088,1.5569137107217341,-1.9020712039202254,2/9,-2.0023852883794504
15,B,gb,score,all,0.2,barrier,2327,0.5169746454662656,0.30767749923696325,1.5569137107217341,-2.249236211484771,0/9,-4.005621142144373
15,B,gb,score,all,1.0,fixed_hold,11605,0.5110728134424817,-0.00488078250768001,1.6295050793385362,-2.634385861846216,0/9,-7.263727511506135
15,B,gb,score,all,1.0,barrier,11605,0.5252046531667385,0.3008304174915709,1.6295050793385362,-2.3286746618469647,0/9,-6.003706242198349
15,B,gb,ev,all,0.05,fixed_hold,581,0.45266781411359724,-0.4352910493751067,1.8149940599215069,-3.2502851092966143,2/9,-0.8653870444220159
15,B,gb,ev,all,0.05,barrier,581,0.47160068846815834,-0.29623860223238285,1.8149940599215069,-3.11123266215389,2/9,-1.0407014751298083
15,B,gb,ev,all,0.1,fixed_hold,1161,0.4496124031007752,-1.3852346302276386,1.8692804500223832,-4.254515080250021,2/9,-1.2063689472592245
15,B,gb,ev,all,0.1,barrier,1161,0.4728682170542636,-0.5825375834169462,1.8692804500223832,-3.4518180334393294,2/9,-1.3311412868455235
15,B,gb,ev,all,0.2,fixed_hold,2321,0.45325290822921155,-2.329344426028333,1.8479467120417459,-5.177291138070079,2/9,-1.9325425572169896
15,B,gb,ev,all,0.2,barrier,2321,0.46143903489875054,-1.2595568406609798,1.8479467120417459,-4.107503552702726,1/9,-1.9977200191615234
15,B,gb,ev,all,1.0,fixed_hold,11605,0.5110728134424817,-0.00488078250768001,1.6295050793385362,-2.634385861846216,0/9,-7.263727511506135
15,B,gb,ev,all,1.0,barrier,11605,0.5252046531667385,0.3008304174915709,1.6295050793385362,-2.3286746618469647,0/9,-6.003706242198349
15,B,lr,score,all,0.05,fixed_hold,581,0.5352839931153184,0.9441978753795539,1.7760387648751519,-1.831840889495598,4/9,-1.244446933586715
15,B,lr,score,all,0.05,barrier,581,0.5611015490533563,0.9943816135407819,1.7760387648751519,-1.7816571513343704,2/9,-2.173476009229289
15,B,lr,score,all,0.1,fixed_hold,1161,0.5099052540913006,0.35472397804313344,1.7383991411253894,-2.383675163082256,2/9,-2.0556636183627437
15,B,lr,score,all,0.1,barrier,1161,0.5297157622739018,0.29160455532330937,1.7383991411253894,-2.4467945858020803,1/9,-3.0752513871072016
15,B,lr,score,all,0.2,fixed_hold,2321,0.5196036191296854,0.3304400580478688,1.5676595864347207,-2.2372195283868526,2/9,-2.2923600704716915
15,B,lr,score,all,0.2,barrier,2321,0.5385609651012495,0.31406746090810655,1.5676595864347207,-2.2535921255266143,1/9,-3.091255550512592
15,B,lr,score,all,1.0,fixed_hold,11605,0.5110728134424817,-0.00488078250768001,1.6295050793385362,-2.634385861846216,0/9,-7.263727511506135
15,B,lr,score,all,1.0,barrier,11605,0.5252046531667385,0.3008304174915709,1.6295050793385362,-2.3286746618469647,0/9,-6.003706242198349
15,B,lr,ev,all,0.05,fixed_hold,581,0.4802065404475043,-0.24505610006703876,1.7821902257990376,-3.027246325866076,3/9,-0.8750063158997617
15,B,lr,ev,all,0.05,barrier,581,0.48709122203098104,-0.04139557660882573,1.7821902257990376,-2.823585802407863,2/9,-0.9944262324563459
15,B,lr,ev,all,0.1,fixed_hold,1161,0.4694229112833764,-1.6442861123176244,1.832317777880307,-4.476603890197931,1/9,-1.8683331072423566
15,B,lr,ev,all,0.1,barrier,1161,0.48320413436692505,-0.2605759084272784,1.832317777880307,-3.092893686307585,1/9,-1.6812601422206541
15,B,lr,ev,all,0.2,fixed_hold,2321,0.45799224472210254,-1.228502312612268,1.7453317502572117,-3.97383406286948,0/9,-2.791881364565748
15,B,lr,ev,all,0.2,barrier,2321,0.46143903489875054,-0.7458261379469319,1.7453317502572117,-3.4911578882041434,0/9,-2.695295776343486
15,B,lr,ev,all,1.0,fixed_hold,11605,0.5110728134424817,-0.00488078250768001,1.6295050793385362,-2.634385861846216,0/9,-7.263727511506135
15,B,lr,ev,all,1.0,barrier,11605,0.5252046531667385,0.3008304174915709,1.6295050793385362,-2.3286746618469647,0/9,-6.003706242198349
15,L2,gb,score,all,0.05,fixed_hold,581,0.5197934595524957,0.11856650699507765,1.9389490434374106,-2.8203825364423336,3/9,-1.2424892632116338
15,L2,gb,score,all,0.05,barrier,581,0.5370051635111877,0.8143429869112169,1.9389490434374106,-2.1246060565261935,3/9,-1.6710464043790805
15,L2,gb,score,all,0.1,fixed_hold,1161,0.5202411714039621,0.2237007428181397,1.8084402720680584,-2.5847395292499185,2/9,-1.9984856999578222
15,L2,gb,score,all,0.1,barrier,1161,0.52885443583118,0.37216036917030276,1.8084402720680584,-2.4362799028977555,1/9,-3.002229783990413
15,L2,gb,score,all,0.2,fixed_hold,2321,0.5131408875484705,0.1203049814167662,1.6858657334386233,-2.5655607520218577,1/9,-3.142019294556403
15,L2,gb,score,all,0.2,barrier,2321,0.5114174924601465,0.1798781842787555,1.6858657334386233,-2.5059875491598684,0/9,-3.9863753539376363
15,L2,gb,score,all,1.0,fixed_hold,11605,0.5053856096510125,0.13808409604886313,1.6295050793385362,-2.491420983289673,0/9,-6.601936704036164
15,L2,gb,score,all,1.0,barrier,11605,0.5034037052994399,0.12533430493856088,1.6295050793385362,-2.504170774399975,0/9,-6.98200818867303
15,L2,gb,ev,all,0.05,fixed_hold,581,0.47676419965576594,-0.753154826218474,2.1955382256818243,-3.9486930519002983,2/9,-1.1018320763964973
15,L2,gb,ev,all,0.05,barrier,581,0.48709122203098104,0.28662941550029614,2.1955382256818243,-2.9089088101815284,2/9,-1.1750749694491582
15,L2,gb,ev,all,0.1,fixed_hold,1161,0.4909560723514212,-0.5975275260154903,1.9997437571051395,-3.59727128312063,1/9,-1.8186630373229404
15,L2,gb,ev,all,0.1,barrier,1161,0.4883720930232558,-0.15317624119026152,1.9997437571051395,-3.1529199982954013,3/9,-2.1772938897941945
15,L2,gb,ev,all,0.2,fixed_hold,2321,0.48987505385609653,-0.20502284903803147,1.8683619082475071,-3.0733847572855386,3/9,-2.6092632479126485
15,L2,gb,ev,all,0.2,barrier,2321,0.4933218440327445,-0.07049625414857755,1.8683619082475071,-2.9388581623960848,2/9,-2.7356469793742955
15,L2,gb,ev,all,1.0,fixed_hold,11605,0.5053856096510125,0.13808409604886313,1.6295050793385362,-2.491420983289673,0/9,-6.601936704036164
15,L2,gb,ev,all,1.0,barrier,11605,0.5034037052994399,0.12533430493856088,1.6295050793385362,-2.504170774399975,0/9,-6.98200818867303
15,L2,lr,score,all,0.05,fixed_hold,581,0.5008605851979346,0.4091154489827495,1.6053209178079522,-2.1962054688252026,1/9,-2.1566028657153398
15,L2,lr,score,all,0.05,barrier,581,0.47332185886402756,-0.32192659382726396,1.6053209178079522,-2.9272475116352163,0/9,-3.879140548201795
15,L2,lr,score,all,0.1,fixed_hold,1161,0.5038759689922481,-0.09606299084715868,1.5839296188074283,-2.6799926096545867,1/9,-3.728936689152116
15,L2,lr,score,all,0.1,barrier,1161,0.48664944013781225,-0.2923410811307097,1.5839296188074283,-2.876270699938137,0/9,-5.5367413802025425
15,L2,lr,score,all,0.2,fixed_hold,2321,0.5040930633347694,-0.2662045886975251,1.5636602589158377,-2.8298648476133628,0/9,-4.5019512185548045
15,L2,lr,score,all,0.2,barrier,2321,0.4907367514002585,-0.2771666206337125,1.5636602589158377,-2.8408268795495504,0/9,-6.021307575483605
15,L2,lr,score,all,1.0,fixed_hold,11605,0.4940973718224903,-0.2450013089713686,1.6295050793385362,-2.874506388309905,0/9,-6.979334034105807
15,L2,lr,score,all,1.0,barrier,11605,0.4856527358897027,-0.26211178998568874,1.6295050793385362,-2.891616869324224,0/9,-7.859541438647871
15,L2,lr,ev,all,0.05,fixed_hold,581,0.47676419965576594,-1.353561494468165,1.8830993891993884,-4.236660883667554,1/9,-2.08280738151135
15,L2,lr,ev,all,0.05,barrier,581,0.4664371772805508,-1.5222696021505733,1.8830993891993884,-4.405368991349961,1/9,-2.6423923826780067
15,L2,lr,ev,all,0.1,fixed_hold,1161,0.4763135228251507,-1.1062848019037788,1.8059348091642078,-3.9122196110679863,1/9,-2.476032802703392
15,L2,lr,ev,all,0.1,barrier,1161,0.46856158484065463,-1.1999021284044311,1.8059348091642078,-4.005836937568639,0/9,-3.0969852388602996
15,L2,lr,ev,all,0.2,fixed_hold,2321,0.4920292977165015,-0.43645102508969713,1.7770638767102271,-3.213514901799924,1/9,-2.9640869705625077
15,L2,lr,ev,all,0.2,barrier,2321,0.48556656613528654,-0.5632124130246988,1.7770638767102271,-3.340276289734926,1/9,-3.3854578607304777
15,L2,lr,ev,all,1.0,fixed_hold,11605,0.4940973718224903,-0.2450013089713686,1.6295050793385362,-2.874506388309905,0/9,-6.979334034105807
15,L2,lr,ev,all,1.0,barrier,11605,0.4856527358897027,-0.26211178998568874,1.6295050793385362,-2.891616869324224,0/9,-7.859541438647871
15,PL2,gb,score,all,0.05,fixed_hold,581,0.5731497418244407,-0.4877452553384282,1.7541567172826942,-3.2419019726211222,6/9,-1.1956824350483057
15,PL2,gb,score,all,0.05,barrier,581,0.5697074010327022,0.6449606142017345,1.7541567172826942,-2.1091961030809596,4/9,-1.0831945169705774
15,PL2,gb,score,all,0.1,fixed_hold,1161,0.5426356589147286,-0.9494321846841299,1.7439592731139535,-3.6933914577980826,4/9,-1.3827822131070873
15,PL2,gb,score,all,0.1,barrier,1161,0.5400516795865633,-0.1524100021811447,1.7439592731139535,-2.8963692752950982,4/9,-1.5525618192450943
15,PL2,gb,score,all,0.2,fixed_hold,2321,0.5402843601895735,-0.3073339403173435,1.6883335573628226,-2.995667497680166,2/9,-1.4365502639788708
15,PL2,gb,score,all,0.2,barrier,2321,0.5385609651012495,-0.01455461911607512,1.6883335573628226,-2.7028881764788975,1/9,-1.8976139061860315
15,PL2,gb,score,all,1.0,fixed_hold,11605,0.5231365790607497,-0.01681070706892157,1.6295050793385362,-2.6463157864074573,0/9,-3.902405790076963
15,PL2,gb,score,all,1.0,barrier,11605,0.5118483412322274,0.029783193684176403,1.6295050793385362,-2.59972188565436,0/9,-5.525760132129048
15,PL2,gb,ev,all,0.05,fixed_hold,581,0.45611015490533563,-3.3472452071211376,2.2192838868800866,-6.566529094001225,2/9,-1.462101589416637
15,PL2,gb,ev,all,0.05,barrier,581,0.47160068846815834,-1.7350340018367965,2.2192838868800866,-4.954317888716883,2/9,-1.3122932672231145
15,PL2,gb,ev,all,0.1,fixed_hold,1161,0.48406546080964685,-2.28056425591034,2.1022736340031827,-5.382837889913524,3/9,-1.2805913133232592
15,PL2,gb,ev,all,0.1,barrier,1161,0.4935400516795866,-1.1394789640839353,2.1022736340031827,-4.241752598087118,3/9,-1.492596278344526
15,PL2,gb,ev,all,0.2,fixed_hold,2321,0.5148642826367945,-1.5692083623146948,1.9286077576083538,-4.497816119923049,3/9,-1.7095768850335837
15,PL2,gb,ev,all,0.2,barrier,2321,0.5140025850926325,-0.31908847122301087,1.9286077576083538,-3.2476962288313644,0/9,-2.03961805389704
15,PL2,gb,ev,all,1.0,fixed_hold,11605,0.5231365790607497,-0.01681070706892157,1.6295050793385362,-2.6463157864074573,0/9,-3.902405790076963
15,PL2,gb,ev,all,1.0,barrier,11605,0.5118483412322274,0.029783193684176403,1.6295050793385362,-2.59972188565436,0/9,-5.525760132129048
15,PL2,lr,score,all,0.05,fixed_hold,581,0.5611015490533563,0.5567452210525184,1.5792843260903493,-2.022539105037831,1/9,-1.670876986254857
15,PL2,lr,score,all,0.05,barrier,581,0.5249569707401033,0.29327869504767545,1.5792843260903493,-2.2860056310426735,1/9,-3.3791955716410382
15,PL2,lr,score,all,0.1,fixed_hold,1161,0.5271317829457365,0.19450702527041505,1.556142163119767,-2.361635137849352,1/9,-2.5274145131826997
15,PL2,lr,score,all,0.1,barrier,1161,0.5038759689922481,-0.1364724784658738,1.556142163119767,-2.692614641585641,0/9,-4.166515997431028
15,PL2,lr,score,all,0.2,fixed_hold,2321,0.5079707022834985,-0.34959312362007583,1.5505543056576183,-2.9001474292776943,0/9,-4.023523771609906
15,PL2,lr,score,all,0.2,barrier,2321,0.4915984489444205,-0.3632383468510173,1.5505543056576183,-2.9137926525086355,0/9,-5.334370006015399
15,PL2,lr,score,all,1.0,fixed_hold,11605,0.5059026281775096,0.035853130909700895,1.6295050793385362,-2.593651948428835,0/9,-5.661960872039711
15,PL2,lr,score,all,1.0,barrier,11605,0.4960792761740629,-0.10078509259092,1.6295050793385362,-2.7302901719294557,0/9,-6.9815114656241954
15,PL2,lr,ev,all,0.05,fixed_hold,581,0.5060240963855421,0.546854896283841,1.9307245800012778,-2.3838696837174367,2/9,-1.0423954495219663
15,PL2,lr,ev,all,0.05,barrier,581,0.4905335628227194,-0.419910796281133,1.9307245800012778,-3.350635376282412,1/9,-2.422776420619271
15,PL2,lr,ev,all,0.1,fixed_hold,1161,0.49956933677863913,-0.24568652404003594,1.844307689686484,-3.08999421372652,2/9,-2.132753444812082
15,PL2,lr,ev,all,0.1,barrier,1161,0.491817398794143,-0.5380435159056766,1.844307689686484,-3.382351205592161,1/9,-2.9406518652292886
15,PL2,lr,ev,all,0.2,fixed_hold,2321,0.5096940973718225,-0.050953350880854134,1.802211419061413,-2.853164769942267,2/9,-2.596340945761362
15,PL2,lr,ev,all,0.2,barrier,2321,0.48987505385609653,-0.5750633535072853,1.802211419061413,-3.3772747725686982,0/9,-3.4583777404509517
15,PL2,lr,ev,all,1.0,fixed_hold,11605,0.5059026281775096,0.035853130909700895,1.6295050793385362,-2.593651948428835,0/9,-5.661960872039711
15,PL2,lr,ev,all,1.0,barrier,11605,0.4960792761740629,-0.10078509259092,1.6295050793385362,-2.7302901719294557,0/9,-6.9815114656241954
15,ALL,gb,score,all,0.05,fixed_hold,581,0.5817555938037866,1.5222628945889756,1.5878264526876729,-1.0655635580986973,6/9,-0.7501146796826087
15,ALL,gb,score,all,0.05,barrier,581,0.5989672977624785,1.9248017542807803,1.5878264526876729,-0.6630246984068926,5/9,-0.5673741893547419
15,ALL,gb,score,all,0.1,fixed_hold,1161,0.5633074935400517,0.9293529293088287,1.6076634465872206,-1.6783105172783923,4/9,-1.1781601579713372
15,ALL,gb,score,all,0.1,barrier,1161,0.5805340223944875,1.2061959824649122,1.6076634465872206,-1.4014674641223093,5/9,-1.3738039513822802
15,ALL,gb,score,all,0.2,fixed_hold,2321,0.5592417061611374,0.3994620526808362,1.6105750014169034,-2.2111129487360675,3/9,-1.2891730300556645
15,ALL,gb,score,all,0.2,barrier,2321,0.5704437742352434,0.510394499996512,1.6105750014169034,-2.100180501420392,3/9,-1.6515995219316975
15,ALL,gb,score,all,1.0,fixed_hold,11605,0.5178802240413615,0.24230774165729052,1.6295050793385362,-2.3871973376812456,0/9,-6.256047410683159
15,ALL,gb,score,all,1.0,barrier,11605,0.524170616113744,0.3515438641299559,1.6295050793385362,-2.2779612152085797,0/9,-7.36928987706419
15,ALL,gb,ev,all,0.05,fixed_hold,581,0.4010327022375215,-6.858571004042211,2.1204050230815645,-9.978976027123775,0/9,-2.023612014416816
15,ALL,gb,ev,all,0.05,barrier,581,0.4423407917383821,-3.0853471336366036,2.1204050230815645,-6.205752156718169,2/9,-1.619555192696025
15,ALL,gb,ev,pred_vol_high,0.05,fixed_hold,581,0.4010327022375215,-6.858571004042211,2.1204050230815645,-9.978976027123775,0/9,-2.023612014416816
15,ALL,gb,ev,pred_vol_high,0.05,barrier,581,0.4423407917383821,-3.0853471336366036,2.1204050230815645,-6.205752156718169,2/9,-1.619555192696025
15,ALL,gb,ev,all,0.1,fixed_hold,1161,0.45478036175710596,-4.191658781782419,2.0365775183511086,-7.228236300133528,1/9,-1.9338236334158545
15,ALL,gb,ev,all,0.1,barrier,1161,0.4771748492678725,-1.7100583746790774,2.0365775183511086,-4.746635893030186,2/9,-1.6729108540001931
15,ALL,gb,ev,pred_vol_high,0.1,fixed_hold,1146,0.4537521815008726,-4.2245368105048495,2.041676112433059,-7.266212922937908,2/9,-1.9227732152182333
15,ALL,gb,ev,pred_vol_high,0.1,barrier,1146,0.47294938917975565,-1.813300711495014,2.041676112433059,-4.854976823928073,2/9,-1.6932224904860613
15,ALL,gb,ev,all,0.2,fixed_hold,2321,0.5161568289530375,-1.558660898161663,1.8958184353193577,-4.45447933348102,2/9,-1.9905291844404858
15,ALL,gb,ev,all,0.2,barrier,2321,0.5196036191296854,-0.46522061594862013,1.8958184353193577,-3.3610390512679778,1/9,-2.1847570927289324
15,ALL,gb,ev,pred_vol_high,0.2,fixed_hold,2059,0.4963574550752793,-2.2649882381509148,1.9237165770853855,-5.188704815236301,2/9,-2.089558403971012
15,ALL,gb,ev,pred_vol_high,0.2,barrier,2059,0.4973288003885381,-0.9807978294776136,1.9237165770853855,-3.904514406562999,0/9,-2.2633189016298743
15,ALL,gb,ev,all,1.0,fixed_hold,11605,0.5178802240413615,0.24230774165729052,1.6295050793385362,-2.3871973376812456,0/9,-6.256047410683159
15,ALL,gb,ev,all,1.0,barrier,11605,0.524170616113744,0.3515438641299559,1.6295050793385362,-2.2779612152085797,0/9,-7.36928987706419
15,ALL,gb,ev,pred_vol_high,1.0,fixed_hold,5803,0.5073237980354989,0.159841026934888,1.8420704918029611,-2.6822294648680733,1/9,-2.671984856199704
15,ALL,gb,ev,pred_vol_high,1.0,barrier,5803,0.5135274857832156,0.236710130024222,1.8420704918029611,-2.605360361778739,0/9,-3.2600622204680922
15,ALL,lr,score,all,0.05,fixed_hold,581,0.5697074010327022,1.6999683819633586,1.2512217610939964,-0.5512533791306375,4/9,-1.2459492644571701
15,ALL,lr,score,all,0.05,barrier,581,0.5800344234079173,1.3154726350419488,1.2512217610939964,-0.9357491260520474,2/9,-2.558601699209165
15,ALL,lr,score,all,0.1,fixed_hold,1161,0.5279931093884582,0.6733674293192453,1.312808846738017,-1.6394414174187715,0/9,-4.336533987068778
15,ALL,lr,score,all,0.1,barrier,1161,0.5417743324720069,0.45349718136631767,1.312808846738017,-1.8593116653716992,0/9,-4.60454593889603
15,ALL,lr,score,all,0.2,fixed_hold,2321,0.5243429556225765,0.3922442419664426,1.397215242415124,-2.004971000448682,0/9,-4.4971913595553135
15,ALL,lr,score,all,0.2,barrier,2321,0.5316673847479535,0.35781776669774734,1.397215242415124,-2.039397475717377,0/9,-3.9350533708033275
15,ALL,lr,score,all,1.0,fixed_hold,11605,0.5148642826367945,0.18757540973356004,1.6295050793385362,-2.441929669604976,0/9,-6.219816399836239
15,ALL,lr,score,all,1.0,barrier,11605,0.5218440327445066,0.27432099880399685,1.6295050793385362,-2.355184080534539,0/9,-6.713677015088906
15,ALL,lr,ev,all,0.05,fixed_hold,581,0.48709122203098104,-0.5129638127770443,1.7193666620449641,-3.232330474822008,1/9,-1.5386490228345193
15,ALL,lr,ev,all,0.05,barrier,581,0.4905335628227194,-0.3116789151754367,1.7193666620449641,-3.031045577220401,1/9,-1.795673079244123
15,ALL,lr,ev,pred_vol_high,0.05,fixed_hold,562,0.4822064056939502,-0.6263003772734581,1.7258595799195797,-3.352159957193037,1/9,-1.5718481087671095
15,ALL,lr,ev,pred_vol_high,0.05,barrier,562,0.48576512455516013,-0.4488098388286585,1.7258595799195797,-3.174669418748238,1/9,-1.8442466160415727
15,ALL,lr,ev,all,0.1,fixed_hold,1161,0.49612403100775193,-0.2815813657362627,1.7113777617942287,-2.9929591275304914,2/9,-1.832564709118242
15,ALL,lr,ev,all,0.1,barrier,1161,0.5047372954349698,-0.004694938108125137,1.7113777617942287,-2.7160726999023543,3/9,-2.06512915773374
15,ALL,lr,ev,pred_vol_high,0.1,fixed_hold,1010,0.49405940594059405,-0.3369254324421124,1.7503810358921221,-3.087306468334234,2/9,-1.7318744685504899
15,ALL,lr,ev,pred_vol_high,0.1,barrier,1010,0.500990099009901,-0.1449679816006381,1.7503810358921221,-2.89534901749276,1/9,-2.0272135760144305
15,ALL,lr,ev,all,0.2,fixed_hold,2321,0.5122791900043084,0.173400503599509,1.707608215539521,-2.534207711940012,2/9,-2.1319018969414167
15,ALL,lr,ev,all,0.2,barrier,2321,0.5165876777251185,0.2624745604963427,1.707608215539521,-2.4451336550431786,1/9,-2.4476798833856224
15,ALL,lr,ev,pred_vol_high,0.2,fixed_hold,1792,0.5078125,0.23766638478008037,1.807916927955222,-2.5702505431751415,2/9,-1.5957099688270953
15,ALL,lr,ev,pred_vol_high,0.2,barrier,1792,0.5066964285714286,0.13317831704582186,1.807916927955222,-2.6747386109094,0/9,-2.190245570877523
15,ALL,lr,ev,all,1.0,fixed_hold,11605,0.5148642826367945,0.18757540973356004,1.6295050793385362,-2.441929669604976,0/9,-6.219816399836239
15,ALL,lr,ev,all,1.0,barrier,11605,0.5218440327445066,0.27432099880399685,1.6295050793385362,-2.355184080534539,0/9,-6.713677015088906
15,ALL,lr,ev,pred_vol_high,1.0,fixed_hold,5803,0.49836291573324143,0.05460600493126518,1.8420704918029611,-2.787464486871696,1/9,-2.700729266982613
15,ALL,lr,ev,pred_vol_high,1.0,barrier,5803,0.5031880062036878,-0.018708620074612745,1.8420704918029611,-2.860779111877574,0/9,-3.5657008121431426
30,P,gb,score,all,0.05,fixed_hold,580,0.6155172413793103,-3.9557492824732545,1.5419855903075628,-6.497734872780818,6/9,-1.0077114088662018
30,P,gb,score,all,0.05,barrier,580,0.6137931034482759,-1.3810812089304996,1.5419855903075628,-3.9230667992380623,5/9,-0.9502386974286431
30,P,gb,score,all,0.1,fixed_hold,1159,0.5910267471958585,-2.683506045447599,1.482816592222707,-5.166322637670306,4/9,-1.104683673249425
30,P,gb,score,all,0.1,barrier,1159,0.5970664365832614,-0.7438282009463955,1.482816592222707,-3.2266447931691027,4/9,-0.9471895390979336
30,P,gb,score,all,0.2,fixed_hold,2318,0.5552200172562554,-2.170749120071403,1.5718769278292255,-4.742626047900629,4/9,-1.2108562039753783
30,P,gb,score,all,0.2,barrier,2318,0.551337359792925,-0.5789566181595096,1.5718769278292255,-3.150833545988735,4/9,-1.250412506963083
30,P,gb,score,all,1.0,fixed_hold,11590,0.5286453839516825,-0.054467126555745184,1.630390209587965,-2.6848573361437102,2/9,-2.374132129783962
30,P,gb,score,all,1.0,barrier,11590,0.5235547886108715,0.25566578830971765,1.630390209587965,-2.374724421278247,1/9,-3.7586659946875507
30,P,gb,ev,all,0.05,fixed_hold,580,0.3879310344827586,-12.60689430717071,2.0983453464446584,-15.705239653615369,2/9,-1.5007236131055253
30,P,gb,ev,all,0.05,barrier,580,0.38448275862068965,-7.210471798210456,2.0983453464446584,-10.308817144655112,2/9,-1.3244161739800908
30,P,gb,ev,all,0.1,fixed_hold,1159,0.49784296807592754,-4.3710090596705795,1.9893771409307308,-7.36038620060131,5/9,-1.2336164091633923
30,P,gb,ev,all,0.1,barrier,1159,0.49611734253666956,-1.9367426621153863,1.9893771409307308,-4.9261198030461175,3/9,-1.1829832220433114
30,P,gb,ev,all,0.2,fixed_hold,2318,0.5099223468507333,-3.2834434132098793,1.8474404724713591,-6.130883885681238,4/9,-1.439423211679828
30,P,gb,ev,all,0.2,barrier,2318,0.5012942191544435,-1.353893162635535,1.8474404724713591,-4.201333635106894,3/9,-1.4831148952266595
30,P,gb,ev,all,1.0,fixed_hold,11590,0.5286453839516825,-0.054467126555745184,1.630390209587965,-2.6848573361437102,2/9,-2.374132129783962
30,P,gb,ev,all,1.0,barrier,11590,0.5235547886108715,0.25566578830971765,1.630390209587965,-2.374724421278247,1/9,-3.7586659946875507
30,P,lr,score,all,0.05,fixed_hold,580,0.5086206896551724,-0.644388503754077,1.8248087039880487,-3.4691972077421243,6/9,-0.4650184255227704
30,P,lr,score,all,0.05,barrier,580,0.506896551724138,-1.4610945303228273,1.8248087039880487,-4.285903234310876,4/9,-0.7723966281560842
30,P,lr,score,all,0.1,fixed_hold,1159,0.49611734253666956,-1.8691360069845389,1.773922939061244,-4.643058946045783,6/9,-0.757565809274132
30,P,lr,score,all,0.1,barrier,1159,0.5021570319240725,-1.3169882622748232,1.773922939061244,-4.090911201336068,4/9,-0.9975673601465896
30,P,lr,score,all,0.2,fixed_hold,2318,0.5189818809318378,-1.3657945603721546,1.703243873778439,-4.069038434150594,4/9,-0.9942372160336502
30,P,lr,score,all,0.2,barrier,2318,0.5150992234685073,-0.5678535618701529,1.703243873778439,-3.271097435648592,3/9,-1.3121834834359307
30,P,lr,score,all,1.0,fixed_hold,11590,0.5426229508196722,0.6784837838989851,1.630390209587965,-1.9519064256889795,2/9,-1.8392360746246086
30,P,lr,score,all,1.0,barrier,11590,0.5314063848144952,0.590052663855692,1.630390209587965,-2.0403375457322723,0/9,-3.112348700282347
30,P,lr,ev,all,0.05,fixed_hold,580,0.44482758620689655,-4.985867563515896,2.16806174321934,-8.153929306735236,4/9,-0.8560573693757038
30,P,lr,ev,all,0.05,barrier,580,0.4689655172413793,-1.8462618860084485,2.16806174321934,-5.014323629227788,4/9,-0.8451697514707341
30,P,lr,ev,all,0.1,fixed_hold,1159,0.46937014667817084,-4.783692689963043,2.051796987892204,-7.835489677855248,3/9,-0.9829710583584795
30,P,lr,ev,all,0.1,barrier,1159,0.4719585849870578,-1.3165499411209465,2.051796987892204,-4.36834692901315,3/9,-0.9431024163113216
30,P,lr,ev,all,0.2,fixed_hold,2318,0.5064710957722174,-2.2207854030963357,1.9358003252188678,-5.1565857283152035,3/9,-1.0743361386742916
30,P,lr,ev,all,0.2,barrier,2318,0.4930974978429681,-0.5230439161894429,1.9358003252188678,-3.4588442414083116,1/9,-1.24141279742519
30,P,lr,ev,all,1.0,fixed_hold,11590,0.5426229508196722,0.6784837838989851,1.630390209587965,-1.9519064256889795,2/9,-1.8392360746246086
30,P,lr,ev,all,1.0,barrier,11590,0.5314063848144952,0.590052663855692,1.630390209587965,-2.0403375457322723,0/9,-3.112348700282347
30,F,gb,score,all,0.05,fixed_hold,580,0.5120689655172413,-0.06124787438003719,1.6295800835992522,-2.6908279579792893,4/9,-0.5284549600146681
30,F,gb,score,all,0.05,barrier,580,0.5103448275862069,1.2490712758721676,1.6295800835992522,-1.3805088077270844,4/9,-0.5221962362512195
30,F,gb,score,all,0.1,fixed_hold,1181,0.519051651143099,0.9625091839696696,1.5875736008500323,-1.6250644168803616,4/9,-0.4386303284289146
30,F,gb,score,all,0.1,barrier,1181,0.5436071126164268,2.1983610923972843,1.5875736008500323,-0.38921250845274863,5/9,-0.22644294516805197
30,F,gb,score,all,0.2,fixed_hold,2318,0.5522001725625539,2.004223117751141,1.6287629377219583,-0.6245398199708178,4/9,-0.31061895875592693
30,F,gb,score,all,0.2,barrier,2318,0.5608283002588438,2.2287340298574807,1.6287629377219583,-0.4000289078644777,5/9,-0.3678824346733561
30,F,gb,score,all,1.0,fixed_hold,11590,0.5151855047454702,-0.2663280211144506,1.630390209587965,-2.8967182307024157,0/9,-4.267903341412013
30,F,gb,score,all,1.0,barrier,11590,0.5129421915444349,0.0923914449599744,1.630390209587965,-2.5379987646279907,0/9,-8.701481140542212
30,F,gb,ev,all,0.05,fixed_hold,580,0.6224137931034482,5.363593679420389,1.8732552623234549,2.490338417096935,4/9,2.0083207700308052
30,F,gb,ev,all,0.05,barrier,580,0.6517241379310345,6.8870240778591905,1.8732552623234549,4.013768815535735,6/9,2.6827622615450313
30,F,gb,ev,all,0.1,fixed_hold,1159,0.5470232959447799,-0.2667828400746245,1.877212464297802,-3.1439953043724267,2/9,-1.2294489564302438
30,F,gb,ev,all,0.1,barrier,1159,0.5780845556514237,3.0311690741310886,1.877212464297802,0.15395660983328674,5/9,0.19655097736672078
30,F,gb,ev,all,0.2,fixed_hold,2318,0.5258843830888698,-0.8519647635980633,1.8623334043053896,-3.714298167903452,1/9,-1.7275498130300917
30,F,gb,ev,all,0.2,barrier,2318,0.546160483175151,1.2979605759689778,1.8623334043053896,-1.5643728283364118,3/9,-1.6977737293511679
30,F,gb,ev,all,1.0,fixed_hold,11590,0.5151855047454702,-0.2663280211144506,1.630390209587965,-2.8967182307024157,0/9,-4.267903341412013
30,F,gb,ev,all,1.0,barrier,11590,0.5129421915444349,0.0923914449599744,1.630390209587965,-2.5379987646279907,0/9,-8.701481140542212
30,F,lr,score,all,0.05,fixed_hold,580,0.6068965517241379,11.813345197182116,2.0367243355488625,8.776620861633255,6/9,1.1096344772182027
30,F,lr,score,all,0.05,barrier,580,0.6241379310344828,6.399693891050886,2.0367243355488625,3.3629695555020236,6/9,0.7242222161177474
30,F,lr,score,all,0.1,fixed_hold,1159,0.6091458153580673,8.520004034018772,1.8889716695924355,5.631032364426337,7/9,1.1208528129131117
30,F,lr,score,all,0.1,barrier,1159,0.6074201898188093,4.818702497503335,1.8889716695924355,1.9297308279108996,7/9,0.6943322643498425
30,F,lr,score,all,0.2,fixed_hold,2318,0.6078515962036238,5.684979971723306,1.7602928883825597,2.9246870833407455,7/9,0.9754888330931779
30,F,lr,score,all,0.2,barrier,2318,0.6035375323554789,3.3045949169000206,1.7602928883825597,0.5443020285174612,7/9,0.3426071547072314
30,F,lr,score,all,1.0,fixed_hold,11590,0.5320966350301984,1.3453465635604962,1.630390209587965,-1.2850436460274688,3/9,-1.7366979632117499
30,F,lr,score,all,1.0,barrier,11590,0.537618636755824,0.9497368274315733,1.630390209587965,-1.6806533821563912,1/9,-3.5059707425401534
30,F,lr,ev,all,0.05,fixed_hold,580,0.6206896551724138,11.683340198448265,2.252331865242198,8.431008333206067,5/9,0.9579864352586561
30,F,lr,ev,all,0.05,barrier,580,0.6241379310344828,6.555678981332715,2.252331865242198,3.3033471160905163,5/9,0.7071439656473255
30,F,lr,ev,all,0.1,fixed_hold,1159,0.6125970664365833,8.463776165294375,2.0599377800374654,5.40383838525691,5/9,1.0233470342551623
30,F,lr,ev,all,0.1,barrier,1159,0.6229508196721312,5.680265224816846,2.0599377800374654,2.620327444779382,5/9,0.905991138800037
30,F,lr,ev,all,0.2,fixed_hold,2318,0.5789473684210527,6.012406072716241,1.87481593064334,3.137590142072901,6/9,1.036126730233126
30,F,lr,ev,all,0.2,barrier,2318,0.5811044003451251,3.5790593031141826,1.87481593064334,0.7042433724708421,4/9,0.3778750202061266
30,F,lr,ev,all,1.0,fixed_hold,11590,0.5320966350301984,1.3453465635604962,1.630390209587965,-1.2850436460274688,3/9,-1.7366979632117499
30,F,lr,ev,all,1.0,barrier,11590,0.537618636755824,0.9497368274315733,1.630390209587965,-1.6806533821563912,1/9,-3.5059707425401534
30,B,gb,score,all,0.05,fixed_hold,582,0.5670103092783505,6.344613415331739,1.4203789349032525,3.924234480428486,6/9,1.4959885710787153
30,B,gb,score,all,0.05,barrier,582,0.5824742268041238,2.996407159713918,1.4203789349032525,0.5760282248106654,4/9,0.44633572453824666
30,B,gb,score,all,0.1,fixed_hold,1160,0.5525862068965517,5.171245920562456,1.4760456634196655,2.695200257142791,6/9,1.4032247163554556
30,B,gb,score,all,0.1,barrier,1160,0.5741379310344827,2.5379210992557093,1.4760456634196655,0.06187543583604338,5/9,0.06263896071308794
30,B,gb,score,all,0.2,fixed_hold,2318,0.5409836065573771,3.3463135422412575,1.470205768699194,0.8761077735420633,4/9,0.6181796441351679
30,B,gb,score,all,0.2,barrier,2318,0.5509059534081104,1.5878005945381566,1.470205768699194,-0.8824051741610378,3/9,-1.230474111552132
30,B,gb,score,all,1.0,fixed_hold,11590,0.5103537532355479,-0.005202119171213891,1.630390209587965,-2.6355923287591785,1/9,-4.138443088409662
30,B,gb,score,all,1.0,barrier,11590,0.5270060396893874,0.3468974258856978,1.630390209587965,-2.283492783702267,0/9,-3.891827478858957
30,B,gb,ev,all,0.05,fixed_hold,580,0.4844827586206897,1.8753311373052644,1.725766123501546,-0.8504349861962816,2/9,-0.16299215313819004
30,B,gb,ev,all,0.05,barrier,580,0.46206896551724136,-0.24019002864374592,1.725766123501546,-2.9659561521452917,2/9,-0.6472502546855523
30,B,gb,ev,all,0.1,fixed_hold,1159,0.4969801553062985,-0.4253057665601915,1.8229205435986837,-3.2482263101588753,4/9,-0.5514970138059986
30,B,gb,ev,all,0.1,barrier,1159,0.4840379637618637,-0.2018148335860827,1.8229205435986837,-3.024735377184767,3/9,-0.7397097105764961
30,B,gb,ev,all,0.2,fixed_hold,2318,0.4400345125107852,-4.458675780951037,1.8657565289232192,-7.324432309874255,2/9,-1.4152095200196428
30,B,gb,ev,all,0.2,barrier,2318,0.4499568593615185,-2.3479980449708817,1.8657565289232192,-5.213754573894101,2/9,-1.5110792371586879
30,B,gb,ev,all,1.0,fixed_hold,11590,0.5103537532355479,-0.005202119171213891,1.630390209587965,-2.6355923287591785,1/9,-4.138443088409662
30,B,gb,ev,all,1.0,barrier,11590,0.5270060396893874,0.3468974258856978,1.630390209587965,-2.283492783702267,0/9,-3.891827478858957
30,B,lr,score,all,0.05,fixed_hold,580,0.49137931034482757,-0.2719461159891032,2.019640995533151,-3.291587111522255,2/9,-1.562002526054793
30,B,lr,score,all,0.05,barrier,580,0.5189655172413793,0.9243905588649023,2.019640995533151,-2.0952504366682487,2/9,-1.1956769745189149
30,B,lr,score,all,0.1,fixed_hold,1159,0.4926660914581536,-0.9271145660698722,1.9157900702292143,-3.8429046362990866,1/9,-2.3708139432310253
30,B,lr,score,all,0.1,barrier,1159,0.5133735979292493,0.5167402443315926,1.9157900702292143,-2.399049825897622,2/9,-1.7348514299426694
30,B,lr,score,all,0.2,fixed_hold,2318,0.5081967213114754,-0.23629755855607748,1.7319164930511994,-2.968214051607277,0/9,-3.038152608857075
30,B,lr,score,all,0.2,barrier,2318,0.5258843830888698,0.4256598052061305,1.7319164930511994,-2.306256687845069,1/9,-2.632482050464904
30,B,lr,score,all,1.0,fixed_hold,11590,0.5097497842968076,-0.050585444742863306,1.630390209587965,-2.680975654330828,1/9,-4.298010049327298
30,B,lr,score,all,1.0,barrier,11590,0.5255392579810181,0.2954653347542241,1.630390209587965,-2.3349248748337406,0/9,-4.020999370152683
30,B,lr,ev,all,0.05,fixed_hold,580,0.4879310344827586,-2.4784159678163404,1.7205414773923091,-5.19895744520865,3/9,-1.1060383440730357
30,B,lr,ev,all,0.05,barrier,580,0.47758620689655173,-1.06839430820625,1.7205414773923091,-3.7889357855985595,3/9,-1.1405021942966134
30,B,lr,ev,all,0.1,fixed_hold,1159,0.4771354616048318,-2.3147685497711685,1.7384796067564388,-5.053248156527608,3/9,-1.3730512345196502
30,B,lr,ev,all,0.1,barrier,1159,0.4814495254529767,-0.90985636861865,1.7384796067564388,-3.648335975375089,2/9,-1.4977392117532937
30,B,lr,ev,all,0.2,fixed_hold,2318,0.4771354616048318,-1.7428213859815544,1.731004143608358,-4.473825529589913,2/9,-1.8625198072573348
30,B,lr,ev,all,0.2,barrier,2318,0.48058671268334774,-1.0331016986545531,1.731004143608358,-3.764105842262911,2/9,-1.9877190179731419
30,B,lr,ev,all,1.0,fixed_hold,11590,0.5097497842968076,-0.050585444742863306,1.630390209587965,-2.680975654330828,1/9,-4.298010049327298
30,B,lr,ev,all,1.0,barrier,11590,0.5255392579810181,0.2954653347542241,1.630390209587965,-2.3349248748337406,0/9,-4.020999370152683
30,L2,gb,score,all,0.05,fixed_hold,580,0.4586206896551724,-1.8976055840422446,2.2231701918697673,-5.120775775912013,3/9,-1.173599730896413
30,L2,gb,score,all,0.05,barrier,580,0.4827586206896552,-0.6144104993017053,2.2231701918697673,-3.8375806911714725,2/9,-1.7215714520691723
30,L2,gb,score,all,0.1,fixed_hold,1159,0.4728213977566868,-1.3793485105065437,2.170234551163581,-4.549583061670125,3/9,-1.206533664502232
30,L2,gb,score,all,0.1,barrier,1159,0.5012942191544435,0.18543695708933414,2.170234551163581,-2.9847975940742475,2/9,-1.5687171710425118
30,L2,gb,score,all,0.2,fixed_hold,2318,0.4840379637618637,-1.191016160774687,2.0101662737965196,-4.201182434571207,3/9,-1.6433600905967385
30,L2,gb,score,all,0.2,barrier,2318,0.501725625539258,-0.244874017562019,2.0101662737965196,-3.255040291358538,2/9,-2.176876237955274
30,L2,gb,score,all,1.0,fixed_hold,11590,0.5067299396031061,0.14557455671316802,1.630390209587965,-2.484815652874797,0/9,-4.661496117377852
30,L2,gb,score,all,1.0,barrier,11590,0.5197584124245039,0.4608380816831142,1.630390209587965,-2.1695521279048506,0/9,-4.246657321167103
30,L2,gb,ev,all,0.05,fixed_hold,580,0.46206896551724136,-2.12179974403584,2.378180901499904,-5.499980645535743,3/9,-0.6863689734366651
30,L2,gb,ev,all,0.05,barrier,580,0.4844827586206897,-0.050442253888086624,2.378180901499904,-3.42862315538799,2/9,-0.6223451285281404
30,L2,gb,ev,all,0.1,fixed_hold,1159,0.4624676445211389,-3.105934182709526,2.266714708093075,-6.372648890802601,2/9,-1.1711095047230236
30,L2,gb,ev,all,0.1,barrier,1159,0.4745470232959448,-1.2231211340831472,2.266714708093075,-4.4898358421762214,2/9,-1.3132965270766817
30,L2,gb,ev,all,0.2,fixed_hold,2318,0.46678170836928384,-2.0012436269494622,2.0752471360281546,-5.076490762977616,1/9,-1.6079777427201714
30,L2,gb,ev,all,0.2,barrier,2318,0.4827437446074202,-0.6311657746141823,2.0752471360281546,-3.7064129106423374,1/9,-1.7379787316551014
30,L2,gb,ev,all,1.0,fixed_hold,11590,0.5067299396031061,0.14557455671316802,1.630390209587965,-2.484815652874797,0/9,-4.661496117377852
30,L2,gb,ev,all,1.0,barrier,11590,0.5197584124245039,0.4608380816831142,1.630390209587965,-2.1695521279048506,0/9,-4.246657321167103
30,L2,lr,score,all,0.05,fixed_hold,580,0.46379310344827585,-2.1673305548307717,1.744450643883288,-4.91178119871406,0/9,-3.156330220270191
30,L2,lr,score,all,0.05,barrier,580,0.45689655172413796,-0.7747042524449688,1.744450643883288,-3.519154896328257,1/9,-2.985701926350467
30,L2,lr,score,all,0.1,fixed_hold,1159,0.4728213977566868,-1.5648143381079036,1.6846101334422219,-4.249424471550126,0/9,-2.9892620460865453
30,L2,lr,score,all,0.1,barrier,1159,0.45642795513373596,-0.8767776536223864,1.6846101334422219,-3.5613877870646085,1/9,-3.3685565868774328
30,L2,lr,score,all,0.2,fixed_hold,2318,0.4801553062985332,-1.0123540141689003,1.6905685433466808,-3.7029225575155817,0/9,-3.3085798630340286
30,L2,lr,score,all,0.2,barrier,2318,0.4715271786022433,-0.5381000875409484,1.6905685433466808,-3.2286686308876296,0/9,-4.551571208920179
30,L2,lr,score,all,1.0,fixed_hold,11590,0.49499568593615184,-0.40196347396312965,1.630390209587965,-3.0323536835510945,0/9,-6.400786596556443
30,L2,lr,score,all,1.0,barrier,11590,0.4916307161345988,-0.17978479083576232,1.630390209587965,-2.810175000423727,0/9,-8.646778363347229
30,L2,lr,ev,all,0.05,fixed_hold,580,0.49482758620689654,0.3145590192624533,2.019191428435567,-2.704632409173114,2/9,-1.0437980413534214
30,L2,lr,ev,all,0.05,barrier,580,0.4862068965517241,-0.9279774843093119,2.019191428435567,-3.9471689127448797,1/9,-1.9095449805145903
30,L2,lr,ev,all,0.1,fixed_hold,1159,0.5090595340811044,0.8125966013693474,1.9463138553349881,-2.133717253965641,1/9,-1.4228329382654825
30,L2,lr,ev,all,0.1,barrier,1159,0.5047454702329595,0.13563634945572223,1.9463138553349881,-2.8106775058792657,1/9,-2.6682880176451778
30,L2,lr,ev,all,0.2,fixed_hold,2318,0.49352890422778256,-0.2560691340677706,1.8708194505032756,-3.1268885845710463,1/9,-2.914574331754032
30,L2,lr,ev,all,0.2,barrier,2318,0.49352890422778256,-0.12907300649631234,1.8708194505032756,-2.9998924569995884,1/9,-3.5583377418204423
30,L2,lr,ev,all,1.0,fixed_hold,11590,0.49499568593615184,-0.40196347396312965,1.630390209587965,-3.0323536835510945,0/9,-6.400786596556443
30,L2,lr,ev,all,1.0,barrier,11590,0.4916307161345988,-0.17978479083576232,1.630390209587965,-2.810175000423727,0/9,-8.646778363347229
30,PL2,gb,score,all,0.05,fixed_hold,580,0.603448275862069,-4.474087074696018,1.5255280160928426,-6.9996150907888595,6/9,-1.0556756836875691
30,PL2,gb,score,all,0.05,barrier,580,0.6086206896551725,-1.6427136524713044,1.5255280160928426,-4.168241668564147,6/9,-0.9185622659745402
30,PL2,gb,score,all,0.1,fixed_hold,1159,0.5901639344262295,-2.2730430960254107,1.4835962679100305,-4.756639363935441,5/9,-0.8540202769645895
30,PL2,gb,score,all,0.1,barrier,1159,0.5996548748921484,-0.47332622612362696,1.4835962679100305,-2.956922494033657,5/9,-0.7239057240893427
30,PL2,gb,score,all,0.2,fixed_hold,2318,0.5729076790336497,-1.301852849085356,1.573795047111548,-3.875647896196904,5/9,-0.9927968020452476
30,PL2,gb,score,all,0.2,barrier,2318,0.5660051768766178,-0.0740371477225075,1.573795047111548,-2.6478321948340553,5/9,-0.9942526652263015
30,PL2,gb,score,all,1.0,fixed_hold,11590,0.5304572907679034,0.13322468631921436,1.630390209587965,-2.4971655232687504,2/9,-2.084846845430167
30,PL2,gb,score,all,1.0,barrier,11590,0.5283865401207938,0.4282410941044492,1.630390209587965,-2.2021491154835156,0/9,-3.3921167730164337
30,PL2,gb,ev,all,0.05,fixed_hold,580,0.3896551724137931,-11.046680993388359,2.138629242481491,-14.185310235869851,3/9,-1.2104091206688707
30,PL2,gb,ev,all,0.05,barrier,580,0.39482758620689656,-6.341026871529019,2.138629242481491,-9.479656114010512,3/9,-1.1117720161480733
30,PL2,gb,ev,all,0.1,fixed_hold,1159,0.5012942191544435,-3.6182648533424286,2.0069114059144137,-6.625176259256843,4/9,-1.0024529812323855
30,PL2,gb,ev,all,0.1,barrier,1159,0.48921484037963764,-1.8467714621192028,2.0069114059144137,-4.853682868033617,3/9,-1.0359054453776728
30,PL2,gb,ev,all,0.2,fixed_hold,2318,0.5366695427092321,-2.1048049042396837,1.8414914395144564,-4.94629634375414,4/9,-1.1936925439503734
30,PL2,gb,ev,all,0.2,barrier,2318,0.5349439171699741,-0.12360592150359645,1.8414914395144564,-2.965097361018053,4/9,-1.1277963350931306
30,PL2,gb,ev,all,1.0,fixed_hold,11590,0.5304572907679034,0.13322468631921436,1.630390209587965,-2.4971655232687504,2/9,-2.084846845430167
30,PL2,gb,ev,all,1.0,barrier,11590,0.5283865401207938,0.4282410941044492,1.630390209587965,-2.2021491154835156,0/9,-3.3921167730164337
30,PL2,lr,score,all,0.05,fixed_hold,580,0.5344827586206896,-0.7531074922345655,1.7319456041889794,-3.4850530964235444,3/9,-1.2664628424450195
30,PL2,lr,score,all,0.05,barrier,580,0.5137931034482759,0.1181132965375291,1.7319456041889794,-2.61383230765145,3/9,-1.6079211583869288
30,PL2,lr,score,all,0.1,fixed_hold,1159,0.5107851596203624,-1.1141940072705228,1.6968216348620944,-3.811015642132617,2/9,-1.8843483991155998
30,PL2,lr,score,all,0.1,barrier,1159,0.49611734253666956,-0.3705159752046899,1.6968216348620944,-3.067337610066784,1/9,-2.5535885142188217
30,PL2,lr,score,all,0.2,fixed_hold,2318,0.498274374460742,-1.3124709110874586,1.6867533734539646,-3.9992242845414228,0/9,-3.0587191298957164
30,PL2,lr,score,all,0.2,barrier,2318,0.4887834339948231,-0.5602811703737868,1.6867533734539646,-3.247034543827751,0/9,-4.311667029473297
30,PL2,lr,score,all,1.0,fixed_hold,11590,0.5056082830025884,-0.1631366085264398,1.630390209587965,-2.7935268181144046,0/9,-5.1555963552195125
30,PL2,lr,score,all,1.0,barrier,11590,0.5007765314926661,-0.025424923871473337,1.630390209587965,-2.6558151334594378,0/9,-7.360462380225512
30,PL2,lr,ev,all,0.05,fixed_hold,580,0.5051724137931034,-0.9576044451766589,2.1724154595089242,-4.130019904685583,1/9,-1.3579796211955835
30,PL2,lr,ev,all,0.05,barrier,580,0.4879310344827586,-1.3699658555126677,2.1724154595089242,-4.5423813150215935,1/9,-2.3375242662560254
30,PL2,lr,ev,all,0.1,fixed_hold,1159,0.4987057808455565,-1.1646434674028932,2.0926087078212228,-4.2572521752241155,2/9,-1.7685643650294816
30,PL2,lr,ev,all,0.1,barrier,1159,0.4883520276100086,-0.5935260897154244,2.0926087078212228,-3.6861347975366474,0/9,-2.5979019230603027
30,PL2,lr,ev,all,0.2,fixed_hold,2318,0.48619499568593616,-1.4030209808463086,1.9550927264434717,-4.358113707289781,2/9,-2.2655474536112243
30,PL2,lr,ev,all,0.2,barrier,2318,0.48058671268334774,-0.8679546919587466,1.9550927264434717,-3.823047418402218,1/9,-3.021143285019405
30,PL2,lr,ev,all,1.0,fixed_hold,11590,0.5056082830025884,-0.1631366085264398,1.630390209587965,-2.7935268181144046,0/9,-5.1555963552195125
30,PL2,lr,ev,all,1.0,barrier,11590,0.5007765314926661,-0.025424923871473337,1.630390209587965,-2.6558151334594378,0/9,-7.360462380225512
30,ALL,gb,score,all,0.05,fixed_hold,580,0.656896551724138,4.589178582759056,1.3628848818761927,2.2262937008828625,4/9,0.8886823991330252
30,ALL,gb,score,all,0.05,barrier,580,0.6637931034482759,3.611016428309824,1.3628848818761927,1.2481315464336304,4/9,0.644698444429172
30,ALL,gb,score,all,0.1,fixed_hold,1159,0.5875754961173425,1.340614432981836,1.4158387951707563,-1.0752243621889201,5/9,-0.6697173753853574
30,ALL,gb,score,all,0.1,barrier,1159,0.5832614322691976,0.977495751518378,1.4158387951707563,-1.4383430436523783,3/9,-1.1070593859426252
30,ALL,gb,score,all,0.2,fixed_hold,2318,0.6078515962036238,1.707352747161197,1.4601900264995749,-0.7528372793383781,6/9,-0.5060921653036292
30,ALL,gb,score,all,0.2,barrier,2318,0.6069887834339949,1.6245767575355448,1.4601900264995749,-0.8356132689640301,5/9,-0.7142957592208056
30,ALL,gb,score,all,1.0,fixed_hold,11590,0.5206212251941329,0.19991265159216381,1.630390209587965,-2.4304775579958005,1/9,-3.658732229506684
30,ALL,gb,score,all,1.0,barrier,11590,0.5359792924935289,0.49471032886066024,1.630390209587965,-2.1356798807273045,0/9,-3.7654518369452745
30,ALL,gb,ev,all,0.05,fixed_hold,580,0.36379310344827587,-13.268004451156802,2.0034833695046905,-16.27148782066149,1/9,-2.125929451494623
30,ALL,gb,ev,all,0.05,barrier,580,0.39827586206896554,-7.19265946060336,2.0034833695046905,-10.196142830108048,2/9,-1.6752106029454588
30,ALL,gb,ev,pred_vol_high,0.05,fixed_hold,580,0.36379310344827587,-13.268004451156802,2.0034833695046905,-16.27148782066149,1/9,-2.125929451494623
30,ALL,gb,ev,pred_vol_high,0.05,barrier,580,0.39827586206896554,-7.19265946060336,2.0034833695046905,-10.196142830108048,2/9,-1.6752106029454588
30,ALL,gb,ev,all,0.1,fixed_hold,1159,0.44176013805004316,-7.395057972117807,1.983733322645413,-10.37879129476322,2/9,-1.7825080045423554
30,ALL,gb,ev,all,0.1,barrier,1159,0.4460742018981881,-4.262538042962059,1.983733322645413,-7.246271365607473,2/9,-1.639166716200814
30,ALL,gb,ev,pred_vol_high,0.1,fixed_hold,1144,0.4388111888111888,-7.5845545210032865,1.993141579830056,-10.57769610083334,1/9,-1.8000401937456512
30,ALL,gb,ev,pred_vol_high,0.1,barrier,1144,0.4423076923076923,-4.401978834930856,1.993141579830056,-7.395120414760912,1/9,-1.6566020016977419
30,ALL,gb,ev,all,0.2,fixed_hold,2318,0.4771354616048318,-4.106706108926069,1.8368398928116991,-6.943546001737769,1/9,-1.901452717043133
30,ALL,gb,ev,all,0.2,barrier,2318,0.4831751509922347,-1.939879470888114,1.8368398928116991,-4.776719363699813,1/9,-2.018209399374275
30,ALL,gb,ev,pred_vol_high,0.2,fixed_hold,2054,0.46689386562804286,-4.793495121030284,1.8572547047968007,-7.650749825827085,1/9,-1.8826433682752592
30,ALL,gb,ev,pred_vol_high,0.2,barrier,2054,0.4678675754625122,-2.5249710515279333,1.8572547047968007,-5.382225756324734,1/9,-2.04861153112452
30,ALL,gb,ev,all,1.0,fixed_hold,11590,0.5206212251941329,0.19991265159216381,1.630390209587965,-2.4304775579958005,1/9,-3.658732229506684
30,ALL,gb,ev,all,1.0,barrier,11590,0.5359792924935289,0.49471032886066024,1.630390209587965,-2.1356798807273045,0/9,-3.7654518369452745
30,ALL,gb,ev,pred_vol_high,1.0,fixed_hold,5795,0.5012942191544435,-0.30492679245058724,1.8438902506394226,-3.14881704309001,1/9,-2.2778910839517246
30,ALL,gb,ev,pred_vol_high,1.0,barrier,5795,0.5173425366695427,0.13498951095099168,1.8438902506394226,-2.7089007396884313,1/9,-2.45697343078163
30,ALL,lr,score,all,0.05,fixed_hold,580,0.5189655172413793,0.28467088935437346,1.7268804471201271,-2.442209557765753,5/9,-0.9279624467663716
30,ALL,lr,score,all,0.05,barrier,580,0.5241379310344828,-0.2859779354541817,1.7268804471201271,-3.0128583825743083,2/9,-1.8121435430448443
30,ALL,lr,score,all,0.1,fixed_hold,1159,0.5271786022433133,-0.1141456543799166,1.7172806946056962,-2.831426348985613,4/9,-1.0947427233224212
30,ALL,lr,score,all,0.1,barrier,1159,0.5271786022433133,-0.25941563828394787,1.7172806946056962,-2.976696332889644,3/9,-1.8714849362807924
30,ALL,lr,score,all,0.2,fixed_hold,2318,0.5465918895599655,0.7919528367480315,1.6657516799218355,-1.873798843173804,5/9,-0.8832213198240377
30,ALL,lr,score,all,0.2,barrier,2318,0.540120793787748,0.5808255066294327,1.6657516799218355,-2.084926173292403,3/9,-1.672201408073676
30,ALL,lr,score,all,1.0,fixed_hold,11590,0.5116479723899914,0.028558534603861947,1.630390209587965,-2.6018316749841026,0/9,-4.117682544715668
30,ALL,lr,score,all,1.0,barrier,11590,0.5077653149266609,0.09659448738733505,1.630390209587965,-2.5337957222006295,0/9,-5.360749276491488
30,ALL,lr,ev,all,0.05,fixed_hold,580,0.5396551724137931,2.6462709140476117,2.0591014810167043,-0.4128305669690917,3/9,-0.09628060239137373
30,ALL,lr,ev,all,0.05,barrier,580,0.5275862068965518,0.6372522944584594,2.0591014810167043,-2.4218491865582448,1/9,-1.0647494793534942
30,ALL,lr,ev,pred_vol_high,0.05,fixed_hold,569,0.5377855887521968,2.4722000818439174,2.0664324759231163,-0.5942323940791998,3/9,-0.1371632172565364
30,ALL,lr,ev,pred_vol_high,0.05,barrier,569,0.5254833040421792,0.4945504156837251,2.0664324759231163,-2.5718820602393913,1/9,-1.135309280143175
30,ALL,lr,ev,all,0.1,fixed_hold,1159,0.5107851596203624,1.0951388346520456,1.9606837609044536,-1.8655449262524082,3/9,-0.5124121237744845
30,ALL,lr,ev,all,0.1,barrier,1159,0.5081967213114754,0.20063860041640755,1.9606837609044536,-2.760045160488046,2/9,-1.5040667916741943
30,ALL,lr,ev,pred_vol_high,0.1,fixed_hold,1080,0.5074074074074074,1.052494423521601,1.9722087136742221,-1.9197142901526216,4/9,-0.5040102240267706
30,ALL,lr,ev,pred_vol_high,0.1,barrier,1080,0.5046296296296297,0.04534969400010301,1.9722087136742221,-2.926859019674119,3/9,-1.5844561875329835
30,ALL,lr,ev,all,0.2,fixed_hold,2318,0.5107851596203624,0.5362942166949207,1.882001177654013,-2.345706960959092,4/9,-0.9814320932534638
30,ALL,lr,ev,all,0.2,barrier,2318,0.5073339085418465,0.16536436308591332,1.882001177654013,-2.7166368145680995,2/9,-2.0061666377182337
30,ALL,lr,ev,pred_vol_high,0.2,fixed_hold,1955,0.5084398976982097,0.6111617352586616,1.9115066533504756,-2.300344918091814,3/9,-0.8418746189395568
30,ALL,lr,ev,pred_vol_high,0.2,barrier,1955,0.5012787723785166,-0.08753760844995079,1.9115066533504756,-2.9990442618004267,1/9,-1.9770234055628884
30,ALL,lr,ev,all,1.0,fixed_hold,11590,0.5116479723899914,0.028558534603861947,1.630390209587965,-2.6018316749841026,0/9,-4.117682544715668
30,ALL,lr,ev,all,1.0,barrier,11590,0.5077653149266609,0.09659448738733505,1.630390209587965,-2.5337957222006295,0/9,-5.360749276491488
30,ALL,lr,ev,pred_vol_high,1.0,fixed_hold,5795,0.5004314063848145,-0.25694003044109864,1.8438902506394226,-3.1008302810805217,0/9,-2.677374984399561
30,ALL,lr,ev,pred_vol_high,1.0,barrier,5795,0.49784296807592754,-0.18440540374260012,1.8438902506394226,-3.028295654382023,0/9,-3.081290093488559
60,P,gb,score,all,0.05,fixed_hold,578,0.4826989619377163,-6.964316952749237,1.4576251269265876,-9.421942079675825,6/9,-0.8641206405208756
60,P,gb,score,all,0.05,barrier,578,0.4844290657439446,-6.189117647657793,1.4576251269265876,-8.646742774584382,6/9,-0.821007377607675
60,P,gb,score,all,0.1,fixed_hold,1157,0.5479688850475367,-4.354050350808058,1.5065011823672383,-6.860551533175298,6/9,-0.7646612261712187
60,P,gb,score,all,0.1,barrier,1157,0.5738980121002593,-1.9175857049036753,1.5065011823672383,-4.424086887270914,6/9,-0.5683088299216362
60,P,gb,score,all,0.2,fixed_hold,2312,0.523356401384083,-5.115219910928647,1.5778234351059317,-7.69304334603458,4/9,-1.124106783114921
60,P,gb,score,all,0.2,barrier,2312,0.5363321799307958,-1.7049228099601546,1.5778234351059317,-4.282746245066085,5/9,-0.7987621002717782
60,P,gb,score,all,1.0,fixed_hold,11560,0.5190311418685121,-0.9972121942840037,1.632340694904876,-3.6295528891888797,5/9,-1.2971562753987307
60,P,gb,score,all,1.0,barrier,11560,0.5216262975778547,0.5434495913129955,1.632340694904876,-2.0888911035918807,3/9,-1.251682278654041
60,P,gb,ev,all,0.05,fixed_hold,578,0.41695501730103807,-13.791887667373928,1.981700564696042,-16.773588232069972,3/9,-0.9532440637509606
60,P,gb,ev,all,0.05,barrier,578,0.39965397923875434,-9.040609533501133,1.981700564696042,-12.022310098197176,3/9,-0.8271310465714511
60,P,gb,ev,all,0.1,fixed_hold,1156,0.42474048442906576,-11.157480577433743,1.901977067937933,-14.059457645371676,3/9,-1.1803921168051983
60,P,gb,ev,all,0.1,barrier,1156,0.4204152249134948,-6.6975834080077705,1.901977067937933,-9.599560475945704,2/9,-1.0209772844632503
60,P,gb,ev,all,0.2,fixed_hold,2312,0.4619377162629758,-6.493963298782659,1.8064968291221675,-9.300460127904826,2/9,-1.2933814580021714
60,P,gb,ev,all,0.2,barrier,2312,0.4727508650519031,-2.6678023453400534,1.8064968291221675,-5.47429917446222,2/9,-1.1405192329683835
60,P,gb,ev,all,1.0,fixed_hold,11560,0.5190311418685121,-0.9972121942840037,1.632340694904876,-3.6295528891888797,5/9,-1.2971562753987307
60,P,gb,ev,all,1.0,barrier,11560,0.5216262975778547,0.5434495913129955,1.632340694904876,-2.0888911035918807,3/9,-1.251682278654041
60,P,lr,score,all,0.05,fixed_hold,578,0.4740484429065744,-4.33454034664981,1.683642431277565,-7.018182777927376,6/9,-0.5700161505312148
60,P,lr,score,all,0.05,barrier,578,0.47923875432525953,-3.6068988857715563,1.683642431277565,-6.290541317049121,6/9,-0.6009948835792492
60,P,lr,score,all,0.1,fixed_hold,1156,0.4852941176470588,-3.946524661212737,1.6895767616704829,-6.636101422883219,5/9,-0.6605368275501297
60,P,lr,score,all,0.1,barrier,1156,0.509515570934256,-1.904009909308802,1.6895767616704829,-4.5935866709792865,6/9,-0.6271149311891243
60,P,lr,score,all,0.2,fixed_hold,2312,0.514273356401384,-3.0515479454412207,1.6733520437564269,-5.724899989197648,6/9,-0.7472735033295761
60,P,lr,score,all,0.2,barrier,2312,0.5224913494809689,-1.4025641447814237,1.6733520437564269,-4.0759161885378505,4/9,-0.8484575103493242
60,P,lr,score,all,1.0,fixed_hold,11560,0.5557093425605536,1.2919741023936961,1.632340694904876,-1.3403665925111803,5/9,-0.6161544083190693
60,P,lr,score,all,1.0,barrier,11560,0.5449826989619377,1.2049139238885678,1.632340694904876,-1.4274267710163084,4/9,-1.2882661127475186
60,P,lr,ev,all,0.05,fixed_hold,578,0.40484429065743943,-11.233763547871993,2.0702233653734043,-14.303986913245394,4/9,-0.7142311162002072
60,P,lr,ev,all,0.05,barrier,578,0.40657439446366783,-6.613667596685469,2.0702233653734043,-9.683890962058873,4/9,-0.8386269844992615
60,P,lr,ev,all,0.1,fixed_hold,1156,0.40484429065743943,-9.458071100431628,2.020318235993158,-12.478389336424788,3/9,-0.8525274250947269
60,P,lr,ev,all,0.1,barrier,1156,0.393598615916955,-7.193603986511736,2.020318235993158,-10.213922222504895,3/9,-1.15801434804013
60,P,lr,ev,all,0.2,fixed_hold,2312,0.495242214532872,-3.3139078414770706,1.899564094948928,-6.213471936425997,4/9,-0.666716793318466
60,P,lr,ev,all,0.2,barrier,2312,0.486159169550173,-1.6466035762239009,1.899564094948928,-4.546167671172826,4/9,-0.8675136299283532
60,P,lr,ev,all,1.0,fixed_hold,11560,0.5557093425605536,1.2919741023936961,1.632340694904876,-1.3403665925111803,5/9,-0.6161544083190693
60,P,lr,ev,all,1.0,barrier,11560,0.5449826989619377,1.2049139238885678,1.632340694904876,-1.4274267710163084,4/9,-1.2882661127475186
60,F,gb,score,all,0.05,fixed_hold,578,0.5103806228373703,-2.429494148851812,1.8277828607050988,-5.257277009556911,6/9,-0.9044595834528989
60,F,gb,score,all,0.05,barrier,578,0.458477508650519,-1.2273549910463466,1.8277828607050988,-4.055137851751445,4/9,-0.9984635109412556
60,F,gb,score,all,0.1,fixed_hold,1156,0.5198961937716263,-3.180742705784475,1.8554692441625429,-6.0362119499470195,5/9,-1.0501685595266756
60,F,gb,score,all,0.1,barrier,1156,0.5086505190311419,0.24896928447332176,1.8554692441625429,-2.606499959689221,4/9,-0.6978749135509468
60,F,gb,score,all,0.2,fixed_hold,2312,0.5627162629757786,-0.6261119271547909,1.7733276047344182,-3.3994395318892097,6/9,-0.7117677238237984
60,F,gb,score,all,0.2,barrier,2312,0.5601211072664359,1.9774144715034783,1.7733276047344182,-0.7959131332309394,5/9,-0.3012985352182569
60,F,gb,score,all,1.0,fixed_hold,11560,0.5296712802768166,0.3069208872896759,1.632340694904876,-2.3254198076152006,1/9,-2.793643993826538
60,F,gb,score,all,1.0,barrier,11560,0.5268166089965398,0.5442686058003242,1.632340694904876,-2.0880720891045517,2/9,-2.922979045667666
60,F,gb,ev,all,0.05,fixed_hold,578,0.5380622837370242,-3.5666062469580866,2.1273686245443715,-6.693974871502457,4/9,-0.43805922888434956
60,F,gb,ev,all,0.05,barrier,578,0.5259515570934256,1.724060112260423,2.1273686245443715,-1.4033085122839488,3/9,-0.2291065155791709
60,F,gb,ev,all,0.1,fixed_hold,1156,0.5008650519031141,-4.037042209238973,2.028533769848676,-7.06557597908765,4/9,-0.8293896826408557
60,F,gb,ev,all,0.1,barrier,1156,0.5129757785467128,0.6541895249415612,2.028533769848676,-2.374344244907115,4/9,-0.5917287006520826
60,F,gb,ev,all,0.2,fixed_hold,2312,0.5164359861591695,-1.9554999301651208,1.938926798336817,-4.894426728501937,3/9,-1.3236275661891146
60,F,gb,ev,all,0.2,barrier,2312,0.5181660899653979,0.585071563573837,1.938926798336817,-2.353855234762981,3/9,-1.1017134734105876
60,F,gb,ev,all,1.0,fixed_hold,11560,0.5296712802768166,0.3069208872896759,1.632340694904876,-2.3254198076152006,1/9,-2.793643993826538
60,F,gb,ev,all,1.0,barrier,11560,0.5268166089965398,0.5442686058003242,1.632340694904876,-2.0880720891045517,2/9,-2.922979045667666
60,F,lr,score,all,0.05,fixed_hold,578,0.6124567474048442,20.940676833043607,1.9675435107832309,17.973133322260377,6/9,1.4547908497969015
60,F,lr,score,all,0.05,barrier,578,0.6089965397923875,9.28100764585561,1.9675435107832309,6.313464135072381,5/9,0.8735173395627256
60,F,lr,score,all,0.1,fixed_hold,1156,0.5960207612456747,13.689404587912275,1.8549208451315775,10.834483742780696,7/9,1.328820267720617
60,F,lr,score,all,0.1,barrier,1156,0.5891003460207612,5.901258252324552,1.8549208451315775,3.0463374071929725,6/9,0.5911589911791061
60,F,lr,score,all,0.2,fixed_hold,2312,0.6102941176470589,9.63914998612334,1.7410060132175231,6.898143972905816,7/9,1.3180559775561644
60,F,lr,score,all,0.2,barrier,2312,0.5999134948096886,4.2310888347107865,1.7410060132175231,1.4900828214932638,8/9,0.48853538738175156
60,F,lr,score,all,1.0,fixed_hold,11560,0.522318339100346,1.6007439384432205,1.632340694904876,-1.0315967564616557,2/9,-0.6535356003355683
60,F,lr,score,all,1.0,barrier,11560,0.5218858131487889,0.5061687751473611,1.632340694904876,-2.126171919757515,1/9,-2.5080351035729627
60,F,lr,ev,all,0.05,fixed_hold,578,0.5865051903114187,14.74358599639327,2.228451496517214,11.515134499876059,5/9,0.8492005070606844
60,F,lr,ev,all,0.05,barrier,578,0.5813148788927336,6.341562694638725,2.228451496517214,3.1131111981215116,5/9,0.3954687638339803
60,F,lr,ev,all,0.1,fixed_hold,1156,0.5674740484429066,10.41953006990951,2.024997468161828,7.394532601747682,5/9,0.965704612507888
60,F,lr,ev,all,0.1,barrier,1156,0.5648788927335641,4.240284669890065,2.024997468161828,1.2152872017282383,5/9,0.22597413988586404
60,F,lr,ev,all,0.2,fixed_hold,2312,0.5778546712802768,8.656965416472152,1.875517345567709,5.7814480709044425,6/9,1.309174044125262
60,F,lr,ev,all,0.2,barrier,2312,0.5653114186851211,3.44204919555728,1.875517345567709,0.5665318499895714,5/9,0.1692929359829963
60,F,lr,ev,all,1.0,fixed_hold,11560,0.522318339100346,1.6007439384432205,1.632340694904876,-1.0315967564616557,2/9,-0.6535356003355683
60,F,lr,ev,all,1.0,barrier,11560,0.5218858131487889,0.5061687751473611,1.632340694904876,-2.126171919757515,1/9,-2.5080351035729627
60,B,gb,score,all,0.05,fixed_hold,661,0.47049924357034795,-6.729950717641718,1.8027402984760723,-9.53269101611779,2/9,-2.417494239654643
60,B,gb,score,all,0.05,barrier,661,0.4826021180030257,-1.9991605743070062,1.8027402984760723,-4.801900872783078,2/9,-1.6977370187453085
60,B,gb,score,all,0.1,fixed_hold,1164,0.4888316151202749,-3.387634786772589,1.717531617971971,-6.105166404744559,2/9,-2.3162439035984423
60,B,gb,score,all,0.1,barrier,1164,0.506872852233677,-0.6465032693828195,1.717531617971971,-3.364034887354791,2/9,-1.5611072580690402
60,B,gb,score,all,0.2,fixed_hold,2313,0.5006485084306096,-1.411189576752785,1.6295612567229827,-4.040750833475768,3/9,-1.8888747174250373
60,B,gb,score,all,0.2,barrier,2313,0.5179420665801989,-0.09693808793381364,1.6295612567229827,-2.726499344656797,4/9,-1.4409550417573613
60,B,gb,score,all,1.0,fixed_hold,11560,0.5208477508650519,0.03073680263673378,1.632340694904876,-2.6016038922681424,1/9,-2.2538805893441576
60,B,gb,score,all,1.0,barrier,11560,0.5298442906574394,0.5267126578811793,1.632340694904876,-2.105628037023697,2/9,-2.051463776473602
60,B,gb,ev,all,0.05,fixed_hold,578,0.4186851211072664,-3.3944164022447967,1.7503892819733937,-6.144805684218188,3/9,-0.5204448002184834
60,B,gb,ev,all,0.05,barrier,578,0.4013840830449827,-3.4797425731533065,1.7503892819733937,-6.2301318551267,3/9,-0.5809436926244473
60,B,gb,ev,all,0.1,fixed_hold,1156,0.4264705882352941,-7.288155613259783,1.821279697576149,-10.10943531083593,3/9,-0.7740478882177096
60,B,gb,ev,all,0.1,barrier,1156,0.4126297577854671,-5.138893574586563,1.821279697576149,-7.96017327216271,2/9,-0.7480959444700599
60,B,gb,ev,all,0.2,fixed_hold,2312,0.4563148788927336,-7.6879492901501205,1.8899861868564969,-10.57793547700662,2/9,-1.2206502714421381
60,B,gb,ev,all,0.2,barrier,2312,0.4658304498269896,-2.813311631188117,1.8899861868564969,-5.703297818044614,2/9,-0.9815359868738086
60,B,gb,ev,all,1.0,fixed_hold,11560,0.5208477508650519,0.03073680263673378,1.632340694904876,-2.6016038922681424,1/9,-2.2538805893441576
60,B,gb,ev,all,1.0,barrier,11560,0.5298442906574394,0.5267126578811793,1.632340694904876,-2.105628037023697,2/9,-2.051463776473602
60,B,lr,score,all,0.05,fixed_hold,578,0.5346020761245674,1.5094091928348938,1.9094386762948163,-1.400029483459922,2/9,-0.3570578807750974
60,B,lr,score,all,0.05,barrier,578,0.5415224913494809,1.427240433208584,1.9094386762948163,-1.4821982430862317,4/9,-0.6342578626080583
60,B,lr,score,all,0.1,fixed_hold,1156,0.5017301038062284,-0.09196184563960087,1.9251528884479217,-3.017114734087523,2/9,-0.9260550281719595
60,B,lr,score,all,0.1,barrier,1156,0.513840830449827,-0.10423860187300656,1.9251528884479217,-3.029391490320928,3/9,-1.3744973455290317
60,B,lr,score,all,0.2,fixed_hold,2312,0.4852941176470588,-1.4960650839415885,1.830479290808499,-4.326544374750087,2/9,-1.3866655265890324
60,B,lr,score,all,0.2,barrier,2312,0.504757785467128,-0.6471540731972827,1.830479290808499,-3.477633364005781,2/9,-1.522503673911279
60,B,lr,score,all,1.0,fixed_hold,11560,0.5208477508650519,0.03073680263673378,1.632340694904876,-2.6016038922681424,1/9,-2.2538805893441576
60,B,lr,score,all,1.0,barrier,11560,0.5298442906574394,0.5267126578811793,1.632340694904876,-2.105628037023697,2/9,-2.051463776473602
60,B,lr,ev,all,0.05,fixed_hold,578,0.44809688581314877,-6.520577666781708,1.9274484559901381,-9.448026122771845,2/9,-1.2481694811403874
60,B,lr,ev,all,0.05,barrier,578,0.45501730103806226,-2.0541588110004416,1.9274484559901381,-4.981607266990581,3/9,-0.8818762771743865
60,B,lr,ev,all,0.1,fixed_hold,1156,0.48961937716262977,-3.884301168989213,1.819292025179445,-6.703593194168658,2/9,-1.283236650040411
60,B,lr,ev,all,0.1,barrier,1156,0.4826989619377163,-1.736408677534294,1.819292025179445,-4.5557007027137395,2/9,-1.262512659427076
60,B,lr,ev,all,0.2,fixed_hold,2312,0.5038927335640139,-1.7392444083232776,1.7796628944760124,-4.518907302799291,3/9,-1.4436616041105008
60,B,lr,ev,all,0.2,barrier,2312,0.5160034602076125,0.21029062552066885,1.7796628944760124,-2.5693722689553438,3/9,-1.0836488085833111
60,B,lr,ev,all,1.0,fixed_hold,11560,0.5208477508650519,0.03073680263673378,1.632340694904876,-2.6016038922681424,1/9,-2.2538805893441576
60,B,lr,ev,all,1.0,barrier,11560,0.5298442906574394,0.5267126578811793,1.632340694904876,-2.105628037023697,2/9,-2.051463776473602
60,L2,gb,score,all,0.05,fixed_hold,578,0.4740484429065744,-2.7686621786704024,2.191734164935163,-5.960396343605566,1/9,-1.3883204308052153
60,L2,gb,score,all,0.05,barrier,578,0.5155709342560554,0.7036582748054032,2.191734164935163,-2.488075890129761,1/9,-1.16208503662577
60,L2,gb,score,all,0.1,fixed_hold,1156,0.4852941176470588,-2.4552226796754457,2.0953146154985443,-5.5505372951739895,1/9,-1.5924785373599768
60,L2,gb,score,all,0.1,barrier,1156,0.5008650519031141,-0.08061901259496701,2.0953146154985443,-3.1759336280935107,1/9,-1.5577899617494064
60,L2,gb,score,all,0.2,fixed_hold,2312,0.5064878892733564,-1.2737514325825066,1.937509274813518,-4.211260707396025,1/9,-1.7219177968893145
60,L2,gb,score,all,0.2,barrier,2312,0.5211937716262975,0.42236072532543917,1.937509274813518,-2.5151485494880785,1/9,-1.6268532527807924
60,L2,gb,score,all,1.0,fixed_hold,11560,0.5188581314878893,0.3343306761862407,1.632340694904876,-2.298010018718635,1/9,-2.561672580038823
60,L2,gb,score,all,1.0,barrier,11560,0.5235294117647059,0.5898083929367143,1.632340694904876,-2.042532301968162,1/9,-2.806397200360304
60,L2,gb,ev,all,0.05,fixed_hold,578,0.44809688581314877,-8.418028060388494,2.3131659453728144,-11.731194005761308,3/9,-1.0477108399002606
60,L2,gb,ev,all,0.05,barrier,578,0.4619377162629758,-1.8229691941950001,2.3131659453728144,-5.136135139567815,2/9,-0.6814995697139744
60,L2,gb,ev,all,0.1,fixed_hold,1156,0.46539792387543255,-7.052172161477172,2.1826841464403595,-10.23485630791753,1/9,-1.3626580967237367
60,L2,gb,ev,all,0.1,barrier,1156,0.47231833910034604,-2.192761376509939,2.1826841464403595,-5.375445522950299,2/9,-1.0736670114241114
60,L2,gb,ev,all,0.2,fixed_hold,2312,0.4939446366782007,-3.255773732002713,2.0477696959592904,-6.303543427962004,1/9,-1.2923337137918494
60,L2,gb,ev,all,0.2,barrier,2312,0.4995674740484429,-0.5502087514708416,2.0477696959592904,-3.5979784474301315,2/9,-1.1128104583872778
60,L2,gb,ev,all,1.0,fixed_hold,11560,0.5188581314878893,0.3343306761862407,1.632340694904876,-2.298010018718635,1/9,-2.561672580038823
60,L2,gb,ev,all,1.0,barrier,11560,0.5235294117647059,0.5898083929367143,1.632340694904876,-2.042532301968162,1/9,-2.806397200360304
60,L2,lr,score,all,0.05,fixed_hold,578,0.444636678200692,-0.9808284004280304,1.7540137028114482,-3.7348421032394783,3/9,-1.4564022768014746
60,L2,lr,score,all,0.05,barrier,578,0.4532871972318339,-1.2997180885200499,1.7540137028114482,-4.053731791331498,2/9,-2.4434760569565968
60,L2,lr,score,all,0.1,fixed_hold,1156,0.4524221453287197,-1.62842471044055,1.636987106757252,-4.265411817197801,0/9,-3.867299540123156
60,L2,lr,score,all,0.1,barrier,1156,0.458477508650519,-1.366815740905474,1.636987106757252,-4.003802847662726,1/9,-3.6964729567341585
60,L2,lr,score,all,0.2,fixed_hold,2312,0.4718858131487889,-1.114134898873516,1.623158874712808,-3.737293773586324,0/9,-4.1399529193007565
60,L2,lr,score,all,0.2,barrier,2312,0.47231833910034604,-0.9227777096408041,1.623158874712808,-3.5459365843536124,1/9,-4.646864612542879
60,L2,lr,score,all,1.0,fixed_hold,11560,0.4943771626297578,-0.211643872739736,1.632340694904876,-2.8439845676446125,0/9,-9.91707858337979
60,L2,lr,score,all,1.0,barrier,11560,0.4958477508650519,-0.1494470982899526,1.632340694904876,-2.781787793194829,0/9,-9.863535135351531
60,L2,lr,ev,all,0.05,fixed_hold,578,0.47923875432525953,2.958257127042798,1.784103361601026,0.17415376544177003,2/9,0.03352747769980937
60,L2,lr,ev,all,0.05,barrier,578,0.49653979238754326,0.8702469923250356,1.784103361601026,-1.9138563692759902,2/9,-0.5041377673326303
60,L2,lr,ev,all,0.1,fixed_hold,1156,0.4870242214532872,2.60688218310409,1.820001359462371,-0.2131191763582799,3/9,-0.07699120785136611
60,L2,lr,ev,all,0.1,barrier,1156,0.4930795847750865,0.8581172108034701,1.820001359462371,-1.9618841486589003,2/9,-1.0447261601591715
60,L2,lr,ev,all,0.2,fixed_hold,2312,0.4736159169550173,0.486370601835751,1.8099058081110178,-2.3235352062752668,3/9,-1.4936101685676726
60,L2,lr,ev,all,0.2,barrier,2312,0.47794117647058826,-0.15431262171359347,1.8099058081110178,-2.9642184298246113,1/9,-2.1624730707977426
60,L2,lr,ev,all,1.0,fixed_hold,11560,0.4943771626297578,-0.211643872739736,1.632340694904876,-2.8439845676446125,0/9,-9.91707858337979
60,L2,lr,ev,all,1.0,barrier,11560,0.4958477508650519,-0.1494470982899526,1.632340694904876,-2.781787793194829,0/9,-9.863535135351531
60,PL2,gb,score,all,0.05,fixed_hold,582,0.5051546391752577,-5.903235395028205,1.482972710479825,-8.38620810550803,7/9,-0.8187997865931373
60,PL2,gb,score,all,0.05,barrier,582,0.5051546391752577,-5.015144031067872,1.482972710479825,-7.4981167415476975,6/9,-0.7584873476803315
60,PL2,gb,score,all,0.1,fixed_hold,1166,0.5291595197255574,-5.070357499879372,1.528817209340418,-7.599174709219788,5/9,-0.875577811390594
60,PL2,gb,score,all,0.1,barrier,1166,0.5394511149228131,-2.897169794284103,1.528817209340418,-5.4259870036245195,5/9,-0.7121984043216162
60,PL2,gb,score,all,0.2,fixed_hold,2312,0.5268166089965398,-4.025118090429258,1.5727712084887404,-6.597889298917998,5/9,-0.971788768451768
60,PL2,gb,score,all,0.2,barrier,2312,0.541955017301038,-1.059760082745691,1.5727712084887404,-3.6325312912344323,5/9,-0.6672037260540016
60,PL2,gb,score,all,1.0,fixed_hold,11560,0.5222318339100346,-1.0805262389389647,1.632340694904876,-3.7128669338438405,3/9,-1.4716341739563061
60,PL2,gb,score,all,1.0,barrier,11560,0.5246539792387543,0.5420117240632965,1.632340694904876,-2.0903289708415795,4/9,-1.42735587988752
60,PL2,gb,ev,all,0.05,fixed_hold,578,0.4186851211072664,-14.815797863929314,1.9826567293416648,-17.79845459327098,5/9,-0.9434871102853577
60,PL2,gb,ev,all,0.05,barrier,578,0.40657439446366783,-9.051875512297483,1.9826567293416648,-12.034532241639146,5/9,-0.8127619037388504
60,PL2,gb,ev,all,0.1,fixed_hold,1156,0.4083044982698962,-13.145346634655594,1.917241754839126,-16.06258838949472,2/9,-1.2687208847894618
60,PL2,gb,ev,all,0.1,barrier,1156,0.4117647058823529,-6.911201512449703,1.917241754839126,-9.82844326728883,1/9,-1.0493175427247234
60,PL2,gb,ev,all,0.2,fixed_hold,2312,0.46539792387543255,-6.753530969257431,1.8375805899088973,-9.591111559166327,2/9,-1.2673575794333725
60,PL2,gb,ev,all,0.2,barrier,2312,0.481401384083045,-2.023052751650601,1.8375805899088973,-4.860633341559499,2/9,-0.9879977847501344
60,PL2,gb,ev,all,1.0,fixed_hold,11560,0.5222318339100346,-1.0805262389389647,1.632340694904876,-3.7128669338438405,3/9,-1.4716341739563061
60,PL2,gb,ev,all,1.0,barrier,11560,0.5246539792387543,0.5420117240632965,1.632340694904876,-2.0903289708415795,4/9,-1.42735587988752
60,PL2,lr,score,all,0.05,fixed_hold,578,0.513840830449827,-0.5245068377295571,1.6502019237387513,-3.1747087614683083,3/9,-0.9926379168960544
60,PL2,lr,score,all,0.05,barrier,578,0.5121107266435986,-0.26781750346713634,1.6502019237387513,-2.918019427205887,2/9,-1.5122177660303642
60,PL2,lr,score,all,0.1,fixed_hold,1156,0.5155709342560554,-0.8580755774544347,1.6093798891962088,-3.4674554666506436,3/9,-1.5866610885883317
60,PL2,lr,score,all,0.1,barrier,1156,0.5121107266435986,-0.5079272563889282,1.6093798891962088,-3.117307145585137,2/9,-2.210977109056035
60,PL2,lr,score,all,0.2,fixed_hold,2312,0.5103806228373703,-0.08912733541718447,1.6034513946342823,-2.6925787300514665,3/9,-1.704881570866124
60,PL2,lr,score,all,0.2,barrier,2312,0.5151384083044983,0.06775947556586347,1.6034513946342823,-2.5356919190684186,2/9,-2.49488934985775
60,PL2,lr,score,all,1.0,fixed_hold,11560,0.5051903114186851,-0.13872413315365997,1.632340694904876,-2.7710648280585364,0/9,-4.192936904030516
60,PL2,lr,score,all,1.0,barrier,11560,0.5092560553633217,0.2532329844176435,1.632340694904876,-2.379107710487233,0/9,-4.784669891101797
60,PL2,lr,ev,all,0.05,fixed_hold,578,0.46539792387543255,-1.824823658207003,1.8792502146391223,-4.704073872846125,2/9,-1.4355691406847912
60,PL2,lr,ev,all,0.05,barrier,578,0.47058823529411764,-1.7941868953165938,1.8792502146391223,-4.6734371099557155,1/9,-1.745521983525072
60,PL2,lr,ev,all,0.1,fixed_hold,1156,0.47750865051903113,-1.3041790908014461,1.9024373537896353,-4.206616444591082,3/9,-1.1656496448927873
60,PL2,lr,ev,all,0.1,barrier,1156,0.47923875432525953,-1.3552934979020301,1.9024373537896353,-4.257730851691665,1/9,-1.7430873173724466
60,PL2,lr,ev,all,0.2,fixed_hold,2312,0.46929065743944637,-2.2192920376119227,1.8568334505189585,-5.076125488130882,2/9,-1.7425637597379613
60,PL2,lr,ev,all,0.2,barrier,2312,0.4801038062283737,-1.0723024667449452,1.8568334505189585,-3.929135917263904,0/9,-2.321039951024423
60,PL2,lr,ev,all,1.0,fixed_hold,11560,0.5051903114186851,-0.13872413315365997,1.632340694904876,-2.7710648280585364,0/9,-4.192936904030516
60,PL2,lr,ev,all,1.0,barrier,11560,0.5092560553633217,0.2532329844176435,1.632340694904876,-2.379107710487233,0/9,-4.784669891101797
60,ALL,gb,score,all,0.05,fixed_hold,582,0.6391752577319587,3.5200019162663776,1.524653234246669,0.9953486820197086,6/9,0.21662181512015066
60,ALL,gb,score,all,0.05,barrier,582,0.654639175257732,2.0601186322696345,1.524653234246669,-0.4645346019770334,4/9,-0.13557804735110476
60,ALL,gb,score,all,0.1,fixed_hold,1156,0.6089965397923875,1.3209874873239782,1.574916733433052,-1.2539292461090745,5/9,-0.172628436747373
60,ALL,gb,score,all,0.1,barrier,1156,0.610726643598616,0.0028955610872044794,1.574916733433052,-2.5720211723458473,5/9,-0.44146856240157845
60,ALL,gb,score,all,0.2,fixed_hold,2312,0.6267301038062284,2.622403989482865,1.5734363648387637,0.048967624644100274,6/9,0.00952561165023189
60,ALL,gb,score,all,0.2,barrier,2312,0.6141868512110726,1.437139313053988,1.5734363648387637,-1.1362970517847757,6/9,-0.27639245724921063
60,ALL,gb,score,all,1.0,fixed_hold,11560,0.5225778546712803,0.05389962901555028,1.632340694904876,-2.578441065889326,1/9,-2.1180712785619145
60,ALL,gb,score,all,1.0,barrier,11560,0.532439446366782,0.6331846622676549,1.632340694904876,-1.9991560326372215,2/9,-1.839025030545347
60,ALL,gb,ev,all,0.05,fixed_hold,578,0.4429065743944637,-15.213390636684963,1.9163752691296492,-18.12976590581461,2/9,-1.300900494359708
60,ALL,gb,ev,all,0.05,barrier,578,0.4100346020761246,-7.571683158001457,1.9163752691296492,-10.488058427131106,4/9,-1.137585254710261
60,ALL,gb,ev,pred_vol_high,0.05,fixed_hold,578,0.4429065743944637,-15.213390636684963,1.9163752691296492,-18.12976590581461,2/9,-1.300900494359708
60,ALL,gb,ev,pred_vol_high,0.05,barrier,578,0.4100346020761246,-7.571683158001457,1.9163752691296492,-10.488058427131106,4/9,-1.137585254710261
60,ALL,gb,ev,all,0.1,fixed_hold,1156,0.4731833910034602,-13.523584064130207,1.9485268727575584,-16.472110936887766,2/9,-1.4574442592413133
60,ALL,gb,ev,all,0.1,barrier,1156,0.4602076124567474,-4.484262777737087,1.9485268727575584,-7.432789650494645,2/9,-1.1719087534827453
60,ALL,gb,ev,pred_vol_high,0.1,fixed_hold,1156,0.4731833910034602,-13.523584064130207,1.9485268727575584,-16.472110936887766,2/9,-1.4574442592413133
60,ALL,gb,ev,pred_vol_high,0.1,barrier,1156,0.4602076124567474,-4.484262777737087,1.9485268727575584,-7.432789650494645,2/9,-1.1719087534827453
60,ALL,gb,ev,all,0.2,fixed_hold,2312,0.47923875432525953,-9.45211246810815,1.8401423536915535,-12.292254821799704,2/9,-1.6061191413013258
60,ALL,gb,ev,all,0.2,barrier,2312,0.4844290657439446,-3.4853374372043495,1.8401423536915535,-6.325479790895905,2/9,-1.3962997581082908
60,ALL,gb,ev,pred_vol_high,0.2,fixed_hold,2210,0.47828054298642536,-9.856836844132719,1.8401290729297455,-12.696965917062462,2/9,-1.5443077264594829
60,ALL,gb,ev,pred_vol_high,0.2,barrier,2210,0.48733031674208144,-3.2807435628370807,1.8401290729297455,-6.120872635766825,2/9,-1.2708969971868789
60,ALL,gb,ev,all,1.0,fixed_hold,11560,0.5225778546712803,0.05389962901555028,1.632340694904876,-2.578441065889326,1/9,-2.1180712785619145
60,ALL,gb,ev,all,1.0,barrier,11560,0.532439446366782,0.6331846622676549,1.632340694904876,-1.9991560326372215,2/9,-1.839025030545347
60,ALL,gb,ev,pred_vol_high,1.0,fixed_hold,5780,0.5105536332179931,-0.9366247138880659,1.8394150279466466,-3.776039741834712,1/9,-1.5971847804074915
60,ALL,gb,ev,pred_vol_high,1.0,barrier,5780,0.5290657439446367,0.6212569400020924,1.8394150279466466,-2.218158087944554,3/9,-1.1971440865569107
60,ALL,lr,score,all,0.05,fixed_hold,578,0.5640138408304498,1.0933430707425718,1.3691644220228651,-1.2758213512802934,4/9,-1.3928536396322029
60,ALL,lr,score,all,0.05,barrier,578,0.5692041522491349,1.5559992196006343,1.3691644220228651,-0.8131652024222306,3/9,-0.6820233253526679
60,ALL,lr,score,all,0.1,fixed_hold,1156,0.5337370242214533,-0.19873484419080736,1.3781658665335477,-2.5769007107243547,3/9,-1.6080459703499626
60,ALL,lr,score,all,0.1,barrier,1156,0.5423875432525952,0.11333988834115837,1.3781658665335477,-2.2648259781923894,3/9,-1.5970933377211718
60,ALL,lr,score,all,0.2,fixed_hold,2312,0.528114186851211,0.3549196187688201,1.501100135548525,-2.146180516779704,3/9,-1.1858283837387213
60,ALL,lr,score,all,0.2,barrier,2312,0.5263840830449827,-0.0753711581699667,1.501100135548525,-2.5764712937184915,3/9,-1.5575674299977067
60,ALL,lr,score,all,1.0,fixed_hold,11560,0.5214532871972318,0.5427568475758304,1.632340694904876,-2.0895838473290462,1/9,-2.6687049920038026
60,ALL,lr,score,all,1.0,barrier,11560,0.527681660899654,0.6565580092195048,1.632340694904876,-1.9757826856853715,0/9,-2.773295542347061
60,ALL,lr,ev,all,0.05,fixed_hold,578,0.4463667820069204,-7.245441334842134,1.6706057153726337,-9.91604705021477,1/9,-1.1321108498158698
60,ALL,lr,ev,all,0.05,barrier,578,0.4342560553633218,-3.7922532978453454,1.6706057153726337,-6.46285901321798,2/9,-1.030246608894164
60,ALL,lr,ev,pred_vol_high,0.05,fixed_hold,569,0.44639718804920914,-7.08315118381203,1.6737689374859883,-9.756920121298018,2/9,-1.088419610076922
60,ALL,lr,ev,pred_vol_high,0.05,barrier,569,0.43409490333919154,-3.6989696649529553,1.6737689374859883,-6.372738602438943,2/9,-0.9931030066093336
60,ALL,lr,ev,all,0.1,fixed_hold,1156,0.4826989619377163,-4.437833234676247,1.647947400324385,-7.0857806350006305,2/9,-1.190321761369909
60,ALL,lr,ev,all,0.1,barrier,1156,0.4835640138408305,-1.8946002605313355,1.647947400324385,-4.54254766085572,3/9,-1.1382681365173433
60,ALL,lr,ev,pred_vol_high,0.1,fixed_hold,1053,0.466286799620133,-5.096212658306739,1.6802561870608996,-7.7764688453676385,2/9,-1.1692076595979355
60,ALL,lr,ev,pred_vol_high,0.1,barrier,1053,0.47388414055080724,-2.033548075070211,1.6802561870608996,-4.71380426213111,3/9,-1.060233904184365
60,ALL,lr,ev,all,0.2,fixed_hold,2312,0.5064878892733564,-1.5536400075740164,1.6775019205615864,-4.231141928135604,3/9,-1.2232815356427496
60,ALL,lr,ev,all,0.2,barrier,2312,0.513840830449827,-0.020240977538296775,1.6775019205615864,-2.6977428980998837,5/9,-1.1387373536568912
60,ALL,lr,ev,pred_vol_high,0.2,fixed_hold,1853,0.4910955207771182,-2.645094977293669,1.7534938614579687,-5.398588838751638,1/9,-1.1871018930020418
60,ALL,lr,ev,pred_vol_high,0.2,barrier,1853,0.5072854830005397,-0.1712209250080217,1.7534938614579687,-2.924714786465989,4/9,-0.9721638360369205
60,ALL,lr,ev,all,1.0,fixed_hold,11560,0.5214532871972318,0.5427568475758304,1.632340694904876,-2.0895838473290462,1/9,-2.6687049920038026
60,ALL,lr,ev,all,1.0,barrier,11560,0.527681660899654,0.6565580092195048,1.632340694904876,-1.9757826856853715,0/9,-2.773295542347061
60,ALL,lr,ev,pred_vol_high,1.0,fixed_hold,5780,0.506401384083045,-0.2447494622535545,1.8394150279466466,-3.084164490200201,2/9,-1.613828579204761
60,ALL,lr,ev,pred_vol_high,1.0,barrier,5780,0.5217993079584775,0.5837760190612732,1.8394150279466466,-2.2556390088853737,3/9,-1.538528137616589
120,P,gb,score,all,0.05,fixed_hold,582,0.436426116838488,-2.3196874149602014,1.5309410774852639,-4.850628492445466,5/9,-0.5049045500937274
120,P,gb,score,all,0.05,barrier,582,0.5051546391752577,0.31581012737738023,1.5309410774852639,-2.2151309501078855,5/9,-0.17489898975900373
120,P,gb,score,all,0.1,fixed_hold,1156,0.4610726643598616,-4.218858035300027,1.6035078154652092,-6.8223658507652365,7/9,-0.5847066730046838
120,P,gb,score,all,0.1,barrier,1156,0.4826989619377163,-2.203001018557555,1.6035078154652092,-4.806508834022765,6/9,-0.3734383714634754
120,P,gb,score,all,0.2,fixed_hold,2309,0.4984841922910351,-4.5476214258907275,1.6203289372306475,-7.167950363121377,5/9,-0.7737778183720955
120,P,gb,score,all,0.2,barrier,2309,0.4820268514508445,-2.951809955195418,1.6203289372306475,-5.5721388924260635,4/9,-0.6998883706728685
120,P,gb,score,all,1.0,fixed_hold,11500,0.5145217391304348,-4.2603781510565355,1.6365918388712881,-6.896969989927824,3/9,-1.0937107401325108
120,P,gb,score,all,1.0,barrier,11500,0.5189565217391304,-0.4138662324966439,1.6365918388712881,-3.0504580713679323,4/9,-0.7446428309689995
120,P,gb,ev,all,0.05,fixed_hold,575,0.5373913043478261,6.032495057232697,1.9106000574570379,3.1218949997756624,5/9,0.1494311496137203
120,P,gb,ev,all,0.05,barrier,575,0.5565217391304348,3.3306229401550365,1.9106000574570379,0.42002288269799937,6/9,0.029638710139116776
120,P,gb,ev,all,0.1,fixed_hold,1150,0.3973913043478261,-16.289057887142466,1.8876767923700748,-19.176734679512535,4/9,-1.0111021720505193
120,P,gb,ev,all,0.1,barrier,1150,0.4391304347826087,-5.648728068221425,1.8876767923700748,-8.5364048605915,4/9,-0.6763287436375133
120,P,gb,ev,all,0.2,fixed_hold,2300,0.4282608695652174,-17.03863336730926,1.8408533662923463,-19.87948673360161,4/9,-1.307358581841419
120,P,gb,ev,all,0.2,barrier,2300,0.4582608695652174,-6.024058278419367,1.8408533662923463,-8.864911644711714,3/9,-0.8342065074075637
120,P,gb,ev,all,1.0,fixed_hold,11500,0.5145217391304348,-4.2603781510565355,1.6365918388712881,-6.896969989927824,3/9,-1.0937107401325108
120,P,gb,ev,all,1.0,barrier,11500,0.5189565217391304,-0.4138662324966439,1.6365918388712881,-3.0504580713679323,4/9,-0.7446428309689995
120,P,lr,score,all,0.05,fixed_hold,575,0.4226086956521739,-15.237070856857478,1.8398268377710174,-18.0768976946285,4/9,-0.7317405721438187
120,P,lr,score,all,0.05,barrier,575,0.44,-13.409354767411747,1.8398268377710174,-16.249181605182763,4/9,-1.0456892557284416
120,P,lr,score,all,0.1,fixed_hold,1150,0.4573913043478261,-11.104014457436774,1.778137046436675,-13.882151503873452,4/9,-0.7229792132915059
120,P,lr,score,all,0.1,barrier,1150,0.49391304347826087,-6.4521035543439815,1.778137046436675,-9.230240600780656,4/9,-0.8395218725398788
120,P,lr,score,all,0.2,fixed_hold,2300,0.5195652173913043,-8.312524943455038,1.714018175263487,-11.026543118718527,5/9,-0.7452261234317689
120,P,lr,score,all,0.2,barrier,2300,0.538695652173913,-2.4471444423330704,1.714018175263487,-5.161162617596559,5/9,-0.6265540233900125
120,P,lr,score,all,1.0,fixed_hold,11500,0.5485217391304348,-0.6965796299887639,1.6365918388712881,-3.3331714688600522,2/9,-0.619203872282013
120,P,lr,score,all,1.0,barrier,11500,0.5517391304347826,2.7118936417184107,1.6365918388712881,0.07530180284712175,5/9,0.02428393721643519
120,P,lr,ev,all,0.05,fixed_hold,575,0.3791304347826087,-28.51848044841875,2.109905627610245,-31.62838607602899,3/9,-0.8467801176357678
120,P,lr,ev,all,0.05,barrier,575,0.3617391304347826,-20.43929247022467,2.109905627610245,-23.549198097834918,2/9,-1.0407983455597927
120,P,lr,ev,all,0.1,fixed_hold,1150,0.44869565217391305,-17.53452531583224,2.031849381113952,-20.566374696946188,3/9,-0.823819384603811
120,P,lr,ev,all,0.1,barrier,1150,0.4191304347826087,-11.192871193509221,2.031849381113952,-14.224720574623175,3/9,-1.0372610172894685
120,P,lr,ev,all,0.2,fixed_hold,2300,0.5256521739130435,-9.911082551042064,1.9694137455885796,-12.880496296630644,4/9,-0.6737332534154835
120,P,lr,ev,all,0.2,barrier,2300,0.5204347826086957,-1.7582694602295574,1.9694137455885796,-4.727683205818139,4/9,-0.4726170214237807
120,P,lr,ev,all,1.0,fixed_hold,11500,0.5485217391304348,-0.6965796299887639,1.6365918388712881,-3.3331714688600522,2/9,-0.619203872282013
120,P,lr,ev,all,1.0,barrier,11500,0.5517391304347826,2.7118936417184107,1.6365918388712881,0.07530180284712175,5/9,0.02428393721643519
120,F,gb,score,all,0.05,fixed_hold,575,0.2817391304347826,-31.263958023339484,2.167936250230506,-34.43189427356999,3/9,-1.7657463724460394
120,F,gb,score,all,0.05,barrier,575,0.27652173913043476,-17.59328645064853,2.167936250230506,-20.76122270087904,3/9,-1.63896258380489
120,F,gb,score,all,0.1,fixed_hold,1151,0.43961772371850566,-11.424824419390507,1.9816753485274297,-14.406499767917936,4/9,-1.6051994369509972
120,F,gb,score,all,0.1,barrier,1151,0.4300608166811468,-6.65590740109643,1.9816753485274297,-9.637582749623858,4/9,-1.4468257864895067
120,F,gb,score,all,0.2,fixed_hold,2300,0.5117391304347826,-3.737956980586001,1.851249159473666,-6.589206140059664,3/9,-1.4525612787967583
120,F,gb,score,all,0.2,barrier,2300,0.5108695652173914,-1.1445554903619723,1.851249159473666,-3.9958046498356388,4/9,-0.98436368826507
120,F,gb,score,all,1.0,fixed_hold,11500,0.5316521739130434,0.3632355511463782,1.6365918388712881,-2.2733562877249103,2/9,-1.1466070802371857
120,F,gb,score,all,1.0,barrier,11500,0.5195652173913043,0.4265245776916421,1.6365918388712881,-2.2100672611796464,2/9,-1.3213332501432054
120,F,gb,ev,all,0.05,fixed_hold,575,0.3391304347826087,-29.742688508493003,2.208690163643632,-32.95137867213665,2/9,-1.8405705733377733
120,F,gb,ev,all,0.05,barrier,575,0.32869565217391306,-15.085702527540068,2.208690163643632,-18.2943926911837,2/9,-1.5757461781625963
120,F,gb,ev,all,0.1,fixed_hold,1150,0.4573913043478261,-10.50987268543791,2.074513721428956,-13.584386406866868,2/9,-1.575734653957383
120,F,gb,ev,all,0.1,barrier,1150,0.44956521739130434,-4.833747245952849,2.074513721428956,-7.908260967381804,4/9,-1.1356688684567313
120,F,gb,ev,all,0.2,fixed_hold,2300,0.5139130434782608,-5.846176640227757,1.9154674221590495,-8.761644062386805,4/9,-1.866020382212145
120,F,gb,ev,all,0.2,barrier,2300,0.5082608695652174,-1.5012269748323295,1.9154674221590495,-4.41669439699138,4/9,-0.9293044118071416
120,F,gb,ev,all,1.0,fixed_hold,11500,0.5316521739130434,0.3632355511463782,1.6365918388712881,-2.2733562877249103,2/9,-1.1466070802371857
120,F,gb,ev,all,1.0,barrier,11500,0.5195652173913043,0.4265245776916421,1.6365918388712881,-2.2100672611796464,2/9,-1.3213332501432054
120,F,lr,score,all,0.05,fixed_hold,575,0.5652173913043478,3.52339204840162,1.7346608553317897,0.7887311930698295,4/9,0.19557542296530958
120,F,lr,score,all,0.05,barrier,575,0.542608695652174,4.677350434212381,1.7346608553317897,1.942689578880591,5/9,0.3930989846916498
120,F,lr,score,all,0.1,fixed_hold,1150,0.5626086956521739,4.414034966662111,1.749917959832196,1.6641170068299167,4/9,0.4010370616636345
120,F,lr,score,all,0.1,barrier,1150,0.5295652173913044,2.34880409395449,1.749917959832196,-0.4011138658777062,6/9,-0.1156911983774071
120,F,lr,score,all,0.2,fixed_hold,2300,0.578695652173913,6.81923696016376,1.7007525967444526,4.118484363419308,4/9,1.1593050345704685
120,F,lr,score,all,0.2,barrier,2300,0.56,4.348163626383076,1.7007525967444526,1.6474110296386224,6/9,0.6207979298710896
120,F,lr,score,all,1.0,fixed_hold,11500,0.5403478260869565,2.2928982121059387,1.6365918388712881,-0.3436936267653487,5/9,-0.09875842374155525
120,F,lr,score,all,1.0,barrier,11500,0.5437391304347826,2.2564340655889663,1.6365918388712881,-0.38015777328232214,4/9,-0.19280366054075135
120,F,lr,ev,all,0.05,fixed_hold,575,0.6504347826086957,10.833285055022134,2.0294228479187746,7.803862207103358,3/9,1.2026728139628635
120,F,lr,ev,all,0.05,barrier,575,0.6643478260869565,13.583432849488865,2.0294228479187746,10.554010001570092,5/9,1.5329699610320229
120,F,lr,ev,all,0.1,fixed_hold,1150,0.6278260869565218,12.088373664181841,1.996904150977986,9.091469513203853,4/9,1.6202894123183067
120,F,lr,ev,all,0.1,barrier,1150,0.6304347826086957,11.645942397233263,1.996904150977986,8.649038246255275,5/9,1.2974152418836276
120,F,lr,ev,all,0.2,fixed_hold,2300,0.6139130434782609,11.588979284141388,1.9306843775443432,8.658294906597044,5/9,1.4814766739163103
120,F,lr,ev,all,0.2,barrier,2300,0.6008695652173913,8.709643896171936,1.9306843775443432,5.778959518627591,3/9,1.006675934939366
120,F,lr,ev,all,1.0,fixed_hold,11500,0.5403478260869565,2.2928982121059387,1.6365918388712881,-0.3436936267653487,5/9,-0.09875842374155525
120,F,lr,ev,all,1.0,barrier,11500,0.5437391304347826,2.2564340655889663,1.6365918388712881,-0.38015777328232214,4/9,-0.19280366054075135
120,B,gb,score,all,0.05,fixed_hold,808,0.556930693069307,0.01788512911773377,1.3365466185937143,-2.318661489475981,5/9,-0.6288048805980444
120,B,gb,score,all,0.05,barrier,808,0.5495049504950495,0.9752354433419389,1.3365466185937143,-1.3613111752517757,5/9,-0.4566876160091156
120,B,gb,score,all,0.1,fixed_hold,1161,0.5555555555555556,0.10936938263476181,1.3667126656654665,-2.2573432830307056,4/9,-0.7127039238989654
120,B,gb,score,all,0.1,barrier,1161,0.5452196382428941,0.5473813519695911,1.3667126656654665,-1.8193313136958753,5/9,-0.6128111981858795
120,B,gb,score,all,0.2,fixed_hold,2314,0.5388936905790839,-0.02453153004187186,1.419666004812072,-2.444197534853944,5/9,-0.7159548720878773
120,B,gb,score,all,0.2,barrier,2314,0.5337078651685393,0.05093783263484203,1.419666004812072,-2.3687281721772306,4/9,-0.7875622591883631
120,B,gb,score,all,1.0,fixed_hold,11500,0.5157391304347826,-0.06790187614701775,1.6365918388712881,-2.7044937150183066,2/9,-1.202563310848629
120,B,gb,score,all,1.0,barrier,11500,0.5092173913043478,-0.2647516120163497,1.6365918388712881,-2.9013434508876372,2/9,-1.1913743145894329
120,B,gb,ev,all,0.05,fixed_hold,575,0.43826086956521737,-6.339111942574907,1.8105236570967072,-9.149635599671612,3/9,-0.5435029660294347
120,B,gb,ev,all,0.05,barrier,575,0.41739130434782606,-9.267266488451895,1.8105236570967072,-12.0777901455486,3/9,-0.7161679067796869
120,B,gb,ev,all,0.1,fixed_hold,1150,0.45130434782608697,-8.020697634766558,1.9072898741848867,-10.927987508951443,4/9,-0.7688276723935902
120,B,gb,ev,all,0.1,barrier,1150,0.43478260869565216,-8.911859560204299,1.9072898741848867,-11.819149434389185,3/9,-0.9503987294469713
120,B,gb,ev,all,0.2,fixed_hold,2300,0.4682608695652174,-9.55314756582159,1.857089065535844,-12.41023663135743,3/9,-0.9457236589931022
120,B,gb,ev,all,0.2,barrier,2300,0.4517391304347826,-7.699199383541916,1.857089065535844,-10.556288449077762,2/9,-1.1439219427610057
120,B,gb,ev,all,1.0,fixed_hold,11500,0.5157391304347826,-0.06790187614701775,1.6365918388712881,-2.7044937150183066,2/9,-1.202563310848629
120,B,gb,ev,all,1.0,barrier,11500,0.5092173913043478,-0.2647516120163497,1.6365918388712881,-2.9013434508876372,2/9,-1.1913743145894329
120,B,lr,score,all,0.05,fixed_hold,575,0.5617391304347826,6.007277099269962,2.1213923336210168,2.885884765648945,2/9,0.29656755893663633
120,B,lr,score,all,0.05,barrier,575,0.551304347826087,3.7171279999788163,2.1213923336210168,0.5957356663577993,2/9,0.0714455844498297
120,B,lr,score,all,0.1,fixed_hold,1150,0.5452173913043479,3.5338483987898934,2.0275081333087788,0.5063402654811126,2/9,0.054753107731550434
120,B,lr,score,all,0.1,barrier,1150,0.5252173913043479,1.967390996491079,2.0275081333087788,-1.0601171368177,3/9,-0.13474780694456465
120,B,lr,score,all,0.2,fixed_hold,2300,0.5104347826086957,-2.2093509895093795,1.9223739913905455,-5.131724980899925,2/9,-0.6464491744421154
120,B,lr,score,all,0.2,barrier,2300,0.4956521739130435,-1.1585485401950677,1.9223739913905455,-4.080922531585614,3/9,-0.6091173215751576
120,B,lr,score,all,1.0,fixed_hold,11500,0.5157391304347826,-0.06790187614701775,1.6365918388712881,-2.7044937150183066,2/9,-1.202563310848629
120,B,lr,score,all,1.0,barrier,11500,0.5092173913043478,-0.2647516120163497,1.6365918388712881,-2.9013434508876372,2/9,-1.1913743145894329
120,B,lr,ev,all,0.05,fixed_hold,575,0.48695652173913045,-1.7917845349288088,2.123203240742441,-4.91498777567125,4/9,-0.762922860024163
120,B,lr,ev,all,0.05,barrier,575,0.4643478260869565,-2.268307831809741,2.123203240742441,-5.391511072552182,4/9,-0.8385580231504522
120,B,lr,ev,all,0.1,fixed_hold,1150,0.5452173913043479,4.952336584416104,2.072084251877412,1.8802523325386897,4/9,0.35479007422027903
120,B,lr,ev,all,0.1,barrier,1150,0.5356521739130434,2.361621744963735,2.072084251877412,-0.7104625069136771,5/9,-0.1416011489534573
120,B,lr,ev,all,0.2,fixed_hold,2300,0.49217391304347824,0.6579466474868498,1.9801824976585531,-2.3222358501717038,3/9,-0.9584769144237844
120,B,lr,ev,all,0.2,barrier,2300,0.4834782608695652,-0.4476835722792869,1.9801824976585531,-3.4278660699378403,2/9,-1.0165931604235814
120,B,lr,ev,all,1.0,fixed_hold,11500,0.5157391304347826,-0.06790187614701775,1.6365918388712881,-2.7044937150183066,2/9,-1.202563310848629
120,B,lr,ev,all,1.0,barrier,11500,0.5092173913043478,-0.2647516120163497,1.6365918388712881,-2.9013434508876372,2/9,-1.1913743145894329
120,L2,gb,score,all,0.05,fixed_hold,575,0.4643478260869565,-3.0803659079311743,1.6814899107225076,-5.7618558186536815,3/9,-1.226269901821422
120,L2,gb,score,all,0.05,barrier,575,0.4573913043478261,-2.8004125233523136,1.6814899107225076,-5.48190243407482,3/9,-1.807547465768993
120,L2,gb,score,all,0.1,fixed_hold,1150,0.4834782608695652,-2.81435107550861,1.6573375594884743,-5.4716886349970855,3/9,-1.6495954014791037
120,L2,gb,score,all,0.1,barrier,1150,0.47391304347826085,-2.4069460898549173,1.6573375594884743,-5.064283649343391,2/9,-2.4738935749958535
120,L2,gb,score,all,0.2,fixed_hold,2300,0.4891304347826087,-2.362272854510218,1.6443850433753284,-5.006657897885545,2/9,-2.0665813296190287
120,L2,gb,score,all,0.2,barrier,2300,0.4747826086956522,-1.7046674067414984,1.6443850433753284,-4.349052450116827,3/9,-2.114390925889371
120,L2,gb,score,all,1.0,fixed_hold,11500,0.5065217391304347,-0.684118014529644,1.6365918388712881,-3.3207098534009316,1/9,-2.926796067509778
120,L2,gb,score,all,1.0,barrier,11500,0.4937391304347826,-0.4851670347138472,1.6365918388712881,-3.1217588735851356,1/9,-2.886412713215933
120,L2,gb,ev,all,0.05,fixed_hold,575,0.4191304347826087,-12.356801994111068,1.838836518199086,-15.195638512310154,2/9,-1.688062385586971
120,L2,gb,ev,all,0.05,barrier,575,0.4260869565217391,-8.023276346436079,1.838836518199086,-10.862112864635165,3/9,-1.6680709030148795
120,L2,gb,ev,all,0.1,fixed_hold,1150,0.44173913043478263,-11.463272717209675,1.8176350265163155,-14.28090774372599,2/9,-1.9134058841070043
120,L2,gb,ev,all,0.1,barrier,1150,0.4443478260869565,-6.639490100085854,1.8176350265163155,-9.457125126602167,2/9,-1.716980754001911
120,L2,gb,ev,all,0.2,fixed_hold,2300,0.46695652173913044,-7.186409890718792,1.7890771430383956,-9.975487033757188,2/9,-2.2631323391745255
120,L2,gb,ev,all,0.2,barrier,2300,0.47130434782608693,-3.7055084491399075,1.7890771430383956,-6.494585592178302,3/9,-1.9473539577852659
120,L2,gb,ev,all,1.0,fixed_hold,11500,0.5065217391304347,-0.684118014529644,1.6365918388712881,-3.3207098534009316,1/9,-2.926796067509778
120,L2,gb,ev,all,1.0,barrier,11500,0.4937391304347826,-0.4851670347138472,1.6365918388712881,-3.1217588735851356,1/9,-2.886412713215933
120,L2,lr,score,all,0.05,fixed_hold,575,0.4469565217391304,-5.779268898656839,1.8882141061836606,-8.667483004840498,1/9,-1.8623431758688405
120,L2,lr,score,all,0.05,barrier,575,0.44869565217391305,-2.5326999708480837,1.8882141061836606,-5.420914077031745,2/9,-1.2667338089658104
120,L2,lr,score,all,0.1,fixed_hold,1150,0.4408695652173913,-5.519898836044816,1.7709720835139824,-8.290870919558795,1/9,-2.1618846292544736
120,L2,lr,score,all,0.1,barrier,1150,0.4547826086956522,-2.1597285179066734,1.7709720835139824,-4.930700601420654,2/9,-1.426212134603204
120,L2,lr,score,all,0.2,fixed_hold,2300,0.45869565217391306,-3.5050155596616746,1.760926052485181,-6.2659416121468565,2/9,-1.8618171094056792
120,L2,lr,score,all,0.2,barrier,2300,0.46869565217391307,-1.0407835776881311,1.760926052485181,-3.8017096301733124,3/9,-1.309997601593482
120,L2,lr,score,all,1.0,fixed_hold,11500,0.48339130434782607,-1.4338165609051376,1.6365918388712881,-4.070408399776427,1/9,-3.354923946852415
120,L2,lr,score,all,1.0,barrier,11500,0.4885217391304348,-0.4126566513356922,1.6365918388712881,-3.0492484902069803,2/9,-2.8247166414492546
120,L2,lr,ev,all,0.05,fixed_hold,575,0.4434782608695652,-6.57896203469409,1.952726274522027,-9.531688309216115,1/9,-1.4727545121087657
120,L2,lr,ev,all,0.05,barrier,575,0.45217391304347826,-1.898886862178012,1.952726274522027,-4.8516131367000375,1/9,-0.9007650235192651
120,L2,lr,ev,all,0.1,fixed_hold,1150,0.4791304347826087,-2.3448139302294653,1.8947501885210922,-5.239564118750558,1/9,-0.8321589285471946
120,L2,lr,ev,all,0.1,barrier,1150,0.4860869565217391,1.2047229204635044,1.8947501885210922,-1.6900272680575883,1/9,-0.3177672697603359
120,L2,lr,ev,all,0.2,fixed_hold,2300,0.4865217391304348,-0.9842611351725052,1.8638922004143184,-3.848153335586824,2/9,-0.8168978514459976
120,L2,lr,ev,all,0.2,barrier,2300,0.49434782608695654,0.9227228950206247,1.8638922004143184,-1.9411693053936934,1/9,-0.5398831742264394
120,L2,lr,ev,all,1.0,fixed_hold,11500,0.48339130434782607,-1.4338165609051376,1.6365918388712881,-4.070408399776427,1/9,-3.354923946852415
120,L2,lr,ev,all,1.0,barrier,11500,0.4885217391304348,-0.4126566513356922,1.6365918388712881,-3.0492484902069803,2/9,-2.8247166414492546
120,PL2,gb,score,all,0.05,fixed_hold,576,0.4288194444444444,-6.344327342917537,1.5518048209057622,-8.8961321638233,5/9,-0.6105965677246067
120,PL2,gb,score,all,0.05,barrier,576,0.4270833333333333,-7.117691153838526,1.5518048209057622,-9.669495974744288,5/9,-0.5928434043831622
120,PL2,gb,score,all,0.1,fixed_hold,1157,0.45375972342264476,-3.668187979737108,1.5902609649004407,-6.258448944637549,7/9,-0.4404825327087651
120,PL2,gb,score,all,0.1,barrier,1157,0.45030250648228176,-3.7521745389190486,1.5902609649004407,-6.342435503819489,6/9,-0.42629993926946663
120,PL2,gb,score,all,0.2,fixed_hold,2300,0.5208695652173913,-3.909303112433772,1.6044888952067446,-6.513792007640516,5/9,-0.6201483534038481
120,PL2,gb,score,all,0.2,barrier,2300,0.49826086956521737,-1.8771421726951587,1.6044888952067446,-4.481631067901902,4/9,-0.48625465123347567
120,PL2,gb,score,all,1.0,fixed_hold,11500,0.5197391304347826,-3.8324693119482696,1.6365918388712881,-6.469061150819558,3/9,-1.0821226073396577
120,PL2,gb,score,all,1.0,barrier,11500,0.5215652173913043,-0.15051124560117657,1.6365918388712881,-2.787103084472466,4/9,-0.7609569976093536
120,PL2,gb,ev,all,0.05,fixed_hold,575,0.5165217391304348,4.365621847716367,1.9196318815760507,1.4459899661403166,6/9,0.06059974222179136
120,PL2,gb,ev,all,0.05,barrier,575,0.5130434782608696,-0.5861590301878111,1.9196318815760507,-3.5057909117638637,7/9,-0.2214404735029622
120,PL2,gb,ev,all,0.1,fixed_hold,1150,0.3982608695652174,-18.530309552321988,1.9020635760807596,-21.432373128402748,4/9,-1.0149290754091094
120,PL2,gb,ev,all,0.1,barrier,1150,0.4356521739130435,-7.551788005979504,1.9020635760807596,-10.453851582060262,4/9,-0.7145858692902927
120,PL2,gb,ev,all,0.2,fixed_hold,2300,0.4256521739130435,-17.218000284984967,1.8442475783284435,-20.062247863313416,4/9,-1.2252164825318845
120,PL2,gb,ev,all,0.2,barrier,2300,0.4508695652173913,-6.338268899196228,1.8442475783284435,-9.18251647752467,3/9,-0.7948216770353035
120,PL2,gb,ev,all,1.0,fixed_hold,11500,0.5197391304347826,-3.8324693119482696,1.6365918388712881,-6.469061150819558,3/9,-1.0821226073396577
120,PL2,gb,ev,all,1.0,barrier,11500,0.5215652173913043,-0.15051124560117657,1.6365918388712881,-2.787103084472466,4/9,-0.7609569976093536
120,PL2,lr,score,all,0.05,fixed_hold,575,0.46956521739130436,-7.764186737512554,1.9646630025345893,-10.728849740047144,2/9,-1.6984250808949255
120,PL2,lr,score,all,0.05,barrier,575,0.4852173913043478,-1.1319583325916796,1.9646630025345893,-4.09662133512627,2/9,-0.9746391672371268
120,PL2,lr,score,all,0.1,fixed_hold,1150,0.5017391304347826,-6.066671885650559,1.8595966332711424,-8.926268518921699,1/9,-1.7377107746916531
120,PL2,lr,score,all,0.1,barrier,1150,0.5034782608695653,-0.8571520439603523,1.8595966332711424,-3.716748677231495,2/9,-1.1780623068791065
120,PL2,lr,score,all,0.2,fixed_hold,2300,0.48782608695652174,-5.277755920740066,1.766289611490385,-8.04404553223045,1/9,-1.8966927985299187
120,PL2,lr,score,all,0.2,barrier,2300,0.4960869565217391,-1.450551645327434,1.766289611490385,-4.216841256817819,1/9,-1.9876515644076396
120,PL2,lr,score,all,1.0,fixed_hold,11500,0.5006956521739131,-1.8903697414846956,1.6365918388712881,-4.526961580355983,1/9,-2.725258473976905
120,PL2,lr,score,all,1.0,barrier,11500,0.5042608695652174,-0.10566621998955389,1.6365918388712881,-2.7422580588608425,1/9,-2.952630565115427
120,PL2,lr,ev,all,0.05,fixed_hold,575,0.4608695652173913,-13.225758872645033,2.112529040956895,-16.33828791360193,2/9,-1.3982186482160979
120,PL2,lr,ev,all,0.05,barrier,575,0.4747826086956522,-4.594581803970461,2.112529040956895,-7.707110844927355,1/9,-1.2245125526368417
120,PL2,lr,ev,all,0.1,fixed_hold,1150,0.4826086956521739,-8.265388400197685,1.9833583922569344,-11.248746792454618,3/9,-1.838128220165956
120,PL2,lr,ev,all,0.1,barrier,1150,0.49478260869565216,-2.1559192945951695,1.9833583922569344,-5.139277686852104,2/9,-1.8862256343326345
120,PL2,lr,ev,all,0.2,fixed_hold,2300,0.4930434782608696,-4.750913262017187,1.8927487099758964,-7.643661971993084,1/9,-2.0756425569262222
120,PL2,lr,ev,all,0.2,barrier,2300,0.5078260869565218,-0.8587324024048848,1.8927487099758964,-3.751481112380782,2/9,-2.1186008864195274
120,PL2,lr,ev,all,1.0,fixed_hold,11500,0.5006956521739131,-1.8903697414846956,1.6365918388712881,-4.526961580355983,1/9,-2.725258473976905
120,PL2,lr,ev,all,1.0,barrier,11500,0.5042608695652174,-0.10566621998955389,1.6365918388712881,-2.7422580588608425,1/9,-2.952630565115427
120,ALL,gb,score,all,0.05,fixed_hold,580,0.603448275862069,2.0478376600314308,1.6160528319965608,-0.5682151719651286,5/9,-0.06284039223464943
120,ALL,gb,score,all,0.05,barrier,580,0.6482758620689655,5.568179193330793,1.6160528319965608,2.952126361334233,6/9,0.2787105331102043
120,ALL,gb,score,all,0.1,fixed_hold,1166,0.6080617495711835,2.8385968584537067,1.6304558889741037,0.20814096947960045,6/9,0.02219019923613248
120,ALL,gb,score,all,0.1,barrier,1166,0.6012006861063465,2.2069143726101634,1.6304558889741037,-0.4235415163639387,6/9,-0.038803110979532346
120,ALL,gb,score,all,0.2,fixed_hold,2306,0.627059843885516,4.25841888362434,1.6299957561970944,1.6284231274272438,5/9,0.1885829165274587
120,ALL,gb,score,all,0.2,barrier,2306,0.6348655680832611,4.676326734190424,1.6299957561970944,2.04633097799333,7/9,0.24471543891898337
120,ALL,gb,score,all,1.0,fixed_hold,11500,0.5175652173913043,-0.027337230559956956,1.6365918388712881,-2.663929069431246,2/9,-1.1806307859691203
120,ALL,gb,score,all,1.0,barrier,11500,0.5073913043478261,-0.3468883287563372,1.6365918388712881,-2.983480167627625,2/9,-1.2386664976159873
120,ALL,gb,ev,all,0.05,fixed_hold,575,0.38608695652173913,-28.05133355005265,2.029317084975599,-31.08065063502825,2/9,-1.301462119899748
120,ALL,gb,ev,all,0.05,barrier,575,0.38782608695652177,-14.681373160513736,2.029317084975599,-17.71069024548934,2/9,-1.092927497724873
120,ALL,gb,ev,pred_vol_high,0.05,fixed_hold,575,0.38608695652173913,-28.05133355005265,2.029317084975599,-31.08065063502825,2/9,-1.301462119899748
120,ALL,gb,ev,pred_vol_high,0.05,barrier,575,0.38782608695652177,-14.681373160513736,2.029317084975599,-17.71069024548934,2/9,-1.092927497724873
120,ALL,gb,ev,all,0.1,fixed_hold,1150,0.4678260869565217,-14.337535653316555,1.8695387263953638,-17.207074379711923,2/9,-0.8641716158984599
120,ALL,gb,ev,all,0.1,barrier,1150,0.5052173913043478,-3.490505800328754,1.8695387263953638,-6.36004452672412,3/9,-0.4555388388410998
120,ALL,gb,ev,pred_vol_high,0.1,fixed_hold,1148,0.46689895470383275,-14.40724408973463,1.870937332778456,-17.27818142251309,2/9,-0.8662890260177823
120,ALL,gb,ev,pred_vol_high,0.1,barrier,1148,0.5043554006968641,-3.535074881027,1.870937332778456,-6.406012213805453,3/9,-0.45820054557363243
120,ALL,gb,ev,all,0.2,fixed_hold,2300,0.4608695652173913,-13.046384665892194,1.8136021902654744,-15.85998685615767,1/9,-1.3711379205695662
120,ALL,gb,ev,all,0.2,barrier,2300,0.49826086956521737,-4.491132288958652,1.8136021902654744,-7.304734479224125,2/9,-0.7818790545481082
120,ALL,gb,ev,pred_vol_high,0.2,fixed_hold,2137,0.4468881609733271,-15.734562396465384,1.815511193730146,-18.550073590195527,2/9,-1.4714946994975757
120,ALL,gb,ev,pred_vol_high,0.2,barrier,2137,0.48713149274684137,-5.117397456272829,1.815511193730146,-7.932908650002976,3/9,-0.791946275192106
120,ALL,gb,ev,all,1.0,fixed_hold,11500,0.5175652173913043,-0.027337230559956956,1.6365918388712881,-2.663929069431246,2/9,-1.1806307859691203
120,ALL,gb,ev,all,1.0,barrier,11500,0.5073913043478261,-0.3468883287563372,1.6365918388712881,-2.983480167627625,2/9,-1.2386664976159873
120,ALL,gb,ev,pred_vol_high,1.0,fixed_hold,5751,0.5051295426882282,-3.6127036475693193,1.8466022820457573,-6.459305929615078,1/9,-1.4985771417974376
120,ALL,gb,ev,pred_vol_high,1.0,barrier,5751,0.5256477134411407,-0.4467741594241689,1.8466022820457573,-3.293376441469926,2/9,-0.8905877762095757
120,ALL,lr,score,all,0.05,fixed_hold,575,0.5269565217391304,-0.43167363635928824,1.3067614396879321,-2.7384350760472196,1/9,-1.3521449688483325
120,ALL,lr,score,all,0.05,barrier,575,0.5217391304347826,0.5795400543306963,1.3067614396879321,-1.7272213853572356,4/9,-0.7210565142540214
120,ALL,lr,score,all,0.1,fixed_hold,1150,0.5321739130434783,-0.8890826432631025,1.3847851120295176,-3.2738677552926205,1/9,-1.3010188234636655
120,ALL,lr,score,all,0.1,barrier,1150,0.5130434782608696,-0.1624110359856094,1.3847851120295176,-2.5471961480151273,3/9,-0.9627537147007739
120,ALL,lr,score,all,0.2,fixed_hold,2300,0.5365217391304348,-0.5512484382293559,1.4163032840119874,-2.967551722241343,2/9,-1.615440895366563
120,ALL,lr,score,all,0.2,barrier,2300,0.5191304347826087,0.2936305464105136,1.4163032840119874,-2.1226727376014733,3/9,-1.0235848860328165
120,ALL,lr,score,all,1.0,fixed_hold,11500,0.5193913043478261,-0.18858375506708927,1.6365918388712881,-2.825175593938377,2/9,-1.4923009452971956
120,ALL,lr,score,all,1.0,barrier,11500,0.5094782608695653,-0.21272812917272937,1.6365918388712881,-2.849319968044018,2/9,-1.4296922352487866
120,ALL,lr,ev,all,0.05,fixed_hold,575,0.44869565217391305,-17.350566926369368,1.8669875368426059,-20.21755446321197,2/9,-0.9915862813938137
120,ALL,lr,ev,all,0.05,barrier,575,0.42782608695652175,-9.716566644857288,1.8669875368426059,-12.583554181699894,1/9,-1.1145690225885168
120,ALL,lr,ev,pred_vol_high,0.05,fixed_hold,575,0.44869565217391305,-17.350566926369368,1.8669875368426059,-20.21755446321197,2/9,-0.9915862813938137
120,ALL,lr,ev,pred_vol_high,0.05,barrier,575,0.42782608695652175,-9.716566644857288,1.8669875368426059,-12.583554181699894,1/9,-1.1145690225885168
120,ALL,lr,ev,all,0.1,fixed_hold,1150,0.46260869565217394,-13.42518073774301,1.8509881370045531,-16.27616887474756,1/9,-1.3798670724598503
120,ALL,lr,ev,all,0.1,barrier,1150,0.45304347826086955,-7.595043642962929,1.8509881370045531,-10.446031779967482,1/9,-1.3991020273454657
120,ALL,lr,ev,pred_vol_high,0.1,fixed_hold,1142,0.46234676007005254,-13.489135334715037,1.852615441868553,-16.34175077658359,1/9,-1.3746179818050503
120,ALL,lr,ev,pred_vol_high,0.1,barrier,1142,0.45271453590192645,-7.5699118169363535,1.852615441868553,-10.422527258804907,1/9,-1.3939782298845025
120,ALL,lr,ev,all,0.2,fixed_hold,2300,0.51,-6.17395771106994,1.8182065780059187,-8.992164289075859,1/9,-1.4251202025903087
120,ALL,lr,ev,all,0.2,barrier,2300,0.5143478260869565,-1.9663557415579065,1.8182065780059187,-4.784562319563826,3/9,-1.0242169963452459
120,ALL,lr,ev,pred_vol_high,0.2,fixed_hold,2122,0.49952874646559847,-7.567096832601216,1.8512940468207044,-10.418390879421922,1/9,-1.5077186543001067
120,ALL,lr,ev,pred_vol_high,0.2,barrier,2122,0.5103675777568332,-2.376569857062768,1.8512940468207044,-5.227863903883472,2/9,-1.0816685715960732
120,ALL,lr,ev,all,1.0,fixed_hold,11500,0.5193913043478261,-0.18858375506708927,1.6365918388712881,-2.825175593938377,2/9,-1.4923009452971956
120,ALL,lr,ev,all,1.0,barrier,11500,0.5094782608695653,-0.21272812917272937,1.6365918388712881,-2.849319968044018,2/9,-1.4296922352487866
120,ALL,lr,ev,pred_vol_high,1.0,fixed_hold,5751,0.5053034254912189,-3.5249965735263378,1.8466022820457573,-6.3715988555720955,1/9,-1.651632042366561
120,ALL,lr,ev,pred_vol_high,1.0,barrier,5751,0.5244305338202052,-0.3275678055888254,1.8466022820457573,-3.174170087634584,3/9,-0.9847370431295616
240,P,gb,score,all,0.05,fixed_hold,570,0.3473684210526316,-8.6098196184066,1.604765252491553,-11.214584870898156,4/9,-0.5884191870589585
240,P,gb,score,all,0.05,barrier,570,0.3929824561403509,-3.7398007666793665,1.604765252491553,-6.3445660191709194,4/9,-0.49760419610044576
240,P,gb,score,all,0.1,fixed_hold,1138,0.515817223198594,-0.8856886390501206,1.601578401824269,-3.4872670408743915,5/9,-0.2964047928716891
240,P,gb,score,all,0.1,barrier,1138,0.5096660808435852,-1.8391841314439648,1.601578401824269,-4.440762533268235,4/9,-0.46248631730020745
240,P,gb,score,all,0.2,fixed_hold,2287,0.5548753825972891,-2.8933759977848568,1.6056732526983502,-5.499049250483208,5/9,-0.7259217843366181
240,P,gb,score,all,0.2,barrier,2287,0.5330126803672934,-1.3256817003888897,1.6056732526983502,-3.9313549530872387,4/9,-0.9046707347416423
240,P,gb,score,all,1.0,fixed_hold,11380,0.5173989455184534,-6.651863985723251,1.642985816570392,-9.294849802293646,5/9,-1.0576416375811424
240,P,gb,score,all,1.0,barrier,11380,0.5306678383128295,0.41530136046374583,1.642985816570392,-2.2276844561066467,5/9,-0.5307229482651058
240,P,gb,ev,all,0.05,fixed_hold,569,0.3374340949033392,-35.32891013878496,1.7067606533630064,-38.03567079214796,2/9,-1.6616981476233887
240,P,gb,ev,all,0.05,barrier,569,0.1687170474516696,-43.57300039666078,1.7067606533630064,-46.27976105002379,1/9,-2.63617736407263
240,P,gb,ev,all,0.1,fixed_hold,1138,0.3954305799648506,-26.868396102411193,1.6539916941643633,-29.52238779657556,2/9,-1.5123443331199895
240,P,gb,ev,all,0.1,barrier,1138,0.30667838312829526,-25.588664437121626,1.6539916941643633,-28.24265613128599,1/9,-3.663959310625338
240,P,gb,ev,all,0.2,fixed_hold,2276,0.531634446397188,-8.406680012025035,1.7413428891841867,-11.148022901209222,2/9,-0.7726506919017009
240,P,gb,ev,all,0.2,barrier,2276,0.47363796133567665,-7.139881570941772,1.7413428891841867,-9.881224460125956,2/9,-1.3044539222039413
240,P,gb,ev,all,1.0,fixed_hold,11380,0.5173989455184534,-6.651863985723251,1.642985816570392,-9.294849802293646,5/9,-1.0576416375811424
240,P,gb,ev,all,1.0,barrier,11380,0.5306678383128295,0.41530136046374583,1.642985816570392,-2.2276844561066467,5/9,-0.5307229482651058
240,P,lr,score,all,0.05,fixed_hold,569,0.4850615114235501,-0.3303194501486613,1.790094832878018,-3.1204142830266792,5/9,-0.14373465670784652
240,P,lr,score,all,0.05,barrier,569,0.46572934973637964,-5.584728044375726,1.790094832878018,-8.374822877253745,5/9,-0.6690427460188847
240,P,lr,score,all,0.1,fixed_hold,1138,0.42618629173989453,-7.74038509066227,1.7424930845632582,-10.482878175225533,5/9,-0.49067717313553844
240,P,lr,score,all,0.1,barrier,1138,0.39718804920913886,-10.725461775325336,1.7424930845632582,-13.467954859888593,3/9,-1.060686327919727
240,P,lr,score,all,0.2,fixed_hold,2276,0.42926186291739893,-9.918775533665995,1.708807692013409,-12.627583225679405,2/9,-0.609090404342768
240,P,lr,score,all,0.2,barrier,2276,0.4147627416520211,-8.88085886702479,1.708807692013409,-11.5896665590382,2/9,-0.9332372692937044
240,P,lr,score,all,1.0,fixed_hold,11380,0.5355008787346222,-1.4917410300290461,1.642985816570392,-4.13472684659944,5/9,-0.3787239679038423
240,P,lr,score,all,1.0,barrier,11380,0.5290861159929702,2.757122485637401,1.642985816570392,0.1141366690670079,3/9,0.017528963811488316
240,P,lr,ev,all,0.05,fixed_hold,569,0.4780316344463972,-19.754503908418325,2.1716181548994027,-22.926122063317724,3/9,-0.4707754838806049
240,P,lr,ev,all,0.05,barrier,569,0.46572934973637964,-15.75185402193942,2.1716181548994027,-18.92347217683882,2/9,-0.6289444408576244
240,P,lr,ev,all,0.1,fixed_hold,1138,0.5518453427065027,-10.213230877066678,2.1063428970885347,-13.319573774155213,4/9,-0.3276791590062904
240,P,lr,ev,all,0.1,barrier,1138,0.5307557117750439,-4.60965898446604,2.1063428970885347,-7.716001881554577,4/9,-0.3013733019714892
240,P,lr,ev,all,0.2,fixed_hold,2276,0.5891915641476274,-3.41329331550877,1.988192455360263,-6.4014857708690345,4/9,-0.21996796750408848
240,P,lr,ev,all,0.2,barrier,2276,0.5746924428822495,3.1380850416717743,1.988192455360263,0.14989258631150817,4/9,0.007796640453985365
240,P,lr,ev,all,1.0,fixed_hold,11380,0.5355008787346222,-1.4917410300290461,1.642985816570392,-4.13472684659944,5/9,-0.3787239679038423
240,P,lr,ev,all,1.0,barrier,11380,0.5290861159929702,2.757122485637401,1.642985816570392,0.1141366690670079,3/9,0.017528963811488316
240,F,gb,score,all,0.05,fixed_hold,569,0.4956063268892794,-1.9472086235525603,1.833619405977752,-4.780828029530312,4/9,-0.33933183467217615
240,F,gb,score,all,0.05,barrier,569,0.5149384885764499,-8.540136264403055,1.833619405977752,-11.373755670380806,3/9,-1.1544130081583912
240,F,gb,score,all,0.1,fixed_hold,1138,0.5404217926186292,6.431261940414766,1.6886904664137847,3.7425714740009814,6/9,0.3699691048968146
240,F,gb,score,all,0.1,barrier,1138,0.5571177504393673,-1.499587831340714,1.6886904664137847,-4.1882782977545,4/9,-0.6287084703484207
240,F,gb,score,all,0.2,fixed_hold,2276,0.5166959578207382,5.425438368865571,1.6216177106427332,2.8038206582228336,5/9,0.331958483458302
240,F,gb,score,all,0.2,barrier,2276,0.5377855887521968,-0.5915005351819096,1.6216177106427332,-3.2131182458246417,4/9,-0.567144104832054
240,F,gb,score,all,1.0,fixed_hold,11380,0.5040421792618629,4.938483153121801,1.642985816570392,2.2954973365514095,4/9,0.5788089414554927
240,F,gb,score,all,1.0,barrier,11380,0.5085237258347979,-0.07321514594468313,1.642985816570392,-2.716200962515075,3/9,-1.346173002286497
240,F,gb,ev,all,0.05,fixed_hold,569,0.35500878734622143,-27.733295583619544,2.1961134419461867,-30.92940902556574,3/9,-1.8445433774540296
240,F,gb,ev,all,0.05,barrier,569,0.37258347978910367,-18.806939576357987,2.1961134419461867,-22.00305301830417,4/9,-1.1760655785605953
240,F,gb,ev,all,0.1,fixed_hold,1138,0.4384885764499121,-7.418955387286199,2.0068776655655443,-10.425833052851745,3/9,-1.2264780142197547
240,F,gb,ev,all,0.1,barrier,1138,0.45166959578207383,-9.158787883988664,2.0068776655655443,-12.165665549554209,3/9,-1.2111058287038663
240,F,gb,ev,all,0.2,fixed_hold,2276,0.45518453427065025,-2.843443764509081,1.8835520072315526,-5.726995771740632,3/9,-0.9748770106680229
240,F,gb,ev,all,0.2,barrier,2276,0.4727592267135325,-4.849471383480468,1.8835520072315526,-7.733023390712021,3/9,-1.4259714340090721
240,F,gb,ev,all,1.0,fixed_hold,11380,0.5040421792618629,4.938483153121801,1.642985816570392,2.2954973365514095,4/9,0.5788089414554927
240,F,gb,ev,all,1.0,barrier,11380,0.5085237258347979,-0.07321514594468313,1.642985816570392,-2.716200962515075,3/9,-1.346173002286497
240,F,lr,score,all,0.05,fixed_hold,569,0.6028119507908611,18.887877966279675,1.8180854364071646,16.069792529872508,6/9,1.2077771885449438
240,F,lr,score,all,0.05,barrier,569,0.6115992970123023,12.689545137801296,1.8180854364071646,9.87145970139413,6/9,0.7814470273352028
240,F,lr,score,all,0.1,fixed_hold,1138,0.6089630931458699,18.167471917870603,1.7672906064076939,15.40018131146291,4/9,1.5198319521507087
240,F,lr,score,all,0.1,barrier,1138,0.6230228471001757,13.709113597509317,1.7672906064076939,10.94182299110162,5/9,1.2065539790244177
240,F,lr,score,all,0.2,fixed_hold,2276,0.570298769771529,13.116142203167803,1.6707735855196457,10.445368617648159,5/9,1.6208524740789243
240,F,lr,score,all,0.2,barrier,2276,0.5847978910369068,9.657976099749945,1.6707735855196457,6.987202514230302,5/9,1.2555169221384355
240,F,lr,score,all,1.0,fixed_hold,11380,0.5166959578207382,2.5303544356788006,1.642985816570392,-0.11263138089159228,4/9,-0.047424095780167236
240,F,lr,score,all,1.0,barrier,11380,0.5288224956063269,3.1288795539389724,1.642985816570392,0.4858937373685806,4/9,0.4000855428216978
240,F,lr,ev,all,0.05,fixed_hold,569,0.6045694200351494,22.52832817263013,2.123114070543891,19.405214102086237,4/9,1.2140909027682474
240,F,lr,ev,all,0.05,barrier,569,0.6414762741652021,19.49847184607708,2.123114070543891,16.375357775533185,5/9,0.9307272912088939
240,F,lr,ev,all,0.1,fixed_hold,1138,0.5887521968365553,19.61529735304671,2.003612693896838,16.61168465914987,4/9,1.272346613335756
240,F,lr,ev,all,0.1,barrier,1138,0.6265377855887522,19.011133268338273,2.003612693896838,16.007520574441436,5/9,1.2511573168367442
240,F,lr,ev,all,0.2,fixed_hold,2276,0.5333919156414763,8.508883266637234,1.8767758573371442,5.632107409300092,3/9,0.8044817862853668
240,F,lr,ev,all,0.2,barrier,2276,0.554920913884007,9.166656302095381,1.8767758573371442,6.289880444758238,4/9,0.9171301391197101
240,F,lr,ev,all,1.0,fixed_hold,11380,0.5166959578207382,2.5303544356788006,1.642985816570392,-0.11263138089159228,4/9,-0.047424095780167236
240,F,lr,ev,all,1.0,barrier,11380,0.5288224956063269,3.1288795539389724,1.642985816570392,0.4858937373685806,4/9,0.4000855428216978
240,B,gb,score,all,0.05,fixed_hold,582,0.48281786941580757,2.278416687013196,1.8539223844307187,-0.5755056974175223,3/9,-0.0747318881458666
240,B,gb,score,all,0.05,barrier,582,0.45532646048109965,1.9652440728141456,1.8539223844307187,-0.8886783116165722,5/9,-0.232978553395609
240,B,gb,score,all,0.1,fixed_hold,1167,0.4961439588688946,0.04184274827244718,1.8460111205457843,-2.8041683722733355,4/9,-0.45115019476330315
240,B,gb,score,all,0.1,barrier,1167,0.4832904884318766,1.5273075916704537,1.8460111205457843,-1.3187035288753293,4/9,-0.46945085833391687
240,B,gb,score,all,0.2,fixed_hold,2518,0.5047656870532169,-0.2825778854427756,1.751252048564722,-3.0338299340074983,4/9,-0.5090082374247353
240,B,gb,score,all,0.2,barrier,2518,0.5051628276409849,1.8579855230901277,1.751252048564722,-0.8932665254745956,3/9,-0.2741699908238079
240,B,gb,score,all,1.0,fixed_hold,11380,0.5315465729349736,0.020136234182984436,1.642985816570392,-2.6228495823874067,3/9,-0.5445110732206565
240,B,gb,score,all,1.0,barrier,11380,0.5390158172231986,1.1858851239296613,1.642985816570392,-1.4571006926407304,3/9,-0.33108723783899235
240,B,gb,ev,all,0.05,fixed_hold,569,0.40421792618629176,-31.131130408378635,1.804983900344812,-33.93611430872345,2/9,-1.271028549245354
240,B,gb,ev,all,0.05,barrier,569,0.4147627416520211,-18.544470733267786,1.804983900344812,-21.349454633612595,3/9,-0.8872710932271831
240,B,gb,ev,all,0.1,fixed_hold,1138,0.44112478031634444,-25.468448277955503,1.901577861214216,-28.370026139169724,3/9,-1.1830096414975917
240,B,gb,ev,all,0.1,barrier,1138,0.4428822495606327,-14.052488342023059,1.901577861214216,-16.95406620323728,3/9,-0.9057029298652807
240,B,gb,ev,all,0.2,fixed_hold,2276,0.4951669595782074,-14.93936357739059,1.8263076695610163,-17.7656712469516,2/9,-1.1035968804535514
240,B,gb,ev,all,0.2,barrier,2276,0.4789103690685413,-10.441584381779881,1.8263076695610163,-13.2678920513409,2/9,-1.0534365599998092
240,B,gb,ev,all,1.0,fixed_hold,11380,0.5315465729349736,0.020136234182984436,1.642985816570392,-2.6228495823874067,3/9,-0.5445110732206565
240,B,gb,ev,all,1.0,barrier,11380,0.5390158172231986,1.1858851239296613,1.642985816570392,-1.4571006926407304,3/9,-0.33108723783899235
240,B,lr,score,all,0.05,fixed_hold,569,0.5852372583479789,2.794388948275159,2.0770857809547456,-0.28269683267958323,4/9,-0.021057902788631577
240,B,lr,score,all,0.05,barrier,569,0.6063268892794376,9.577743529805756,2.0770857809547456,6.500657748851011,3/9,0.5545540491658925
240,B,lr,score,all,0.1,fixed_hold,1138,0.5474516695957821,-2.1413129352254248,1.9452927429339768,-5.086605678159404,5/9,-0.4018671486799199
240,B,lr,score,all,0.1,barrier,1138,0.5588752196836555,4.265621168051571,1.9452927429339768,1.3203284251175953,3/9,0.12995090436525497
240,B,lr,score,all,0.2,fixed_hold,2276,0.5430579964850615,-0.20732088502713875,1.8384891657633267,-3.0458100507904646,4/9,-0.26830229180496845
240,B,lr,score,all,0.2,barrier,2276,0.5531634446397188,2.8536755436996173,1.8384891657633267,0.015186377936290407,3/9,0.0016014906311217344
240,B,lr,score,all,1.0,fixed_hold,11380,0.5315465729349736,0.020136234182984436,1.642985816570392,-2.6228495823874067,3/9,-0.5445110732206565
240,B,lr,score,all,1.0,barrier,11380,0.5390158172231986,1.1858851239296613,1.642985816570392,-1.4571006926407304,3/9,-0.33108723783899235
240,B,lr,ev,all,0.05,fixed_hold,569,0.45869947275922673,0.6626223385689702,2.020477096014717,-2.3578547574457493,3/9,-0.28917037055954314
240,B,lr,ev,all,0.05,barrier,569,0.4973637961335677,0.17371589354597852,2.020477096014717,-2.8467612024687385,3/9,-0.5700885412405824
240,B,lr,ev,all,0.1,fixed_hold,1138,0.4982425307557118,2.065468692508588,1.9772507892105233,-0.9117820967019358,4/9,-0.16382535256892516
240,B,lr,ev,all,0.1,barrier,1138,0.5166959578207382,2.119447870721742,1.9772507892105233,-0.8578029184887815,3/9,-0.21413009193544286
240,B,lr,ev,all,0.2,fixed_hold,2276,0.5008787346221442,1.6200295414625574,1.9412916778989526,-1.321262136436396,4/9,-0.2641239209018947
240,B,lr,ev,all,0.2,barrier,2276,0.5193321616871704,1.8843717795537107,1.9412916778989526,-1.0569198983452424,2/9,-0.31439488127932314
240,B,lr,ev,all,1.0,fixed_hold,11380,0.5315465729349736,0.020136234182984436,1.642985816570392,-2.6228495823874067,3/9,-0.5445110732206565
240,B,lr,ev,all,1.0,barrier,11380,0.5390158172231986,1.1858851239296613,1.642985816570392,-1.4571006926407304,3/9,-0.33108723783899235
240,L2,gb,score,all,0.05,fixed_hold,569,0.4288224956063269,-19.956965464252082,1.9612125137468088,-22.918177977998887,3/9,-1.8843716260853247
240,L2,gb,score,all,0.05,barrier,569,0.4727592267135325,-7.835942379554137,1.9612125137468088,-10.797154893300945,4/9,-1.3436945069394421
240,L2,gb,score,all,0.1,fixed_hold,1138,0.4437609841827768,-15.24063402004313,1.8365984969042248,-18.077232516947355,1/9,-2.283339885798266
240,L2,gb,score,all,0.1,barrier,1138,0.46748681898066785,-7.873350735397352,1.8365984969042248,-10.709949232301577,2/9,-1.6557559438794316
240,L2,gb,score,all,0.2,fixed_hold,2276,0.46089630931458697,-10.239149597234812,1.763075722769015,-13.002225320003825,1/9,-2.326096600105187
240,L2,gb,score,all,0.2,barrier,2276,0.47627416520210897,-5.341084223452227,1.763075722769015,-8.104159946221243,2/9,-1.5978113047180005
240,L2,gb,score,all,1.0,fixed_hold,11380,0.48857644991212656,-3.3418316738381613,1.642985816570392,-5.984817490408552,1/9,-2.9415811187558454
240,L2,gb,score,all,1.0,barrier,11380,0.4945518453427065,-1.5310398590755327,1.642985816570392,-4.174025675645925,1/9,-2.2692948532354054
240,L2,gb,ev,all,0.05,fixed_hold,569,0.4182776801405975,-25.01770018377275,1.9095860543201546,-27.9272862380929,4/9,-1.531027495961157
240,L2,gb,ev,all,0.05,barrier,569,0.4182776801405975,-19.36625228014499,1.9095860543201546,-22.275838334465142,4/9,-1.4894547173733506
240,L2,gb,ev,all,0.1,fixed_hold,1138,0.43233743409490333,-19.68008620862609,1.8535423125402724,-22.533628521166364,3/9,-1.6636218609281666
240,L2,gb,ev,all,0.1,barrier,1138,0.43936731107205623,-13.933378060598091,1.8535423125402724,-16.78692037313836,4/9,-1.590644925462664
240,L2,gb,ev,all,0.2,fixed_hold,2276,0.45123022847100175,-14.920400943082024,1.81556462685259,-17.735965569934613,3/9,-2.0218131996460365
240,L2,gb,ev,all,0.2,barrier,2276,0.46441124780316345,-9.010846497995862,1.81556462685259,-11.826411124848455,4/9,-1.703481017387695
240,L2,gb,ev,all,1.0,fixed_hold,11380,0.48857644991212656,-3.3418316738381613,1.642985816570392,-5.984817490408552,1/9,-2.9415811187558454
240,L2,gb,ev,all,1.0,barrier,11380,0.4945518453427065,-1.5310398590755327,1.642985816570392,-4.174025675645925,1/9,-2.2692948532354054
240,L2,lr,score,all,0.05,fixed_hold,569,0.4428822495606327,-8.344073814228807,1.4597180875081173,-10.803791901736922,3/9,-1.7089419657869562
240,L2,lr,score,all,0.05,barrier,569,0.44112478031634444,-5.24407573149904,1.4597180875081173,-7.703793819007156,3/9,-1.2388603571379597
240,L2,lr,score,all,0.1,fixed_hold,1138,0.46572934973637964,-2.0863018729886202,1.4759444696978963,-4.562246342686517,4/9,-0.7509205847362543
240,L2,lr,score,all,0.1,barrier,1138,0.45694200351493847,-2.1544073544207802,1.4759444696978963,-4.630351824118675,4/9,-0.8298111837098482
240,L2,lr,score,all,0.2,fixed_hold,2276,0.45826010544815465,-3.255736261338224,1.4998434428237268,-5.755579704161951,3/9,-1.501458699783415
240,L2,lr,score,all,0.2,barrier,2276,0.45562390158172233,-2.6879869248443224,1.4998434428237268,-5.187830367668049,3/9,-1.3693986061390733
240,L2,lr,score,all,1.0,fixed_hold,11380,0.48312829525483303,-1.01365578339608,1.642985816570392,-3.6566415999664708,3/9,-1.495535258844941
240,L2,lr,score,all,1.0,barrier,11380,0.48295254833040424,-0.6255359329988839,1.642985816570392,-3.268521749569276,2/9,-1.4088397620267308
240,L2,lr,ev,all,0.05,fixed_hold,569,0.5061511423550088,-4.8034113746550915,1.630026585010953,-7.433437959666042,2/9,-1.6150161118979927
240,L2,lr,ev,all,0.05,barrier,569,0.5043936731107206,-2.863723492881813,1.630026585010953,-5.493750077892766,2/9,-1.1275053458559305
240,L2,lr,ev,all,0.1,fixed_hold,1138,0.4859402460456942,-4.76719099413531,1.6072618726876011,-7.374452866822913,2/9,-2.286648005223238
240,L2,lr,ev,all,0.1,barrier,1138,0.5035149384885764,-1.1904387249890782,1.6072618726876011,-3.797700597676679,3/9,-1.271043663543499
240,L2,lr,ev,all,0.2,fixed_hold,2276,0.4859402460456942,-2.3139487055224954,1.6195522851829192,-4.933500990705414,2/9,-1.5273801977952437
240,L2,lr,ev,all,0.2,barrier,2276,0.4973637961335677,-0.15446416999037849,1.6195522851829192,-2.7740164551732978,2/9,-1.27691389186632
240,L2,lr,ev,all,1.0,fixed_hold,11380,0.48312829525483303,-1.01365578339608,1.642985816570392,-3.6566415999664708,3/9,-1.495535258844941
240,L2,lr,ev,all,1.0,barrier,11380,0.48295254833040424,-0.6255359329988839,1.642985816570392,-3.268521749569276,2/9,-1.4088397620267308
240,PL2,gb,score,all,0.05,fixed_hold,583,0.39451114922813035,-6.912046709291738,1.5491923918221198,-9.461239101113856,5/9,-0.5188659828228023
240,PL2,gb,score,all,0.05,barrier,583,0.4288164665523156,-2.887937525626538,1.5491923918221198,-5.437129917448658,4/9,-0.4182181325001991
240,PL2,gb,score,all,0.1,fixed_hold,1144,0.5314685314685315,-2.8412452580163996,1.5846651661874582,-5.425910424203857,6/9,-0.5058249083548537
240,PL2,gb,score,all,0.1,barrier,1144,0.5288461538461539,-1.8831437391404204,1.5846651661874582,-4.467808905327877,5/9,-0.5078530526138519
240,PL2,gb,score,all,0.2,fixed_hold,2276,0.5667838312829525,-3.078441216285349,1.6238672437910018,-5.7023084600763525,5/9,-0.7416534284165385
240,PL2,gb,score,all,0.2,barrier,2276,0.5426186291739895,-0.8676564135047069,1.6238672437910018,-3.491523657295709,4/9,-0.7721004889923407
240,PL2,gb,score,all,1.0,fixed_hold,11380,0.5188927943760984,-6.102551834807371,1.642985816570392,-8.745537651377767,5/9,-0.9602761239864058
240,PL2,gb,score,all,1.0,barrier,11380,0.5281195079086116,0.6816369087162825,1.642985816570392,-1.96134890785411,4/9,-0.473189852977316
240,PL2,gb,ev,all,0.05,fixed_hold,569,0.31282952548330406,-46.22140504255872,1.6900058095948811,-48.9114108521536,1/9,-1.5743227791785774
240,PL2,gb,ev,all,0.05,barrier,569,0.13532513181019332,-50.641008157722474,1.6900058095948811,-53.33101396731736,0/9,-2.6257518871559737
240,PL2,gb,ev,all,0.1,fixed_hold,1138,0.4121265377855888,-24.57095106332312,1.6502109423914058,-27.22116200571453,2/9,-1.4992384881075762
240,PL2,gb,ev,all,0.1,barrier,1138,0.3242530755711775,-24.276362881694464,1.6502109423914058,-26.926573824085864,1/9,-3.923469130022921
240,PL2,gb,ev,all,0.2,fixed_hold,2276,0.5303163444639719,-9.737296352534274,1.7093396934779168,-12.446636046012195,2/9,-0.8475037841803699
240,PL2,gb,ev,all,0.2,barrier,2276,0.4771528998242531,-6.951396254493921,1.7093396934779168,-9.66073594797184,2/9,-1.3453768898220664
240,PL2,gb,ev,all,1.0,fixed_hold,11380,0.5188927943760984,-6.102551834807371,1.642985816570392,-8.745537651377767,5/9,-0.9602761239864058
240,PL2,gb,ev,all,1.0,barrier,11380,0.5281195079086116,0.6816369087162825,1.642985816570392,-1.96134890785411,4/9,-0.473189852977316
240,PL2,lr,score,all,0.05,fixed_hold,569,0.44639718804920914,-5.466428726727333,1.4842238704693322,-7.950652597196664,3/9,-1.0383216963833313
240,PL2,lr,score,all,0.05,barrier,569,0.44815465729349735,-4.227290494948114,1.4842238704693322,-6.711514365417447,4/9,-0.9832834096051527
240,PL2,lr,score,all,0.1,fixed_hold,1138,0.45694200351493847,-2.856026046153414,1.4748759172322172,-5.33090196338563,3/9,-0.9792399697968123
240,PL2,lr,score,all,0.1,barrier,1138,0.4446397188049209,-3.1783306344121747,1.4748759172322172,-5.6532065516443915,4/9,-1.0015083275472065
240,PL2,lr,score,all,0.2,fixed_hold,2276,0.468804920913884,-3.208092671471345,1.4988795133250759,-5.706972184796419,2/9,-1.695826299846538
240,PL2,lr,score,all,0.2,barrier,2276,0.46616871704745166,-1.9859021355159048,1.4988795133250759,-4.484781648840982,2/9,-1.3737530222460659
240,PL2,lr,score,all,1.0,fixed_hold,11380,0.48787346221441125,-1.8600194982847778,1.642985816570392,-4.50300531485517,3/9,-1.7047157311211016
240,PL2,lr,score,all,1.0,barrier,11380,0.48875219683655535,-0.7628089274669206,1.642985816570392,-3.405794744037313,2/9,-1.6506185590726055
240,PL2,lr,ev,all,0.05,fixed_hold,569,0.4973637961335677,-6.048517621017377,1.7802574608498114,-8.82877508186719,4/9,-0.8844377552207936
240,PL2,lr,ev,all,0.05,barrier,569,0.507908611599297,-0.951932784870752,1.7802574608498114,-3.7321902457205636,4/9,-0.5713793897737385
240,PL2,lr,ev,all,0.1,fixed_hold,1138,0.4991212653778559,-1.956662108295183,1.7494032503509804,-4.706065358646163,5/9,-0.8981655746829189
240,PL2,lr,ev,all,0.1,barrier,1138,0.5061511423550088,-0.5222239693635189,1.7494032503509804,-3.2716272197144987,3/9,-0.9235054904009588
240,PL2,lr,ev,all,0.2,fixed_hold,2276,0.5026362038664324,-2.4320974777895072,1.7156154047044705,-5.147712882493978,3/9,-1.381814456095409
240,PL2,lr,ev,all,0.2,barrier,2276,0.5039543057996485,-0.7417163704243771,1.7156154047044705,-3.457331775128848,3/9,-1.6987872067598666
240,PL2,lr,ev,all,1.0,fixed_hold,11380,0.48787346221441125,-1.8600194982847778,1.642985816570392,-4.50300531485517,3/9,-1.7047157311211016
240,PL2,lr,ev,all,1.0,barrier,11380,0.48875219683655535,-0.7628089274669206,1.642985816570392,-3.405794744037313,2/9,-1.6506185590726055
240,ALL,gb,score,all,0.05,fixed_hold,575,0.32,-14.2927401193498,1.5815621006102543,-16.874302219960054,0/9,-1.1507208104585467
240,ALL,gb,score,all,0.05,barrier,575,0.35478260869565215,-9.616402755940587,1.5815621006102543,-12.197964856550838,0/9,-1.4870355426613069
240,ALL,gb,score,all,0.1,fixed_hold,1154,0.5190641247833622,0.2408484460086834,1.6036191451164608,-2.3627706991077773,5/9,-0.2954174920907685
240,ALL,gb,score,all,0.1,barrier,1154,0.4826689774696707,-4.061227656441738,1.6036191451164608,-6.6648468015581965,4/9,-1.0312896877148534
240,ALL,gb,score,all,0.2,fixed_hold,2285,0.5698030634573304,-1.6627454060761828,1.5556005604749594,-4.2183459665511425,5/9,-0.5311699171196176
240,ALL,gb,score,all,0.2,barrier,2285,0.52472647702407,-3.03232072381912,1.5556005604749594,-5.587921284294079,4/9,-1.5246783865576157
240,ALL,gb,score,all,1.0,fixed_hold,11380,0.5315465729349736,0.020136234182984436,1.642985816570392,-2.6228495823874067,3/9,-0.5445110732206565
240,ALL,gb,score,all,1.0,barrier,11380,0.5390158172231986,1.1858851239296613,1.642985816570392,-1.4571006926407304,3/9,-0.33108723783899235
240,ALL,gb,ev,all,0.05,fixed_hold,569,0.4710017574692443,-40.80667153947832,1.801405956776418,-43.60807749625475,1/9,-0.8523531111703343
240,ALL,gb,ev,all,0.05,barrier,569,0.24428822495606328,-42.81155827981105,1.801405956776418,-45.61296423658748,0/9,-2.110581793786779
240,ALL,gb,ev,pred_vol_high,0.05,fixed_hold,569,0.4710017574692443,-40.80667153947832,1.801405956776418,-43.60807749625475,1/9,-0.8523531111703343
240,ALL,gb,ev,pred_vol_high,0.05,barrier,569,0.24428822495606328,-42.81155827981105,1.801405956776418,-45.61296423658748,0/9,-2.110581793786779
240,ALL,gb,ev,all,0.1,fixed_hold,1138,0.4973637961335677,-24.930786833658853,1.7756495155790026,-27.70643634923786,2/9,-0.7468626404870827
240,ALL,gb,ev,all,0.1,barrier,1138,0.44903339191564146,-13.636382528623512,1.7756495155790026,-16.41203204420252,2/9,-1.0324094255230032
240,ALL,gb,ev,pred_vol_high,0.1,fixed_hold,1138,0.4973637961335677,-24.930786833658853,1.7756495155790026,-27.70643634923786,2/9,-0.7468626404870827
240,ALL,gb,ev,pred_vol_high,0.1,barrier,1138,0.44903339191564146,-13.636382528623512,1.7756495155790026,-16.41203204420252,2/9,-1.0324094255230032
240,ALL,gb,ev,all,0.2,fixed_hold,2276,0.54701230228471,-9.750122246977208,1.8643159106580725,-12.614438157635275,4/9,-0.5501117966873912
240,ALL,gb,ev,all,0.2,barrier,2276,0.5426186291739895,-0.47770315632707455,1.8643159106580725,-3.3420190669851455,4/9,-0.4231340094706942
240,ALL,gb,ev,pred_vol_high,0.2,fixed_hold,2216,0.5442238267148014,-10.043422957745996,1.8616493918555292,-12.905072349601525,4/9,-0.545022457406529
240,ALL,gb,ev,pred_vol_high,0.2,barrier,2216,0.5397111913357401,-0.48139143189425937,1.8616493918555292,-3.3430408237497904,4/9,-0.4112383594151261
240,ALL,gb,ev,all,1.0,fixed_hold,11380,0.5315465729349736,0.020136234182984436,1.642985816570392,-2.6228495823874067,3/9,-0.5445110732206565
240,ALL,gb,ev,all,1.0,barrier,11380,0.5390158172231986,1.1858851239296613,1.642985816570392,-1.4571006926407304,3/9,-0.33108723783899235
240,ALL,gb,ev,pred_vol_high,1.0,fixed_hold,5690,0.5049209138840071,-7.974683697360346,1.8297309478867714,-10.804414645247117,1/9,-1.1810105137368871
240,ALL,gb,ev,pred_vol_high,1.0,barrier,5690,0.5550087873462214,2.1582047614174082,1.8297309478867714,-0.6715261864693628,3/9,-0.11930268827448341
240,ALL,lr,score,all,0.05,fixed_hold,569,0.45694200351493847,-11.725628924263612,1.6235238247761066,-14.349152749039717,2/9,-1.326827347519653
240,ALL,lr,score,all,0.05,barrier,569,0.48154657293497366,-5.007660479404251,1.6235238247761066,-7.6311843041803575,2/9,-1.1217191712240167
240,ALL,lr,score,all,0.1,fixed_hold,1138,0.5105448154657294,-3.4377452167186586,1.5615401956770287,-5.999285412395688,3/9,-0.8811822238950888
240,ALL,lr,score,all,0.1,barrier,1138,0.531634446397188,-0.14739752100766232,1.5615401956770287,-2.708937716684692,3/9,-0.571072514455556
240,ALL,lr,score,all,0.2,fixed_hold,2276,0.5320738137082601,-1.4150417227196739,1.5809562976625933,-3.9959980203822663,4/9,-0.6003724133470658
240,ALL,lr,score,all,0.2,barrier,2276,0.539543057996485,0.24721523750538432,1.5809562976625933,-2.3337410601572066,4/9,-0.49608215055259597
240,ALL,lr,score,all,1.0,fixed_hold,11380,0.5241652021089631,-0.5185921275743158,1.642985816570392,-3.1615779441447085,3/9,-0.769118042978383
240,ALL,lr,score,all,1.0,barrier,11380,0.5270650263620387,0.5167174446939458,1.642985816570392,-2.1262683718764457,2/9,-0.6323281355435695
240,ALL,lr,ev,all,0.05,fixed_hold,569,0.4288224956063269,-29.795614259305726,1.9157222137422383,-32.711336473047965,4/9,-1.0982768590762328
240,ALL,lr,ev,all,0.05,barrier,569,0.39015817223198596,-23.867044895199296,1.9157222137422383,-26.782767108941528,2/9,-1.3717283861565666
240,ALL,lr,ev,pred_vol_high,0.05,fixed_hold,569,0.4288224956063269,-29.795614259305726,1.9157222137422383,-32.711336473047965,4/9,-1.0982768590762328
240,ALL,lr,ev,pred_vol_high,0.05,barrier,569,0.39015817223198596,-23.867044895199296,1.9157222137422383,-26.782767108941528,2/9,-1.3717283861565666
240,ALL,lr,ev,all,0.1,fixed_hold,1138,0.492091388400703,-15.720985861206062,1.8265506710191954,-18.54753653222526,3/9,-1.0157265905530724
240,ALL,lr,ev,all,0.1,barrier,1138,0.4789103690685413,-11.180372844944388,1.8265506710191954,-14.006923515963582,3/9,-1.3592365764405518
240,ALL,lr,ev,pred_vol_high,0.1,fixed_hold,1096,0.48722627737226276,-16.56341175428909,1.8416461095323338,-19.405057863821426,3/9,-1.027181205641567
240,ALL,lr,ev,pred_vol_high,0.1,barrier,1096,0.47354014598540145,-11.415204772432809,1.8416461095323338,-14.256850881965144,2/9,-1.3709240937111924
240,ALL,lr,ev,all,0.2,fixed_hold,2276,0.5246045694200352,-7.022075027387525,1.7935845984400336,-9.815659625827557,3/9,-0.8703345368264387
240,ALL,lr,ev,all,0.2,barrier,2276,0.5500878734622144,-0.718644732282738,1.7935845984400336,-3.5122293307227728,3/9,-0.5267581343768171
240,ALL,lr,ev,pred_vol_high,0.2,fixed_hold,1961,0.5094339622641509,-10.352175042158132,1.8376450261557995,-13.189820068313928,1/9,-1.0249210110210965
240,ALL,lr,ev,pred_vol_high,0.2,barrier,1961,0.5420703722590515,-1.1531474429491906,1.8376450261557995,-3.990792469104988,3/9,-0.6485604858953369
240,ALL,lr,ev,all,1.0,fixed_hold,11380,0.5241652021089631,-0.5185921275743158,1.642985816570392,-3.1615779441447085,3/9,-0.769118042978383
240,ALL,lr,ev,all,1.0,barrier,11380,0.5270650263620387,0.5167174446939458,1.642985816570392,-2.1262683718764457,2/9,-0.6323281355435695
240,ALL,lr,ev,pred_vol_high,1.0,fixed_hold,5690,0.49929701230228474,-7.8369970962622535,1.8297309478867714,-10.666728044149027,1/9,-1.3098809033026884
240,ALL,lr,ev,pred_vol_high,1.0,barrier,5690,0.5356766256590509,0.637899084348759,1.8297309478867714,-2.191831863538011,2/9,-0.4868757549929065
