H_min,group,model,select,gate,top_frac,n_trades,trades_per_day,hit_rate,barrier_mean_bps,exit_mean_min,gross_bps,net_taker_bps,t_taker,folds_pos_taker,net_mixed_bps,t_mixed,folds_pos_mixed,net_maker_bps,t_maker,folds_pos_maker
5,P,gb,score,all,0.02,1844,28.8125,0.4940347071583514,13.18861976377148,3.3470715835141,-0.18278599629079895,-12.197152708700301,-18.37702822445419,0/9,-8.18996935249555,-11.990370672418578,0/9,-4.182785996290799,-5.603834679528768,0/9
5,P,gb,score,all,0.05,4608,72.0,0.5245225694444444,11.914851265321126,3.450954861111111,0.4311631191895897,-11.58293714211339,-43.43176883590627,0/9,-7.575887011461898,-27.9606802270806,0/9,-3.5688368808104105,-12.489261619418052,0/9
5,P,gb,score,all,0.1,9216,144.0,0.5220269097222222,11.018246317741552,3.5553385416666665,0.35961754491174625,-11.654496518555097,-63.61612695960092,0/9,-7.647439486821674,-41.48364015343012,0/9,-3.6403824550882535,-19.350343763451214,0/9
5,P,gb,score,all,0.2,18431,287.984375,0.5218382073680212,10.24504707695692,3.669090119906679,0.3213531331506232,-11.692653053902035,-124.30423584281684,0/9,-7.685649960375706,-81.47519383471807,0/9,-3.6786468668493773,-38.62518434570488,0/9
5,P,gb,score,all,0.5,46078,719.96875,0.5168844133859977,9.453782358203549,3.8399453101263075,0.2500104485903507,-11.763854914108407,-194.69285427499167,0/9,-7.7569222327590275,-128.2491677489848,0/9,-3.7499895514096493,-61.76123607902527,0/9
5,P,gb,score,all,1.0,92155,1439.921875,0.5106071292930389,9.068645310182674,3.962552221800228,0.16622628528389,-11.847493463213462,-295.1961691671393,0/9,-7.840633588964785,-195.46185173910703,0/9,-3.83377371471611,-95.62284726246196,0/9
5,P,gb,ev,all,0.02,1844,28.8125,0.5135574837310195,19.683885291394674,3.105748373101952,0.5997416293387886,-11.414046502511326,-14.507703394693152,0/9,-7.407152436586267,-9.03955246928416,0/9,-3.400258370661211,-3.571826125638358,2/9
5,P,gb,ev,all,0.05,4608,72.0,0.5260416666666666,17.310634454978644,3.2805989583333335,0.6262419833724598,-11.38777684298496,-29.405671676823204,0/9,-7.380767429806251,-18.57448455949602,0/9,-3.37375801662754,-7.742922170009769,0/9
5,P,gb,ev,all,0.1,9216,144.0,0.521484375,15.174786916883956,3.389865451388889,0.3938476846352362,-11.619969149710068,-62.33250755048097,0/9,-7.6130607325374156,-40.39753915359509,0/9,-3.606152315364764,-18.45953549643232,0/9
5,P,gb,ev,all,0.2,18431,287.984375,0.5240084640008681,13.187475653559018,3.53106179805762,0.41387331824642287,-11.599800464168359,-96.24381447237022,0/9,-7.592963572960967,-62.715440344042534,0/9,-3.5861266817535764,-29.176340400525035,0/9
5,P,gb,ev,all,0.5,46078,719.96875,0.5188593254915578,10.731242753083055,3.794435522375103,0.25961950980744064,-11.754048748020617,-202.93433560708328,0/9,-7.747214619106588,-133.70009545206625,0/9,-3.740380490192559,-64.41666848244927,0/9
5,P,gb,ev,all,1.0,92155,1439.921875,0.5106071292930389,9.068645310182674,3.962552221800228,0.16622628528389,-11.847493463213462,-295.1961691671393,0/9,-7.840633588964785,-195.46185173910703,0/9,-3.83377371471611,-95.62284726246196,0/9
5,P,lr,score,all,0.02,1844,28.8125,0.53470715835141,14.20000087158002,2.9831887201735356,0.8137146721884434,-11.200818945730292,-29.52221166584563,0/9,-7.193552136770922,-18.81475374095004,0/9,-3.186285327811556,-8.109558629588102,0/9
5,P,lr,score,all,0.05,4608,72.0,0.5247395833333334,11.903804907929356,3.2534722222222223,0.49327579850325726,-11.52110720111457,-49.20151342440388,0/9,-7.513915701305655,-31.900900188747737,0/9,-3.5067242014967426,-14.60443668077909,0/9
5,P,lr,score,all,0.1,9216,144.0,0.5218098958333334,10.69163612166714,3.4315321180555554,0.3238326506582318,-11.690428865241334,-76.21352526671204,0/9,-7.6832981072915505,-49.818041156878316,0/9,-3.6761673493417675,-23.428554122674676,0/9
5,P,lr,score,all,0.2,18431,287.984375,0.5167381042808312,9.86487187330854,3.6009440616352886,0.19078619249500145,-11.82329220371633,-111.7112208670181,0/9,-7.816253005610662,-73.62827681319853,0/9,-3.8092138075049977,-35.556115737691805,0/9
5,P,lr,score,all,0.5,46078,719.96875,0.5141933243630366,9.261654992819443,3.8174616953860845,0.16405518679615638,-11.849837742275744,-165.22347376853057,0/9,-7.842891277739793,-109.18370855412968,0/9,-3.8359448132038434,-53.14438892946318,0/9
5,P,lr,score,all,1.0,92155,1439.921875,0.5058217134176116,9.068645310182674,3.962552221800228,0.06813431998256672,-11.945585428514784,-240.7447590308528,0/9,-7.938725554266108,-160.0094289181415,0/9,-3.9318656800174336,-79.25676162876029,0/9
5,P,lr,ev,all,0.02,1844,28.8125,0.5059652928416486,18.426583328479662,2.7733188720173536,0.17607146512345356,-11.838114788042693,-19.01739745692058,0/9,-7.831021661459618,-12.07896971988776,0/9,-3.823928534876546,-5.14103601422979,0/9
5,P,lr,ev,all,0.05,4608,72.0,0.5149739583333334,16.189136952092774,3.068359375,0.23255081208075476,-11.781243299577818,-27.539505403794774,0/9,-7.774346243748531,-17.715880329501598,0/9,-3.767449187919245,-7.892802903931072,0/9
5,P,lr,ev,all,0.1,9216,144.0,0.5157335069444444,14.44068907103992,3.2637803819444446,0.19096522513049277,-11.822866778934323,-58.56095262177272,0/9,-7.8159507769019125,-38.05853990580984,0/9,-3.8090347748695073,-17.55480346306017,0/9
5,P,lr,ev,all,0.2,18431,287.984375,0.5159242580435136,12.747716812953303,3.4705116380011938,0.1957345242007796,-11.817973812324615,-91.9096187271673,0/9,-7.811119644061918,-60.136345110005095,0/9,-3.80426547579922,-28.36496219519932,0/9
5,P,lr,ev,all,0.5,46078,719.96875,0.5152350362428925,10.667213869325433,3.7595815790615914,0.14032121593740424,-11.873333666809435,-169.95036987900784,0/9,-7.866506225436014,-112.20081197420238,0/9,-3.8596787840625955,-54.454814004179035,0/9
5,P,lr,ev,all,1.0,92155,1439.921875,0.5058217134176116,9.068645310182674,3.962552221800228,0.06813431998256672,-11.945585428514784,-240.7447590308528,0/9,-7.938725554266108,-160.0094289181415,0/9,-3.9318656800174336,-79.25676162876029,0/9
5,L2,gb,score,all,0.02,1844,28.8125,0.5330802603036876,7.821454492890127,3.8237527114967462,0.1908338885468351,-11.823555484399316,-41.029555250019484,0/9,-7.81636079792624,-26.93228330795635,0/9,-3.8091661114531647,-12.83610575628421,0/9
5,L2,gb,score,all,0.05,4608,72.0,0.5360243055555556,8.41505389933257,3.8257378472222223,0.33694343412501016,-11.677095045142242,-93.3659238951995,0/9,-7.670075805508615,-61.17630479803097,0/9,-3.6630565658749896,-28.977360631944507,0/9
5,L2,gb,score,all,0.1,9216,144.0,0.5356987847222222,8.570350799969633,3.8675130208333335,0.3740275105822244,-11.640033448649538,-112.99086476649404,0/9,-7.6330029690336545,-73.96809787776942,0/9,-3.6259724894177756,-34.93000345755653,0/9
5,L2,gb,score,all,0.2,18431,287.984375,0.532201182789865,8.682646716654235,3.9103684010634256,0.36510204999412993,-11.648788321880055,-169.31296807511936,0/9,-7.641843135942964,-110.95651860561327,0/9,-3.6348979500058705,-52.59524983151437,0/9
5,L2,gb,score,all,0.5,46078,719.96875,0.5292981466209471,8.87118124594761,3.956486826685186,0.3636779470253982,-11.650151582830633,-288.4482444775043,0/9,-7.643236817902614,-189.21716713577612,0/9,-3.636322052974602,-89.91732524274197,0/9
5,L2,gb,score,all,1.0,92155,1439.921875,0.5196896533015029,9.068645310182674,3.962552221800228,0.2506195078812929,-11.763100240616058,-437.81306515327043,0/9,-7.756240366367382,-288.86882898058525,0/9,-3.749380492118707,-139.7290463848261,0/9
5,L2,gb,ev,all,0.02,1844,28.8125,0.5135574837310195,20.75148240064173,3.5482646420824295,0.12958209807796536,-11.884322007733742,-17.057789674023873,0/9,-7.877369954827887,-10.596554896298015,0/9,-3.8704179019220346,-4.135053460453117,0/9
5,L2,gb,ev,all,0.05,4608,72.0,0.5173611111111112,18.391138398509295,3.6649305555555554,0.4127953950408436,-11.600988082349707,-31.5717303715021,0/9,-7.5940963436544315,-20.312871985484396,0/9,-3.5872046049591564,-9.053481252464344,0/9
5,L2,gb,ev,all,0.1,9216,144.0,0.5151909722222222,16.263184669686282,3.8008897569444446,0.2954319652806795,-11.718169190536798,-72.06154915723204,0/9,-7.711368612628058,-46.955241259433215,0/9,-3.7045680347193204,-21.84492073622703,0/9
5,L2,gb,ev,all,0.2,18431,287.984375,0.5209158482990613,13.993620676235759,3.9055395800553416,0.3420073224610233,-11.671517001529306,-105.03862081712602,0/9,-7.664754839534142,-68.55109448607327,0/9,-3.657992677538977,-32.056537540959994,0/9
5,L2,gb,ev,all,0.5,46078,719.96875,0.523330005642606,11.080501540091442,3.9659056382655495,0.322249678057041,-11.691284899009037,-283.08542529335887,0/9,-7.684517610475997,-185.8830644995128,0/9,-3.677750321942959,-88.66272840435329,0/9
5,L2,gb,ev,all,1.0,92155,1439.921875,0.5196896533015029,9.068645310182674,3.962552221800228,0.2506195078812929,-11.763100240616058,-437.81306515327043,0/9,-7.756240366367382,-288.86882898058525,0/9,-3.749380492118707,-139.7290463848261,0/9
5,L2,lr,score,all,0.02,1844,28.8125,0.5140997830802603,13.050463035569608,3.4023861171366594,0.18429223299055886,-11.830739996786193,-51.78227467250183,0/9,-7.823223881897816,-34.202772803942736,0/9,-3.8157077670094415,-16.63058808945254,0/9
5,L2,lr,score,all,0.05,4608,72.0,0.5438368055555556,11.42490448251638,3.677517361111111,0.5368948555125734,-11.477234152696976,-86.1929345019182,0/9,-7.470169648592201,-55.9641873009695,0/9,-3.4631051444874266,-25.737830497722527,0/9
5,L2,lr,score,all,0.1,9216,144.0,0.5405815972222222,10.59501684970258,3.7826605902777777,0.5294172285715104,-11.484419246595795,-125.86239710271599,0/9,-7.4775010090121405,-81.86114756283656,0/9,-3.470582771428489,-37.8570337374253,0/9
5,L2,lr,score,all,0.2,18431,287.984375,0.5327980033638978,9.878176341241467,3.868319678802018,0.43975536312285807,-11.57399192428648,-160.8066935907152,0/9,-7.567118280581812,-105.08739703095179,0/9,-3.5602446368771425,-49.375689350719874,0/9
5,L2,lr,score,all,0.5,46078,719.96875,0.5289075046660011,9.314868822670984,3.9388428317201267,0.391486808468433,-11.622227356142364,-250.98890054365245,0/9,-7.615370273836964,-164.47116231177057,0/9,-3.6085131915315674,-77.93649424619952,0/9
5,L2,lr,score,all,1.0,92155,1439.921875,0.5194075199392328,9.068645310182674,3.962552221800228,0.24828141538292076,-11.765438333114432,-407.1854974659572,0/9,-7.758578458865755,-268.551294222176,0/9,-3.751718584617079,-129.87676989741658,0/9
5,L2,lr,ev,all,0.02,1844,28.8125,0.5206073752711496,21.25111465978858,3.5460954446854664,0.6508202481224152,-11.363827265626593,-19.789695366443983,0/9,-7.356503508752088,-12.490253109782836,0/9,-3.349179751877585,-5.204602482078025,1/9
5,L2,lr,ev,all,0.05,4608,72.0,0.5186631944444444,18.893783359087223,3.687282986111111,0.5772035812629086,-11.43666214505872,-28.41047676503044,0/9,-7.429729281897904,-18.0898541238558,0/9,-3.422796418737091,-7.772713993107088,0/9
5,L2,lr,ev,all,0.1,9216,144.0,0.5160590277777778,16.712344554358523,3.798611111111111,0.3979545186463793,-11.615675232687956,-62.8843956269882,0/9,-7.608860357020786,-41.17790883153121,0/9,-3.6020454813536205,-19.471099481694893,0/9
5,L2,lr,ev,all,0.2,18431,287.984375,0.5191796429927839,14.293165810934953,3.893060604416472,0.37047520487203855,-11.642946074281657,-99.71103028492864,0/9,-7.636235434704807,-65.24538092357754,0/9,-3.6295247951279617,-30.767048746369543,0/9
5,L2,lr,ev,all,0.5,46078,719.96875,0.5246972524849168,11.23902321465379,3.9465471591648944,0.372701926966394,-11.640740672997403,-247.90447558323882,0/9,-7.6340193730155015,-162.37706735239792,0/9,-3.627298073033606,-76.8659969221736,0/9
5,L2,lr,ev,all,1.0,92155,1439.921875,0.5194075199392328,9.068645310182674,3.962552221800228,0.24828141538292076,-11.765438333114432,-407.1854974659572,0/9,-7.758578458865755,-268.551294222176,0/9,-3.751718584617079,-129.87676989741658,0/9
5,PL2,gb,score,all,0.02,1844,28.8125,0.544468546637744,10.856876415531952,3.534164859002169,0.5398974949549437,-11.474472673704922,-21.897353693709253,0/9,-7.467287589374989,-13.942098733160416,0/9,-3.4601025050450565,-5.986690306226895,0/9
5,PL2,gb,score,all,0.05,4608,72.0,0.544921875,9.957878647107826,3.6163194444444446,0.5607427358721052,-11.453423579072247,-51.17948715367972,0/9,-7.44634042160007,-32.87133279737281,0/9,-3.4392572641278947,-14.563212566035777,0/9
5,PL2,gb,score,all,0.1,9216,144.0,0.5412326388888888,9.574384305101496,3.6803385416666665,0.5022482388418356,-11.511724563386204,-78.09848588922812,0/9,-7.504738162272184,-50.658727524149135,0/9,-3.497751761158164,-23.21901372092039,0/9
5,PL2,gb,score,all,0.2,18431,287.984375,0.5396885681731864,9.34172736495353,3.777982746459769,0.501896378084408,-11.512037743274528,-124.88932790326132,0/9,-7.505070682595059,-81.24066228211198,0/9,-3.498103621915592,-37.58132440011945,0/9
5,PL2,gb,score,all,0.5,46078,719.96875,0.5319458309822475,9.152419013977159,3.8974998914883456,0.4048847416660109,-11.608895884086385,-233.44519982216167,0/9,-7.602005571210187,-152.82380540672668,0/9,-3.595115258333989,-72.13100423564954,0/9
5,PL2,gb,score,all,1.0,92155,1439.921875,0.5214692637404373,9.068645310182674,3.962552221800228,0.26718572139079494,-11.746534027106556,-330.3917815321136,0/9,-7.73967415285788,-217.82623877388446,0/9,-3.7328142786092053,-105.120868976249,0/9
5,PL2,gb,ev,all,0.02,1844,28.8125,0.5222342733188721,19.169332666391913,3.079175704989154,0.8546100547853928,-11.159144206353139,-12.090642081655298,0/9,-7.152267075783871,-6.9743725865157336,0/9,-3.1453899452146072,-1.8580764303288428,2/9
5,PL2,gb,ev,all,0.05,4608,72.0,0.5193142361111112,16.931756089155996,3.263671875,0.5453457892199131,-11.468609813274442,-31.72035362003811,0/9,-7.461632012027263,-20.363670924733793,0/9,-3.454654210780087,-9.005758431381503,0/9
5,PL2,gb,ev,all,0.1,9216,144.0,0.5252821180555556,14.97598552707148,3.3602430555555554,0.4618469043701316,-11.551799003590567,-57.74457835828184,0/9,-7.544976049610217,-37.56475280074715,0/9,-3.5381530956298683,-17.381325281631128,0/9
5,PL2,gb,ev,all,0.2,18431,287.984375,0.5293255927513428,13.075007210779615,3.562204980738972,0.45682406621178606,-11.556748891931349,-121.36216677673025,0/9,-7.549962412859782,-78.52800654683446,0/9,-3.543175933788214,-35.69184642803986,0/9
5,PL2,gb,ev,all,0.5,46078,719.96875,0.5296887885758931,10.702792373822996,3.826598376665654,0.4204833570003447,-11.593101141279028,-226.68716448834087,0/9,-7.586308892139342,-148.28556496461871,0/9,-3.579516642999655,-69.81798753460043,0/9
5,PL2,gb,ev,all,1.0,92155,1439.921875,0.5214692637404373,9.068645310182674,3.962552221800228,0.26718572139079494,-11.746534027106556,-330.3917815321136,0/9,-7.73967415285788,-217.82623877388446,0/9,-3.7328142786092053,-105.120868976249,0/9
5,PL2,lr,score,all,0.02,1844,28.8125,0.5460954446854663,13.265774992642642,3.2044468546637743,0.9612837615134591,-11.053501977157842,-37.4819458462083,0/9,-7.046109107822191,-23.616834024237104,0/9,-3.038716238486541,-9.757115195527916,0/9
5,PL2,lr,score,all,0.05,4608,72.0,0.5503472222222222,11.422275701864443,3.4346788194444446,0.7315386243579961,-11.282748030213396,-78.05729582534047,0/9,-7.275604702927699,-50.115053926921874,0/9,-3.268461375642004,-22.173690169829246,0/9
5,PL2,lr,score,all,0.1,9216,144.0,0.548828125,10.42378421721628,3.6239149305555554,0.6275738679489333,-11.386510618398626,-93.13372486862643,0/9,-7.379468375224846,-60.073777487000235,0/9,-3.372426132051067,-27.024080361667494,0/9
5,PL2,lr,score,all,0.2,18431,287.984375,0.5400683630839347,9.749669342312114,3.745971461125278,0.5181538837861884,-11.495787628986186,-130.19548062043336,0/9,-7.488816872599998,-84.66062566664195,0/9,-3.481846116213812,-39.138305297497965,0/9
5,PL2,lr,score,all,0.5,46078,719.96875,0.5325317939146664,9.246173869817301,3.88532488389253,0.400370830990228,-11.61342421446417,-191.96293656769745,0/9,-7.6065266917369705,-125.67652240532945,0/9,-3.5996291690097717,-59.39217180449888,0/9
5,PL2,lr,score,all,1.0,92155,1439.921875,0.519136237860127,9.068645310182674,3.962552221800228,0.24318619258653032,-11.770533555910822,-320.87884809267274,0/9,-7.763673681662144,-211.71523082542814,0/9,-3.7568138074134696,-102.48045858559618,0/9
5,PL2,lr,ev,all,0.02,1844,28.8125,0.5157266811279827,19.013839524552516,2.945227765726681,0.4601181320664077,-11.55413821181479,-18.260682330104604,0/9,-7.54701003987419,-11.513327611403582,0/9,-3.539881867933593,-4.766352799913497,1/9
5,PL2,lr,ev,all,0.05,4608,72.0,0.5269097222222222,16.690631714806443,3.2191840277777777,0.5970546547202581,-11.416739062372807,-28.154969815098337,0/9,-7.409842203826274,-17.78512221240477,0/9,-3.402945345279742,-7.416028445988364,0/9
5,PL2,lr,ev,all,0.1,9216,144.0,0.5250651041666666,14.712891406994206,3.3866102430555554,0.5234272682576111,-11.4903252987017,-55.90969390460016,0/9,-7.483449015222043,-36.35898442502357,0/9,-3.476572731742389,-16.809949859359772,0/9
5,PL2,lr,ev,all,0.2,18431,287.984375,0.5275893874450653,12.852272584442165,3.557972980304921,0.501290724824018,-11.512278257167193,-106.5509892228168,0/9,-7.505493766171588,-69.17139360314602,0/9,-3.498709275175982,-31.79763159314605,0/9
5,PL2,lr,ev,all,0.5,46078,719.96875,0.5294934675984201,10.681858726780524,3.799730891097704,0.39551004551689223,-11.618057111393828,-214.4548282775914,0/9,-7.611273532938466,-140.28265509098622,0/9,-3.6044899544831077,-66.11126911851514,0/9
5,PL2,lr,ev,all,1.0,92155,1439.921875,0.519136237860127,9.068645310182674,3.962552221800228,0.24318619258653032,-11.770533555910822,-320.87884809267274,0/9,-7.763673681662144,-211.71523082542814,0/9,-3.7568138074134696,-102.48045858559618,0/9
5,ALL,gb,score,all,0.02,1844,28.8125,0.5433839479392625,8.660030509895613,3.589479392624729,0.4556379435296901,-11.558849038976563,-22.313343608855657,0/9,-7.551605547723435,-14.5255277723285,0/9,-3.5443620564703098,-6.738525942930547,0/9
5,ALL,gb,score,all,0.05,4608,72.0,0.5625,8.705546554283393,3.6666666666666665,0.6419549391825515,-11.372545590591049,-46.91792602573156,0/9,-7.365295325704246,-30.09893919833526,0/9,-3.3580450608174486,-13.282417620402592,0/9
5,ALL,gb,score,all,0.1,9216,144.0,0.5589192708333334,8.660806108134937,3.7344835069444446,0.6208483944474187,-11.393357945985002,-93.22066255920369,0/9,-7.386254775768792,-60.308896492982385,0/9,-3.379151605552581,-27.395018004874654,0/9
5,ALL,gb,score,all,0.2,18431,287.984375,0.5496174922684608,8.778892224982783,3.800227876946449,0.5447388545380999,-11.469316962626417,-133.31929427870642,0/9,-7.462289054044159,-86.68585687805454,0/9,-3.4552611454619,-40.05352140016177,0/9
5,ALL,gb,score,all,0.5,46078,719.96875,0.5356569295542342,8.959029175843414,3.9069621077303704,0.43541199260057234,-11.578413137883242,-254.3863348512632,0/9,-7.571500572641334,-166.3249730096442,0/9,-3.5645880073994274,-78.18421593747634,0/9
5,ALL,gb,score,all,1.0,92155,1439.921875,0.5216103304215723,9.068645310182674,3.962552221800228,0.2832713893331023,-11.73044835916425,-335.39849335693725,0/9,-7.723588484915572,-220.95471128591134,0/9,-3.716728610666898,-106.38477712458999,0/9
5,ALL,gb,ev,all,0.02,1844,28.8125,0.5200650759219089,18.00072286497205,2.9853579175704987,0.7387937722282154,-11.275833929986607,-18.088147413278453,0/9,-7.268520078879194,-10.91673376992705,0/9,-3.2612062277717846,-3.7445439092149613,1/9
5,ALL,gb,ev,all,0.05,4608,72.0,0.5258246527777778,15.86562253502233,3.1640625,0.6093087156096451,-11.405034289151867,-35.810020940570546,0/9,-7.3978627867711095,-22.49108396614163,0/9,-3.3906912843903547,-9.170909384536207,0/9
5,ALL,gb,ev,all,0.1,9216,144.0,0.5294053819444444,14.30851159609197,3.3559027777777777,0.5350375431392176,-11.478890889317848,-68.51309899707466,0/9,-7.471926673089316,-44.22030538085962,0/9,-3.464962456860783,-19.92370167615019,0/9
5,ALL,gb,ev,all,0.2,18431,287.984375,0.5341001573436058,12.669869262148158,3.565894417014812,0.5173769621703156,-11.496275508487686,-132.68087810705677,0/9,-7.489449273158684,-85.69414820271128,0/9,-3.4826230378296845,-38.713229869403335,0/9
5,ALL,gb,ev,all,0.5,46078,719.96875,0.5320543426363992,10.59514038656062,3.829332870350276,0.42227213098859273,-11.591320570417944,-251.82344482211693,0/9,-7.584524219714673,-164.68661868384999,0/9,-3.577727869011407,-77.48726965046272,0/9
5,ALL,gb,ev,all,1.0,92155,1439.921875,0.5216103304215723,9.068645310182674,3.962552221800228,0.2832713893331023,-11.73044835916425,-335.39849335693725,0/9,-7.723588484915572,-220.95471128591134,0/9,-3.716728610666898,-106.38477712458999,0/9
5,ALL,lr,score,all,0.02,1844,28.8125,0.5265726681127982,14.527723503102962,3.3573752711496745,0.44477276386000036,-11.570423497187134,-30.420054904933362,0/9,-7.562825366663565,-19.361022669833353,0/9,-3.55522723614,-8.307256740343302,0/9
5,ALL,lr,score,all,0.05,4608,72.0,0.5394965277777778,12.241947565461848,3.5635850694444446,0.5658950666559073,-11.448583222060341,-63.95631132118848,0/9,-7.441344077702216,-40.58212957762115,0/9,-3.4341049333440927,-17.209640385264436,0/9
5,ALL,lr,score,all,0.1,9216,144.0,0.5406901041666666,10.948322603307243,3.6761067708333335,0.5392805066936741,-11.474990708229045,-102.52908189049563,0/9,-7.467855100767685,-66.15216226628493,0/9,-3.460719493306326,-29.77284059884748,0/9
5,ALL,lr,score,all,0.2,18431,287.984375,0.5378438500352667,10.035697243867222,3.788834029624003,0.4822649033905799,-11.531801444049032,-141.05270574741567,0/9,-7.524768270329224,-91.59940480828408,0/9,-3.51773509660942,-42.15613797293969,0/9
5,ALL,lr,score,all,0.5,46078,719.96875,0.5329224358696124,9.350692891209423,3.8897738617127477,0.4067826879892393,-11.607046792208061,-212.78798641418467,0/9,-7.6001320521094105,-139.18909596297365,0/9,-3.593217312010761,-65.58577770095592,0/9
5,ALL,lr,score,all,1.0,92155,1439.921875,0.5194400737887255,9.068645310182674,3.962552221800228,0.2568829496369299,-11.756836798860421,-326.7478316262657,0/9,-7.749976924611745,-215.448670656236,0/9,-3.74311705036307,-104.08649208198798,0/9
5,ALL,lr,ev,all,0.02,1844,28.8125,0.5081344902386117,18.647837342961584,2.9582429501084597,0.03168664961512503,-11.983225466554803,-22.13770810984534,0/9,-7.975769408469838,-13.854058628373432,0/9,-3.968313350384875,-5.564676287408023,0/9
5,ALL,lr,ev,all,0.05,4608,72.0,0.5221354166666666,16.438730397011966,3.197265625,0.3931850789175044,-11.621349287974757,-29.587031015319244,0/9,-7.614082104528626,-18.450219814558753,0/9,-3.6068149210824965,-7.319410425064462,0/9
5,ALL,lr,ev,all,0.1,9216,144.0,0.5225694444444444,14.605784898648771,3.3862847222222223,0.46845775273434614,-11.545482575822522,-61.84359714681347,0/9,-7.538512411544086,-40.180836062220244,0/9,-3.5315422472656537,-18.522707403863127,0/9
5,ALL,lr,ev,all,0.2,18431,287.984375,0.5266670283761055,12.81888561162255,3.5575931853941727,0.4501166224438661,-11.5636196480939,-133.2689738807724,0/9,-7.556751512825016,-86.50722756526172,0/9,-3.549883377556134,-39.75196090937758,0/9
5,ALL,lr,ev,all,0.5,46078,719.96875,0.5304917748166154,10.599072044721437,3.8010764356091844,0.3768173204919081,-11.6368094783605,-228.89126265616943,0/9,-7.629996078934294,-149.76644403669212,0/9,-3.6231826795080924,-70.6581020421164,0/9
5,ALL,lr,ev,all,1.0,92155,1439.921875,0.5194400737887255,9.068645310182674,3.962552221800228,0.2568829496369299,-11.756836798860421,-326.7478316262657,0/9,-7.749976924611745,-215.448670656236,0/9,-3.74311705036307,-104.08649208198798,0/9
5,ALL,gb,ev,pred_vol_high,0.02,1821,28.453125,0.5222405271828665,17.977352539242712,2.9659527732015376,0.7648905120784091,-11.249756387595786,-17.80308971106571,0/9,-7.2424329377586885,-10.71854694137721,0/9,-3.235109487921591,-3.633227080479534,1/9
5,ALL,gb,ev,pred_vol_high,0.05,4447,69.484375,0.525073082977288,15.928462669672799,3.1306498763211152,0.5996321385597765,-11.41475455645575,-34.13827497625283,0/9,-7.407561208947986,-21.44409222652897,0/9,-3.4003678614402233,-8.749066379040272,0/9
5,ALL,gb,ev,pred_vol_high,0.1,8400,131.25,0.5332142857142858,14.608132093855078,3.3007142857142857,0.6251944178056833,-11.38881453327495,-49.589007349552865,0/9,-7.381810057734632,-31.777852818995225,0/9,-3.374805582194317,-13.964598820252112,0/9
5,ALL,gb,ev,pred_vol_high,0.2,14958,233.71875,0.5368364754646343,13.457670761544769,3.4737264340152425,0.5983164435089876,-11.415458233632053,-74.35783925190921,0/9,-7.4085708950615325,-47.74590131383231,0/9,-3.4016835564910126,-21.137666444689884,0/9
5,ALL,gb,ev,pred_vol_high,0.5,29340,458.4375,0.5317314246762099,12.252007382116165,3.687900477164281,0.4741333426604758,-11.539592523428695,-96.54910285712585,0/9,-7.5327295903841085,-62.89625571895369,0/9,-3.5258666573395243,-29.245791279162464,0/9
5,ALL,gb,ev,pred_vol_high,1.0,46078,719.96875,0.5238074569208733,11.609749005714733,3.796779374104779,0.3639727085051196,-11.649782978423671,-112.59894174466713,0/9,-7.642905134959276,-73.84592428288553,0/9,-3.63602729149488,-35.09684516499938,0/9
5,ALL,gb,ev,pred_vol_low,0.02,23,0.359375,0.34782608695652173,19.851043002064376,4.521739130434782,-1.3273872393892838,-13.340495003625115,-4.28255241384904,0/1,-9.333941121507198,-3.0727573227679192,0/1,-5.327387239389283,-1.8628656560588615,0/1
5,ALL,gb,ev,pred_vol_low,0.05,161,2.515625,0.546583850931677,14.129907759925185,4.086956521739131,0.8765865922603624,-11.136549638839048,-8.664276246961185,0/6,-7.1299815232893415,-4.650404310941212,0/6,-3.1234134077396383,-0.6364051335615751,3/6
5,ALL,gb,ev,pred_vol_low,0.1,816,12.75,0.49019607843137253,11.224182942648204,3.924019607843137,-0.3930479313685173,-12.406147495641822,-21.714614961229422,0/9,-8.399597713505168,-14.368191235656905,0/9,-4.393047931368517,-7.0217107461259785,1/9
5,ALL,gb,ev,pred_vol_low,0.2,3473,54.265625,0.5223150014396775,9.276856066647305,3.9628563201842786,0.1687755334735527,-11.844350601286573,-66.76461556047063,0/9,-7.837787533906509,-43.72141421264872,0/9,-3.831224466526447,-20.674661024584612,0/9
5,ALL,gb,ev,pred_vol_low,0.5,16738,261.53125,0.532620384753256,7.6908222093829615,4.077249372684909,0.3313647376050912,-11.681994539749075,-131.36984708299644,0/9,-7.675314901071991,-86.38876566076797,0/9,-3.668635262394909,-41.37944643603935,0/9
5,ALL,gb,ev,pred_vol_low,1.0,46077,719.953125,0.5194131562384704,6.527486465580678,4.12832866723094,0.20256831871634753,-11.8111154905696,-176.0615845615413,0/9,-7.804273585926625,-116.25031987171495,0/9,-3.7974316812836526,-56.392379796311026,0/9
5,ALL,lr,ev,pred_vol_high,0.02,1836,28.6875,0.5087145969498911,18.676238488781863,2.9596949891067537,0.04320244002320604,-11.971710623924826,-22.156656756779125,0/9,-7.96425409195081,-13.866380045529148,0/9,-3.9567975599767937,-5.570360213335429,0/9
5,ALL,lr,ev,pred_vol_high,0.05,4416,69.0,0.5226449275362319,16.645783857467336,3.1736865942028984,0.4082840752922702,-11.606243283805664,-29.38449465841549,0/9,-7.598979604256696,-18.361336829141102,0/9,-3.5917159247077297,-7.3430048931845615,0/9
5,ALL,lr,ev,pred_vol_high,0.1,8394,131.15625,0.5247796044793901,14.920567518558633,3.338456040028592,0.5085148276928652,-11.505476072735746,-58.710704296797644,0/9,-7.49848062252144,-37.97997018246269,0/9,-3.491485172307135,-17.251549570208674,0/9
5,ALL,lr,ev,pred_vol_high,0.2,15319,239.359375,0.5289509759122658,13.439555752854261,3.4799268881780794,0.5084174872492424,-11.505423715756256,-75.02946716823338,0/9,-7.498503114253507,-49.052685216291614,0/9,-3.491582512750757,-23.083813364350434,0/9
5,ALL,lr,ev,pred_vol_high,0.5,30236,472.4375,0.5282114036248181,12.12176717331416,3.686631829607091,0.4260672785196808,-11.587680123315025,-100.09282959717456,0/9,-7.58080642239767,-65.45225014323117,0/9,-3.573932721480319,-30.825665452714883,0/9
5,ALL,lr,ev,pred_vol_high,1.0,46078,719.96875,0.5214636051911975,11.609749005714733,3.796779374104779,0.3324621524833591,-11.68129353444543,-109.13158204469525,0/9,-7.674415690981035,-71.85696546311031,0/9,-3.6675378475166407,-34.594895855370936,0/9
5,ALL,lr,ev,pred_vol_low,0.05,192,3.0,0.5104166666666666,11.676500806538343,3.7395833333333335,0.045908162297891485,-11.9687873838639,-6.89046864489649,0/6,-7.961439610783003,-4.28163025091194,0/6,-3.9540918377021086,-1.6740533821080534,2/6
5,ALL,lr,ev,pred_vol_low,0.1,822,12.84375,0.5,11.391325882196993,3.874695863746959,0.059407768303923,-11.954016136540748,-18.113448258634204,0/9,-7.947304184118412,-11.72284449356393,0/9,-3.940592231696077,-5.329195540167775,0/9
5,ALL,lr,ev,pred_vol_low,0.2,3112,48.625,0.5154241645244216,9.763600941465551,3.939910025706941,0.16312724328141084,-11.85009249111457,-46.41989135443723,0/9,-7.843482623916578,-30.572278189140803,0/9,-3.836872756718589,-14.702630920186948,0/9
5,ALL,lr,ev,pred_vol_low,0.5,15842,247.53125,0.5348440853427597,7.692860082334773,4.019505112990784,0.28281897868356726,-11.730577637630478,-134.08670624361358,0/9,-7.723879329473456,-88.2863672293814,0/9,-3.7171810213164327,-42.46742163856099,0/9
5,ALL,lr,ev,pred_vol_low,1.0,46077,719.953125,0.5174164984699525,6.527486465580678,4.12832866723094,0.1813021065100388,-11.832381702775908,-211.3884538475176,0/9,-7.825539798132934,-139.92342082038257,0/9,-3.818697893489961,-68.39735492807502,0/9
15,P,gb,score,all,0.02,1845,28.828125,0.5056910569105691,16.659820059205995,9.878048780487806,-0.35841604866739035,-12.37311698723539,-8.565760111734997,0/9,-8.36576651795139,-5.396728414618849,0/9,-4.358416048667389,-2.2276696063734307,1/9
15,P,gb,score,all,0.05,4608,72.0,0.5164930555555556,16.601101571419708,10.157335069444445,0.04870985693174812,-11.965935798094527,-12.175316750214234,0/9,-7.958612970581389,-7.677415984306141,0/9,-3.951290143068252,-3.179674948444818,0/9
15,P,gb,score,all,0.1,9215,143.984375,0.5277265328269126,16.034996752757372,10.285078676071622,0.5100778789990952,-11.504315247753938,-24.319456512178373,0/9,-7.49711868437742,-15.271634166008297,0/9,-3.489922121000905,-6.222895720407521,0/9
15,P,gb,score,all,0.2,18429,287.953125,0.5275923815725215,15.923838844291664,10.557328124152152,0.6223066780582951,-11.39192055815456,-40.40834609610242,0/9,-7.384806940048129,-25.780430589204716,0/9,-3.3776933219417047,-11.150135833519261,0/9
15,P,gb,score,all,0.5,46073,719.890625,0.516072320013891,15.6901278628918,10.866776637075946,0.2845328903260892,-11.729428664998819,-66.45763011074023,0/9,-7.722447887336363,-43.553546821532805,0/9,-3.7154671096739103,-20.643118249888722,0/9
15,P,gb,score,all,1.0,92145,1439.765625,0.5126593955179337,15.707639728829816,11.161245862499321,0.23280578235812285,-11.780914156061668,-97.2195238791981,0/9,-7.774054186851771,-64.15957138651969,0/9,-3.767194217641877,-31.093315665240322,0/9
15,P,gb,ev,all,0.02,1843,28.796875,0.5268583830710798,31.485419821045635,8.645686380900706,0.6816895279107339,-11.332490579006576,-4.555213013852504,1/8,-7.325400525547921,-2.1472227610284276,1/8,-3.3183104720892658,0.2606016054854234,1/8
15,P,gb,ev,all,0.05,4608,72.0,0.5256076388888888,28.591978126916203,9.21657986111111,0.6414171699552815,-11.372413623838163,-13.206006500223758,0/9,-7.36549822694144,-7.5283362997228735,0/9,-3.3585828300447185,-1.8504098132260527,1/9
15,P,gb,ev,all,0.1,9215,143.984375,0.5287032013022246,25.04332712560792,9.570265870862723,0.6253823237232772,-11.38836385195064,-19.584139878843903,0/9,-7.381490764113681,-11.964020438929865,0/9,-3.374617676276723,-4.342851695867449,0/9
15,P,gb,ev,all,0.2,18429,287.953125,0.5227087742145532,21.59042660052046,10.031255087090997,0.3526847542672937,-11.661075451984166,-35.79709849254936,0/9,-7.654195348858435,-22.909609427953857,0/9,-3.647315245732707,-10.019872113097078,0/9
15,P,gb,ev,all,0.5,46073,719.890625,0.5142708310724285,18.088782827540932,10.72988518221084,0.2464704536487873,-11.767303409699588,-67.11001297724573,0/9,-7.760416478025401,-44.072418747451756,0/9,-3.7535295463512126,-21.029749330450585,0/9
15,P,gb,ev,all,1.0,92145,1439.765625,0.5126593955179337,15.707639728829816,11.161245862499321,0.23280578235812285,-11.780914156061668,-97.2195238791981,0/9,-7.774054186851771,-64.15957138651969,0/9,-3.767194217641877,-31.093315665240322,0/9
15,P,lr,score,all,0.02,1843,28.796875,0.5561584373304395,18.050699443385422,9.681497558328811,1.051510279920144,-10.96383138984973,-8.13418156629067,0/9,-6.956160554964793,-4.311246985684242,0/9,-2.948489720079856,-0.48812874366774595,1/9
15,P,lr,score,all,0.05,4608,72.0,0.5466579861111112,17.161662360086773,9.994574652777779,0.6982626819901488,-11.31665094330989,-15.269609574009634,0/9,-7.309194130659869,-8.983957932559479,0/9,-3.301737318009851,-2.698194763890837,0/9
15,P,lr,score,all,0.1,9215,143.984375,0.543787303309821,16.490604700651982,10.139989148128052,0.6682682476913315,-11.346309495136156,-25.563027321004764,0/9,-7.339020623722411,-15.932973894820304,0/9,-3.3317317523086682,-6.3034674399050825,0/9
15,P,lr,score,all,0.2,18429,287.953125,0.5287318899560476,16.075076655685532,10.387053014270986,0.4213617819994928,-11.592917571695471,-36.43012143174861,0/9,-7.585777894847989,-23.38474694606638,0/9,-3.578638218000507,-10.340220299858014,0/9
15,P,lr,score,all,0.5,46073,719.890625,0.5207171228268183,15.766516593363074,10.878301825364096,0.3200584244153276,-11.693882055724487,-62.96370418434044,0/9,-7.686911815654579,-41.105681782487174,0/9,-3.6799415755846727,-19.247635862976043,0/9
15,P,lr,score,all,1.0,92145,1439.765625,0.5100982147701991,15.707639728829816,11.161245862499321,0.10226934877806779,-11.911450589641724,-84.51570099248495,0/9,-7.904590620431828,-56.085767508436476,0/9,-3.8977306512219325,-27.655441640983934,0/9
15,P,lr,ev,all,0.02,1843,28.796875,0.50244167118828,32.750398938610694,8.276180141074335,-0.5015517968833572,-12.515616056621628,-7.600048982179941,0/9,-8.50858392675249,-4.277301218699831,0/9,-4.501551796883358,-0.9545736351143551,3/9
15,P,lr,ev,all,0.05,4608,72.0,0.5149739583333334,27.909995040368855,8.895616319444445,-0.1261520821776754,-12.140044030751918,-13.57334313661986,0/9,-8.133098056464796,-8.226726311760316,0/9,-4.126152082177676,-2.8804158850716246,1/9
15,P,lr,ev,all,0.1,9215,143.984375,0.530005425935974,24.47617699689946,9.39772110689094,0.23434597996489195,-11.77966932268075,-19.9499164358113,0/9,-7.772661671357928,-12.043604310690577,0/9,-3.7656540200351074,-4.137765589956745,0/9
15,P,lr,ev,all,0.2,18429,287.953125,0.5254761517174019,21.491500606986044,9.955287861522601,0.2924495151800987,-11.721387012782662,-35.99684143947384,0/9,-7.714468748801281,-22.82584666517503,0/9,-3.707550484819901,-9.655353333936329,0/9
15,P,lr,ev,all,0.5,46073,719.890625,0.518980747943481,18.1759601185571,10.702493868426194,0.2822939362757037,-11.731414350016147,-65.66297438927339,0/9,-7.72456020687022,-42.852446997981275,0/9,-3.7177060637242967,-20.042710268819512,0/9
15,P,lr,ev,all,1.0,92145,1439.765625,0.5100982147701991,15.707639728829816,11.161245862499321,0.10226934877806779,-11.911450589641724,-84.51570099248495,0/9,-7.904590620431828,-56.085767508436476,0/9,-3.8977306512219325,-27.655441640983934,0/9
15,L2,gb,score,all,0.02,1843,28.796875,0.5252306022788931,18.892628709777266,9.693434617471514,0.5093939518375922,-11.505892675474627,-22.179551404733804,0/9,-7.498249361818515,-14.303468107552971,0/9,-3.4906060481624084,-6.431343514410614,0/9
15,L2,gb,score,all,0.05,4608,72.0,0.5167100694444444,17.88932243444114,10.14865451388889,0.4401292862607047,-11.574326002239246,-35.54271776373306,0/9,-7.56709835798927,-23.153805577455003,0/9,-3.5598707137392953,-10.765054473258397,0/9
15,L2,gb,score,all,0.1,9215,143.984375,0.5236028214867064,17.21346212001109,10.55615843733044,0.6614257561341582,-11.352676951358262,-47.197854402627655,0/9,-7.3456255976120515,-30.573892334375888,0/9,-3.3385742438658412,-13.94748684322141,0/9
15,L2,gb,score,all,0.2,18429,287.953125,0.5234141841662597,16.62276268041908,10.78745455532042,0.5968954894316261,-11.41704780748728,-67.12729997759587,0/9,-7.410076159027827,-43.5368020247142,0/9,-3.403104510568374,-19.94210060880164,0/9
15,L2,gb,score,all,0.5,46073,719.890625,0.518828815141189,16.033692222624662,11.04527597508302,0.4782223761223362,-11.535565532577255,-103.93516932922178,0/9,-7.52867157822746,-67.84250132254948,0/9,-3.521777623877664,-31.742548869859686,0/9
15,L2,gb,score,all,1.0,92145,1439.765625,0.5107385099571328,15.707639728829816,11.161245862499321,0.2750235716304894,-11.738696366789304,-144.57878626523896,0/9,-7.731836397579406,-95.24199880489286,0/9,-3.7249764283695104,-45.89113735832621,0/9
15,L2,gb,ev,all,0.02,1843,28.796875,0.5322843190450353,36.76480522512519,10.053174172544765,1.0217425443240598,-10.992625023226616,-5.7823558257855385,1/8,-6.985441239451277,-3.1112623148436698,1/8,-2.9782574556759402,-0.44165507733082565,1/8
15,L2,gb,ev,all,0.05,4608,72.0,0.5334201388888888,32.59714799447963,10.506293402777779,1.2046504557807347,-10.80900047711294,-15.196717002895191,0/9,-6.802175010666103,-9.150395299181536,0/9,-2.795349544219265,-3.1043552371135,1/9
15,L2,gb,ev,all,0.1,9215,143.984375,0.5259902333152469,28.80309145755127,10.798155181768855,1.0430715428525206,-10.970566796460611,-23.713713978619836,0/9,-6.963747626804045,-14.88004722576096,0/9,-2.956928457147479,-6.045649273342262,0/9
15,L2,gb,ev,all,0.2,18429,287.953125,0.5205925443594335,24.667498709341473,11.076292799392263,0.7543133346013949,-11.259214092656002,-38.59940364471818,0/9,-7.252450379027303,-25.020863547502575,0/9,-3.2456866653986047,-11.44046443691011,0/9
15,L2,gb,ev,all,0.5,46073,719.890625,0.5187854057691056,19.380387016938755,11.162633212510581,0.5227660715145576,-11.490778328116296,-104.0715758908073,0/9,-7.4840061283008685,-67.90515139906874,0/9,-3.4772339284854428,-31.731440719587326,0/9
15,L2,gb,ev,all,1.0,92145,1439.765625,0.5107385099571328,15.707639728829816,11.161245862499321,0.2750235716304894,-11.738696366789304,-144.57878626523896,0/9,-7.731836397579406,-95.24199880489286,0/9,-3.7249764283695104,-45.89113735832621,0/9
15,L2,lr,score,all,0.02,1843,28.796875,0.5116657623440043,19.301932801863664,9.943027672273468,0.09595137818637925,-11.919403150392549,-24.30914834151442,0/9,-7.911725886103084,-15.878515370690264,0/9,-3.9040486218136206,-7.446943202774029,0/9
15,L2,lr,score,all,0.05,4608,72.0,0.5316840277777778,18.141679826750064,10.348090277777779,0.5089118928121006,-11.505658049435418,-36.11793620088826,0/9,-7.4983730783116584,-23.26892576991985,0/9,-3.4910881071878994,-10.420896004347513,0/9
15,L2,lr,score,all,0.1,9215,143.984375,0.5246880086814976,17.23354644700644,10.690830168204014,0.5299158483021439,-11.484255963946472,-48.8391930593077,0/9,-7.477170057822165,-31.7304089206604,0/9,-3.470084151697856,-14.621829342400684,0/9
15,L2,lr,score,all,0.2,18429,287.953125,0.5263443485810407,16.50636232371192,10.910412936133268,0.641244174241768,-11.372692391683966,-70.15848792308869,0/9,-7.365724108721099,-45.44951025413571,0/9,-3.358755825758232,-20.740506358319234,0/9
15,L2,lr,score,all,0.5,46073,719.890625,0.5162893668743082,15.930865593642025,11.097193584094805,0.3865919870824484,-11.627224242198633,-110.55180544001934,0/9,-7.620316127558091,-72.46572937118223,0/9,-3.613408012917551,-34.3744443029686,0/9
15,L2,lr,score,all,1.0,92145,1439.765625,0.512040805252591,15.707639728829816,11.161245862499321,0.2857221967085494,-11.727997741711244,-167.01612978141094,0/9,-7.721137772501346,-109.96651181788131,0/9,-3.7142778032914507,-52.90500415406942,0/9
15,L2,lr,ev,all,0.02,1843,28.796875,0.49972870320130225,37.07030823300051,10.17308735756918,0.5275518630202785,-11.487065751438722,-7.718144553661028,1/9,-7.479756944209222,-4.424516597788822,1/9,-3.4724481369797218,-1.1370196350296309,2/9
15,L2,lr,ev,all,0.05,4608,72.0,0.5167100694444444,32.634100645740574,10.588541666666666,0.8112442178454332,-11.202795700897566,-15.388250673837824,0/9,-7.195775741526067,-9.415165252401094,0/9,-3.1887557821545673,-3.442216565183759,1/9
15,L2,lr,ev,all,0.1,9215,143.984375,0.5186109603906673,28.672573960937665,10.913727618014107,0.7456109907623426,-11.268157288591599,-27.688475346093078,0/9,-7.2612731489146265,-18.070040958374847,0/9,-3.2543890092376575,-8.451961285459587,0/9
15,L2,lr,ev,all,0.2,18429,287.953125,0.518367789896359,24.52712972460008,11.158825763741929,0.6187818907836774,-11.394766252042798,-49.447794540187424,0/9,-7.387992180629561,-32.246159367808005,0/9,-3.3812181092163223,-15.044535906203503,0/9
15,L2,lr,ev,all,0.5,46073,719.890625,0.5183296073622295,19.301369244125908,11.210274998372148,0.5139355160468605,-11.4996104374307,-109.26578009570464,0/9,-7.49283746069192,-71.28152377933127,0/9,-3.48606448395314,-33.292990551556656,0/9
15,L2,lr,ev,all,1.0,92145,1439.765625,0.512040805252591,15.707639728829816,11.161245862499321,0.2857221967085494,-11.727997741711244,-167.01612978141094,0/9,-7.721137772501346,-109.96651181788131,0/9,-3.7142778032914507,-52.90500415406942,0/9
15,PL2,gb,score,all,0.02,1843,28.796875,0.530113944655453,16.69635416435773,9.755832881172003,0.3784106160178321,-11.636291000289457,-6.70341513819993,0/9,-7.628940192135813,-3.831484457179455,0/9,-3.6215893839821685,-0.9595061863586415,2/9
15,PL2,gb,score,all,0.05,4608,72.0,0.533203125,16.315076382079102,10.262369791666666,0.3254717111662613,-11.689246860425497,-15.024568373669299,0/9,-7.681887574629617,-9.219158778563193,0/9,-3.674528288833739,-3.413339662716479,0/9
15,PL2,gb,score,all,0.1,9215,143.984375,0.5305480195333695,15.863388045773386,10.425284861638632,0.5391301441025538,-11.475322515891667,-23.381024471538936,0/9,-7.468096185894557,-14.651733287468677,0/9,-3.460869855897446,-5.921240923947965,0/9
15,PL2,gb,score,all,0.2,18429,287.953125,0.5296000868196864,15.728788263069625,10.569754191762982,0.6304443543540256,-11.383774128612798,-40.913810220641956,0/9,-7.376664887129385,-26.043205088564473,0/9,-3.3695556456459745,-11.168593345950155,0/9
15,PL2,gb,score,all,0.5,46073,719.890625,0.521737243070779,15.788656994513317,10.89049985891954,0.4539228130848064,-11.560005506584012,-75.04339702310496,0/9,-7.553041346749601,-48.8062613268874,0/9,-3.546077186915194,-22.559943091459207,0/9
15,PL2,gb,score,all,1.0,92145,1439.765625,0.5136686743719139,15.707639728829816,11.161245862499321,0.24559549859355082,-11.768124439826241,-101.18070117739492,0/9,-7.761264470616346,-66.7391269586288,0/9,-3.7544045014064498,-32.28827100750145,0/9
15,PL2,gb,ev,all,0.02,1843,28.796875,0.5333695062398264,31.25474357824004,8.648941942485079,1.3154859529735152,-10.698628012226031,-4.276894008143802,1/9,-6.691571029626258,-1.6750509287705204,2/9,-2.684514047026485,0.9270064334760221,2/9
15,PL2,gb,ev,all,0.05,4608,72.0,0.5329861111111112,28.183396964240913,9.191840277777779,1.143176537695995,-10.870565213286959,-11.896911885379241,0/9,-6.863694337795481,-6.6031603919031525,0/9,-2.856823462304005,-1.308988709967284,1/9
15,PL2,gb,ev,all,0.1,9215,143.984375,0.5332609875203472,24.845864447111722,9.607813347802496,0.7562868440205183,-11.257405631943158,-19.330598575997772,0/9,-7.250559393961318,-11.833573935881422,0/9,-3.243713155979481,-4.335416663477112,0/9
15,PL2,gb,ev,all,0.2,18429,287.953125,0.5277009061804764,21.815797730493586,10.084649194204786,0.6165591097927376,-11.397194551822215,-37.795553232194834,0/9,-7.390317721014738,-23.88052214671325,0/9,-3.3834408902072624,-9.963010575277062,0/9
15,PL2,gb,ev,all,0.5,46073,719.890625,0.519740411954941,18.296489908437454,10.733336227291472,0.3938402405097934,-11.619900260212605,-70.8104704140957,0/9,-7.613030009851403,-46.28028220247018,0/9,-3.606159759490206,-21.743104766293932,0/9
15,PL2,gb,ev,all,1.0,92145,1439.765625,0.5136686743719139,15.707639728829816,11.161245862499321,0.24559549859355082,-11.768124439826241,-101.18070117739492,0/9,-7.761264470616346,-66.7391269586288,0/9,-3.7544045014064498,-32.28827100750145,0/9
15,PL2,lr,score,all,0.02,1843,28.796875,0.5496473141616929,18.66759848698683,9.864894194248508,1.4621065196661691,-10.553167147814882,-14.495627343086435,0/9,-6.545530314074356,-8.971909802122129,0/9,-2.5378934803338304,-3.44802850540525,0/9
15,PL2,lr,score,all,0.05,4608,72.0,0.55078125,17.214167634275036,10.118055555555555,1.0916670177973553,-10.92319126847562,-24.102445177294026,0/9,-6.915762125339132,-15.135213297262776,0/9,-2.908332982202645,-6.1669977297497445,0/9
15,PL2,lr,score,all,0.1,9215,143.984375,0.5409658166033641,16.549469599028686,10.372653282691264,0.7962754362695013,-11.218250834088325,-38.956475048171384,0/9,-7.210987698909411,-24.74858969330392,0/9,-3.2037245637304985,-10.540906337880461,0/9
15,PL2,lr,score,all,0.2,18429,287.953125,0.534266644961745,16.199597683517517,10.629931086873949,0.6228087212829017,-11.39148744138254,-57.091159542038696,0/9,-7.384339360049819,-36.66220329399196,0/9,-3.3771912787170986,-16.23490266065055,0/9
15,PL2,lr,score,all,0.5,46073,719.890625,0.5247976038026609,15.812354803518367,10.941592689861741,0.4603293943231862,-11.553597834852502,-81.70313021973449,0/9,-7.546634220264657,-53.17961617750869,0/9,-3.5396706056768137,-24.654873816714755,0/9
15,PL2,lr,score,all,1.0,92145,1439.765625,0.5153182484128276,15.707639728829816,11.161245862499321,0.24766459309847033,-11.76605534532132,-118.80438353181476,0/9,-7.759195376111426,-78.3467166318594,0/9,-3.7523354069015302,-37.88819405738199,0/9
15,PL2,lr,ev,all,0.02,1843,28.796875,0.5094953879544222,33.63310190675224,8.679869777536625,0.31356556214333137,-11.700674739217183,-7.401539933800686,0/9,-7.693554588536924,-3.829584451912741,0/9,-3.6864344378566685,-0.26014934847674037,1/9
15,PL2,lr,ev,all,0.05,4608,72.0,0.5177951388888888,28.90931041228879,9.337890625,0.3454445223743877,-11.668752947549756,-14.723461868222474,0/9,-7.661654212587682,-9.201213937481267,0/9,-3.654555477625612,-3.680389368313321,1/9
15,PL2,lr,ev,all,0.1,9215,143.984375,0.5304395008138904,25.22102333296421,9.73163320672816,0.7661191632004657,-11.247822785543688,-23.94158683756877,0/9,-7.24085181117161,-14.691059526335826,0/9,-3.2338808367995346,-5.441205388989541,0/9
15,PL2,lr,ev,all,0.2,18429,287.953125,0.5283520538282055,21.94350897331878,10.163709371099896,0.592784986139621,-11.42102445020334,-46.260474773505656,0/9,-7.4141197320318595,-29.170221104327673,0/9,-3.407215013860379,-12.080798503049609,0/9
15,PL2,lr,ev,all,0.5,46073,719.890625,0.5231480476634905,18.24498755448528,10.724741171618952,0.43414097663370566,-11.579578339050688,-86.77569269899867,0/9,-7.57271868120849,-56.47456116498331,0/9,-3.5658590233662943,-26.17312325098234,0/9
15,PL2,lr,ev,all,1.0,92145,1439.765625,0.5153182484128276,15.707639728829816,11.161245862499321,0.24766459309847033,-11.76605534532132,-118.80438353181476,0/9,-7.759195376111426,-78.3467166318594,0/9,-3.7523354069015302,-37.88819405738199,0/9
15,ALL,gb,score,all,0.02,1843,28.796875,0.5333695062398264,14.089100248821932,9.399348887683125,0.7917764272588795,-11.22411233412974,-7.688320952883514,0/9,-7.216167953435431,-3.9737641323985065,1/9,-3.2082235727411206,-0.2614547460651797,2/9
15,ALL,gb,score,all,0.05,4608,72.0,0.5208333333333334,15.303449810287058,9.969835069444445,0.2694169016712673,-11.74529491798112,-11.001126172292704,0/9,-7.737939008154925,-6.405766381383608,0/9,-3.7305830983287325,-1.810387241202409,0/9
15,ALL,gb,score,all,0.1,9215,143.984375,0.5247965274009767,15.653621382369376,10.337276180141075,0.5516754779354017,-11.462622138107843,-21.000697280213966,0/9,-7.455473330086221,-12.900649913029447,0/9,-3.448324522064598,-4.799636906144773,0/9
15,ALL,gb,score,all,0.2,18429,287.953125,0.5294372999077541,15.81250177794468,10.64002387541375,0.5636245499826579,-11.450440126848916,-36.876304051668406,0/9,-7.443407788433129,-23.503795582831213,0/9,-3.4363754500173425,-10.129994267802662,0/9
15,ALL,gb,score,all,0.5,46073,719.890625,0.5220628133614047,15.737523906301787,10.937425390141732,0.3847851014082184,-11.62905846756175,-63.223291197925285,0/9,-7.622136683076765,-41.234472348773764,0/9,-3.6152148985917814,-19.241992577625453,0/9
15,ALL,gb,score,all,1.0,92145,1439.765625,0.5141136252645288,15.707639728829816,11.161245862499321,0.21058427869275578,-11.803135659727038,-95.39773131154571,0/9,-7.79627569051714,-63.01616254274795,0/9,-3.7894157213072437,-30.630699342587494,0/9
15,ALL,gb,ev,all,0.02,1843,28.796875,0.49158979924036894,30.268267126743236,8.048833423765599,-0.9808541994203729,-12.99519630032235,-6.6315308594251094,1/9,-8.988025249871361,-3.542927432439144,2/9,-4.9808541994203726,-0.45474594508919364,4/9
15,ALL,gb,ev,all,0.05,4608,72.0,0.5073784722222222,27.010800344474816,8.825086805555555,-0.24228921327471653,-12.256570979361719,-11.129453351553217,0/9,-8.249430096318216,-6.119288523128649,0/9,-4.2422892132747165,-1.1086328983563558,2/9
15,ALL,gb,ev,all,0.1,9215,143.984375,0.5175257731958763,24.34754207977325,9.582637004883342,0.25399667176268914,-11.759868284584082,-21.09811452054971,0/9,-7.7529358064106955,-13.103382996949074,0/9,-3.746003328237311,-5.108154415719273,0/9
15,ALL,gb,ev,all,0.2,18429,287.953125,0.5256932009333116,21.703759990621418,10.137771989798686,0.5299114161943149,-11.48377879186616,-34.56823039197381,0/9,-7.476933687835922,-21.579971501995836,0/9,-3.470088583805685,-8.590390389946776,0/9
15,ALL,gb,ev,all,0.5,46073,719.890625,0.5236038460703666,18.21538320389944,10.807587958240184,0.44228680651689056,-11.57135311936507,-63.83095228688109,0/9,-7.564533156424088,-41.548315438437704,0/9,-3.557713193483109,-19.263039942086227,0/9
15,ALL,gb,ev,all,1.0,92145,1439.765625,0.5141136252645288,15.707639728829816,11.161245862499321,0.21058427869275578,-11.803135659727038,-95.39773131154571,0/9,-7.79627569051714,-63.01616254274795,0/9,-3.7894157213072437,-30.630699342587494,0/9
15,ALL,lr,score,all,0.02,1843,28.796875,0.5138361367335865,24.173992596050947,9.927835051546392,0.3984884975926357,-11.618945529546982,-10.354048200925465,0/9,-7.610228515977172,-6.22589519194441,0/9,-3.6015115024073645,-2.1102788458304085,0/9
15,ALL,lr,score,all,0.05,4608,72.0,0.5193142361111112,21.703019187139976,10.235243055555555,0.3216021709223756,-11.693832900250236,-15.64681344944038,0/9,-7.68611536466393,-9.832950046027653,0/9,-3.6783978290776247,-4.039675501040004,1/9
15,ALL,lr,score,all,0.1,9215,143.984375,0.5232772653282691,19.301269278103284,10.421052631578947,0.44161171013683526,-11.573140894345158,-31.055360057893928,0/9,-7.565764592104161,-19.672873188879166,0/9,-3.5583882898631645,-8.303389625961634,0/9
15,ALL,lr,score,all,0.2,18429,287.953125,0.5240653318139888,17.59395295837059,10.60290845949319,0.42221969925446967,-11.592136013673633,-51.546889312276214,0/9,-7.584958157209579,-33.01357667163403,0/9,-3.5777803007455304,-14.482353289763783,0/9
15,ALL,lr,score,all,0.5,46073,719.890625,0.5259479521628719,16.180108020096757,10.941961669524451,0.4416812621852619,-11.572272074997699,-79.17812689267669,0/9,-7.565295406406217,-51.40981742565899,0/9,-3.5583187378147385,-23.64133966903202,0/9
15,ALL,lr,score,all,1.0,92145,1439.765625,0.518031363611699,15.707639728829816,11.161245862499321,0.33287663345484697,-11.680843304964947,-122.51063177575412,0/9,-7.673983335755049,-80.48342281311388,0/9,-3.667123366545153,-38.45834720450202,0/9
15,ALL,lr,ev,all,0.02,1843,28.796875,0.4666304937601736,33.357513499764174,8.777536625067825,-1.8868714436309875,-13.903700875050657,-6.588945568550858,0/9,-9.895286159340822,-3.5394039167638303,1/9,-5.886871443630988,-0.5025946251149827,2/9
15,ALL,lr,ev,all,0.05,4608,72.0,0.4984809027777778,29.192655747447233,9.25021701388889,-0.3035700810182779,-12.31836391074454,-12.791363714140202,0/9,-8.310966995881408,-7.550268690512286,0/9,-4.303570081018277,-2.3152624427567403,2/9
15,ALL,lr,ev,all,0.1,9215,143.984375,0.5107976125881715,25.615769170800558,9.68768312533912,0.12248864386743888,-11.891689627977206,-23.336475480504483,0/9,-7.884600492054884,-14.459446551838857,0/9,-3.877511356132561,-5.583928409745271,0/9
15,ALL,lr,ev,all,0.2,18429,287.953125,0.5241738564219437,22.28517467720139,10.142167236420859,0.4719171590710146,-11.541979161395824,-44.87183569608247,0/9,-7.535031001162404,-28.279295895632355,0/9,-3.5280828409289855,-11.689619128253012,0/9
15,ALL,lr,ev,all,0.5,46073,719.890625,0.52440691945391,18.210810298509895,10.689861741149913,0.47285884699919617,-11.540892264127473,-83.75373981310604,0/9,-7.534016708564139,-54.34188755971122,0/9,-3.527141153000804,-24.931522277020736,0/9
15,ALL,lr,ev,all,1.0,92145,1439.765625,0.518031363611699,15.707639728829816,11.161245862499321,0.33287663345484697,-11.680843304964947,-122.51063177575412,0/9,-7.673983335755049,-80.48342281311388,0/9,-3.667123366545153,-38.45834720450202,0/9
15,ALL,gb,ev,pred_vol_high,0.02,1839,28.734375,0.4921152800435019,30.288795377073086,8.044045676998369,-0.9776884746580449,-12.992032646053682,-6.660043055246123,1/9,-8.984860560355864,-3.567462221613729,2/9,-4.977688474658044,-0.47530854102733455,4/9
15,ALL,gb,ev,pred_vol_high,0.05,4468,69.8125,0.5085049239033125,27.204832684344453,8.787376902417188,-0.1929325508191562,-12.207240272768507,-10.919057365459203,0/9,-8.200086411793832,-6.027184319326852,0/9,-4.192932550819156,-1.1349104878476428,2/9
15,ALL,gb,ev,pred_vol_high,0.1,8233,128.640625,0.5158508441637313,25.06944302996222,9.3687598688206,0.21847391454045845,-11.79541420690231,-19.405598759122178,0/9,-7.788470146180924,-12.004547821759152,0/9,-3.781526085459541,-4.602801559530855,0/9
15,ALL,gb,ev,pred_vol_high,0.2,14506,226.65625,0.5272301116779263,23.27760622013635,9.831311181580036,0.6034802625611441,-11.41025190512609,-30.653111306073242,0/9,-7.403385821282472,-19.17720154302471,0/9,-3.396519737438856,-7.700438096135477,0/9
15,ALL,gb,ev,pred_vol_high,0.5,29225,456.640625,0.5272882805816937,21.05217680226796,10.412386655260907,0.5893763180039716,-11.424337791043735,-37.75293193710458,0/9,-7.417480736519881,-24.004691551758544,0/9,-3.4106236819960287,-10.256330845221697,0/9
15,ALL,gb,ev,pred_vol_high,1.0,46073,719.890625,0.5195016604084822,20.16978675986928,10.772556594968854,0.35294681954780993,-11.660809770333065,-44.19391878624991,0/9,-7.653931475392627,-28.76506987230071,0/9,-3.64705318045219,-13.335879283764832,0/9
15,ALL,gb,ev,pred_vol_low,0.05,140,2.1875,0.4714285714285714,20.818396812063842,10.028571428571428,-1.817471840785026,-13.830925244065023,-4.36069813260953,0/6,-9.824198542425023,-2.692942173236291,1/6,-5.817471840785027,-1.0251415593559259,2/6
15,ALL,gb,ev,pred_vol_low,0.1,982,15.34375,0.5315682281059063,18.295189205123766,11.375763747454176,0.5518162850117976,-11.461854457246037,-11.443606994702614,0/9,-7.455019086117118,-7.9174733305901555,0/9,-3.448183714988202,-4.39186535271476,1/9
15,ALL,gb,ev,pred_vol_low,0.2,3923,61.296875,0.5200101962783584,15.88417971905791,11.270966097374458,0.2578773388562514,-11.755657715916996,-14.62305428069882,0/9,-7.748890188530372,-9.496377003328853,0/9,-3.742122661143749,-4.368248331751653,1/9
15,ALL,gb,ev,pred_vol_low,0.5,16848,263.25,0.5172127255460589,13.294603710053277,11.493114909781577,0.1871413308990163,-11.826369914841743,-35.40649931814264,0/9,-7.819614291971363,-23.6984256909051,0/9,-3.812858669100984,-11.988958615086634,0/9
15,ALL,gb,ev,pred_vol_low,1.0,46072,719.875,0.5087254731724258,11.245395846187838,11.549943566591422,0.06821864783638092,-11.945464638326802,-61.35728174266123,0/9,-7.93862299524521,-41.173670361966394,0/9,-3.931781352163619,-20.986739903734676,0/9
15,ALL,lr,ev,pred_vol_high,0.02,1834,28.65625,0.46673936750272627,33.413414757694724,8.757906215921484,-1.9043326304189798,-13.921144943290486,-6.5189488123575945,0/9,-9.912738786854732,-3.4720852147044736,1/9,-5.904332630418979,-0.43789718789685256,2/9
15,ALL,lr,ev,pred_vol_high,0.05,4276,66.8125,0.4976613657623948,29.83634950467717,9.152712815715622,-0.4123550617629354,-12.42718777730028,-12.478847606801468,0/9,-8.419771419531607,-7.351218838346195,0/9,-4.412355061762935,-2.2293236196821193,2/9
15,ALL,lr,ev,pred_vol_high,0.1,7957,124.328125,0.5121276863139375,26.493231863243913,9.521679024758075,0.10405522245650571,-11.91020428369639,-23.649630558196442,0/9,-7.903074530619941,-14.857215147479238,0/9,-3.895944777543494,-6.06693643207262,0/9
15,ALL,lr,ev,pred_vol_high,0.2,14695,229.609375,0.5258931609390949,23.497186351805688,9.937801973460362,0.5404345936162342,-11.473557837425632,-33.719163618934566,0/9,-7.466561621904698,-21.057648697133306,0/9,-3.4595654063837658,-8.397548719031729,0/9
15,ALL,lr,ev,pred_vol_high,0.5,29457,460.265625,0.5284652204908851,21.059765861997946,10.44390127983162,0.6513671607029838,-11.362465741360847,-43.41869458518106,0/9,-7.35554929032893,-27.527408065365186,0/9,-3.348632839297016,-11.636944437613439,0/9
15,ALL,lr,ev,pred_vol_high,1.0,46073,719.890625,0.5209992837453606,20.16978675986928,10.772556594968854,0.5258786742780648,-11.487877915602812,-73.19645752098941,0/9,-7.480999620662372,-47.46824856255581,0/9,-3.474121325721935,-21.746819333578987,0/9
15,ALL,lr,ev,pred_vol_low,0.05,332,5.1875,0.5090361445783133,20.902190368184584,10.506024096385541,1.0975280444761633,-10.916764954743522,-4.4538557763142155,1/6,-6.909618455133679,-3.087730895040759,1/6,-2.902471955523837,-1.7227036297828044,1/6
15,ALL,lr,ev,pred_vol_low,0.1,1258,19.65625,0.5023847376788553,20.065713015179124,10.737678855325914,0.23908223223532013,-11.774582222923522,-10.145532380618507,0/9,-7.7677499953441,-6.420266063463757,0/9,-3.7609177677646795,-2.6950170985009936,2/9
15,ALL,lr,ev,pred_vol_low,0.2,3734,58.34375,0.5174076057846813,17.515353692115635,10.946438136047135,0.20226967630668563,-11.811248405033197,-26.644570905631966,0/9,-7.804489364363255,-17.666587951110824,0/9,-3.7977303236933144,-8.687156396258734,0/9
15,ALL,lr,ev,pred_vol_low,0.5,16616,259.625,0.5172123254694271,13.160155265188546,11.125902744342802,0.15639764112699625,-11.857208470262316,-43.05559362327657,0/9,-7.8504054145676605,-28.682423964571196,0/9,-3.8436023588730035,-14.307592281832635,0/9
15,ALL,lr,ev,pred_vol_low,1.0,46072,719.875,0.5150633790588643,11.245395846187838,11.549943566591422,0.13987040349200372,-11.873812882671182,-60.38059536155397,0/9,-7.866971239589588,-40.43565598403389,0/9,-3.8601295965079965,-20.488776253873976,0/9
30,P,gb,score,all,0.02,1848,28.875,0.5183982683982684,25.684026197366205,17.84469696969697,1.6359003799186003,-10.378811254944026,-3.2403233452616593,1/9,-6.371455437512712,-1.6413521234275696,3/9,-2.3640996200814,-0.04236501713805264,4/9
30,P,gb,score,all,0.05,4607,71.984375,0.5142174951161276,24.436128477208282,19.468417625352725,1.3986601979752264,-10.615873009241477,-6.709934635458792,0/9,-6.608606405633124,-3.932069304933141,0/9,-2.6013398020247736,-1.15401963265787,2/9
30,P,gb,score,all,0.1,9213,143.953125,0.5074351459893629,24.53309615526453,20.393574297188756,0.6433785589434319,-11.370984546926334,-9.074640653354178,0/9,-7.3638029939914516,-5.275913234386115,0/9,-3.3566214410565682,-1.476951139559726,1/9
30,P,gb,score,all,0.2,18430,287.96875,0.51828540423223,23.25677827414766,20.740803038524145,0.654106039929065,-11.36019213093047,-12.333886955786461,0/9,-7.353043045500701,-7.3597880117253025,0/9,-3.345893960070935,-2.385303484651349,2/9
30,P,gb,score,all,0.5,46071,719.859375,0.514466801241562,22.385986745489234,21.26825985978164,0.3497854642192582,-11.66426026939964,-29.922940627654114,0/9,-7.657237402590188,-19.30809283938414,0/9,-3.6502145357807416,-8.691738926128664,1/9
30,P,gb,score,all,1.0,92130,1439.53125,0.508650819494193,22.214495412880343,21.831933137957236,0.14225327919650974,-11.871466945316369,-51.668281526745105,0/9,-7.864606833059929,-34.22983748142393,0/9,-3.8577467208034903,-16.79024898369471,0/9
30,P,gb,ev,all,0.02,1843,28.796875,0.5366250678241997,46.6133021830869,18.463917525773194,3.844537146898759,-8.168929633610418,-1.447494991698742,1/7,-4.162196243355829,-0.17267375015642797,1/7,-0.15546285310124186,1.102189000478842,2/7
30,P,gb,ev,all,0.05,4607,71.984375,0.5246364228348166,41.63649126877268,19.374430214890385,1.7534294225816296,-10.260027613319242,-3.105943637524713,1/9,-6.2532990953688055,-1.3025136520343774,1/9,-2.2465705774183706,0.5009627965910479,2/9
30,P,gb,ev,all,0.1,9213,143.953125,0.5320742429176164,35.83453039922568,19.868772386844675,1.8696828353533685,-10.144189138713946,-7.197191607741091,0/9,-6.137253151680287,-3.7209451961828672,1/9,-2.1303171646466312,-0.24432955680753665,2/9
30,P,gb,ev,all,0.2,18426,287.90625,0.5053185715836318,30.562816437477892,20.151362205579073,0.4507934401127273,-11.563121549072845,-16.441762279659706,0/9,-7.556164054480057,-10.435438604197923,1/9,-3.549206559887273,-4.428446507645789,1/9
30,P,gb,ev,all,0.5,46065,719.765625,0.5092803647020514,25.554722798681695,21.054054054054053,0.2241327964059269,-11.789668413228853,-34.204788983764765,0/9,-7.782767808411461,-22.381940227444577,0/9,-3.7758672035940735,-10.55809760269051,0/9
30,P,gb,ev,all,1.0,92130,1439.53125,0.508650819494193,22.214495412880343,21.831933137957236,0.14225327919650974,-11.871466945316369,-51.668281526745105,0/9,-7.864606833059929,-34.22983748142393,0/9,-3.8577467208034903,-16.79024898369471,0/9
30,P,lr,score,all,0.02,1843,28.796875,0.5447639717851329,17.297745461154214,19.695604991861096,0.6570731120573895,-11.358303633492213,-2.6582799277484144,1/9,-7.350615260717411,-1.298134939021437,2/9,-3.342926887942611,0.062002078092214835,3/9
30,P,lr,score,all,0.05,4607,71.984375,0.5454742782721945,18.991709905649227,20.032125027132626,0.8828901755420836,-11.13215189984151,-4.565271663659991,0/9,-7.124630862149712,-2.2895396251034748,0/9,-3.1171098244579163,-0.01382018698826376,1/9
30,P,lr,score,all,0.1,9213,143.953125,0.5402149137088896,20.044891272052542,20.28318680125909,0.8158656765560381,-11.198925165300961,-9.070086563863718,0/9,-7.19152974437246,-5.1572953364074285,0/9,-3.1841343234439616,-1.2444702379735297,1/9
30,P,lr,score,all,0.2,18426,287.90625,0.5264300445023337,20.65804817105009,20.771301421903832,0.37604534052656186,-11.638391618669065,-18.856991285779337,0/9,-7.631173139071252,-11.879324052493345,0/9,-3.6239546594734384,-4.901686950342803,0/9
30,P,lr,score,all,0.5,46065,719.765625,0.5182893737110604,21.657109350822864,21.48164550092261,0.44871983358788603,-11.565281020913702,-28.152061613628316,0/9,-7.558280593662908,-18.009293977032392,0/9,-3.551280166412114,-7.865805540594227,0/9
30,P,lr,score,all,1.0,92130,1439.53125,0.5083577553457072,22.214495412880343,21.831933137957236,0.14377527358656722,-11.869944950926307,-44.46538768894063,0/9,-7.86308483866987,-29.455339927077922,0/9,-3.856224726413433,-14.444766017618267,0/9
30,P,lr,ev,all,0.02,1843,28.796875,0.5393380358111775,40.03535976310652,17.24036896364623,1.4426532253142361,-10.571731636291483,-3.6607756200580948,0/9,-6.564539205488623,-1.984288071705159,2/9,-2.557346774685764,-0.30779606046558344,4/9
30,P,lr,ev,all,0.05,4607,71.984375,0.5213805079227263,36.190365469123634,18.397655741263296,0.5823923806069718,-11.431940712678268,-5.6012273041425376,0/9,-7.424774166035647,-3.0433099765673934,0/9,-3.4176076193930287,-0.4853910520625905,2/9
30,P,lr,ev,all,0.1,9213,143.953125,0.5281667209378053,32.47233789002066,19.29425811353522,0.7917849020152185,-11.222360685264128,-9.092354408090362,0/9,-7.215287891624453,-5.373606292899859,0/9,-3.2082150979847817,-1.6548591329066793,0/9
30,P,lr,ev,all,0.2,18426,287.90625,0.5206773038098339,28.98679516387611,19.9712362965375,0.5643812722723753,-11.449590652198562,-14.228673046502127,0/9,-7.442604689963093,-8.634729740077423,0/9,-3.435618727727624,-3.040632134894126,0/9
30,P,lr,ev,all,0.5,46065,719.765625,0.5170302832953435,25.015979583969607,21.139346575491153,0.5333013504726889,-11.480496987654618,-30.742553559484605,0/9,-7.473597818590964,-19.69106531755944,0/9,-3.4666986495273115,-8.639035652439807,0/9
30,P,lr,ev,all,1.0,92130,1439.53125,0.5083577553457072,22.214495412880343,21.831933137957236,0.14377527358656722,-11.869944950926307,-44.46538768894063,0/9,-7.86308483866987,-29.455339927077922,0/9,-3.856224726413433,-14.444766017618267,0/9
30,L2,gb,score,all,0.02,1843,28.796875,0.5322843190450353,29.056729561574986,17.109061313076506,1.3109276531833487,-10.70324175027243,-12.404542891987196,0/9,-6.69615704854454,-8.12634782060208,0/9,-2.689072346816651,-3.8482069040812936,0/9
30,L2,gb,score,all,0.05,4607,71.984375,0.5172563490340786,26.337437679297658,19.334056869980465,0.7952444804066032,-11.218918933656543,-20.994411540859936,0/9,-7.211837226624968,-13.683233334723884,0/9,-3.2047555195933968,-6.3719753125390355,0/9
30,L2,gb,score,all,0.1,9213,143.953125,0.515901443612287,24.777794615650286,20.323564528383805,0.7557017890621381,-11.258541552319745,-27.735283601496565,0/9,-7.251419881628802,-17.996569585869015,0/9,-3.244298210937862,-8.257932854268528,0/9
30,L2,gb,score,all,0.2,18426,287.90625,0.5150331053945512,23.607344486120734,21.048192771084338,0.5648733663650302,-11.44922597648702,-42.63734713287492,0/9,-7.442176305060993,-27.81431024983981,0/9,-3.43512663363497,-12.990147288474946,0/9
30,L2,gb,score,all,0.5,46065,719.765625,0.5147291870183437,22.637420561857713,21.562357538261153,0.4934181298541904,-11.52044435034953,-68.61510104053204,0/9,-7.513513110247668,-44.7781805042747,0/9,-3.50658187014581,-20.93420679628956,0/9
30,L2,gb,score,all,1.0,92130,1439.53125,0.5091826766525561,22.214495412880343,21.831933137957236,0.2905027521079629,-11.723217472404913,-106.58914325843722,0/9,-7.716357360148475,-70.17059601946708,0/9,-3.709497247892038,-33.73830629953659,0/9
30,L2,gb,ev,all,0.02,1843,28.796875,0.5176342919153554,50.09855834248623,18.5122083559414,0.9633105808616195,-11.050301850584058,-7.052373573130991,0/9,-7.043495634861217,-4.522675651246432,0/9,-3.0366894191383804,-1.9930624688666125,0/9
30,L2,gb,ev,all,0.05,4607,71.984375,0.5233340568699805,45.29524265304428,20.217712177121772,1.4598656677427246,-10.553927603336847,-12.205566954425942,0/9,-6.547030967797061,-7.953623707387354,0/9,-2.5401343322572756,-3.7017235993566415,1/9
30,L2,gb,ev,all,0.1,9213,143.953125,0.5202431347009661,40.159013322460595,21.306957559969607,1.0088996615835482,-11.004714134879878,-23.624490284933273,0/9,-6.997907236648165,-15.769575842151898,0/9,-2.9911003384164516,-7.9143883549837275,1/9
30,L2,gb,ev,all,0.2,18426,287.90625,0.5173124932161077,34.300076076697934,21.837186584174535,0.9333253085142185,-11.080298445064328,-39.44629865143804,0/9,-7.073486568275054,-25.63805545129035,0/9,-3.0666746914857814,-11.82907905410821,0/9
30,L2,gb,ev,all,0.5,46065,719.765625,0.5134266796917399,27.094522944480858,21.964029089330293,0.5560318700702913,-11.457584412326916,-71.30780432178406,0/9,-7.450776271128312,-46.60263623344121,0/9,-3.4439681299297082,-21.891167354743576,0/9
30,L2,gb,ev,all,1.0,92130,1439.53125,0.5091826766525561,22.214495412880343,21.831933137957236,0.2905027521079629,-11.723217472404913,-106.58914325843722,0/9,-7.716357360148475,-70.17059601946708,0/9,-3.709497247892038,-33.73830629953659,0/9
30,L2,lr,score,all,0.02,1843,28.796875,0.5274009766684753,28.939159201219532,18.396093326098754,1.3087109815008373,-10.707885147215206,-17.007174438857845,0/9,-6.699587082857183,-10.521593726766806,0/9,-2.6912890184991634,-4.0344882162368645,0/9
30,L2,lr,score,all,0.05,4607,71.984375,0.5257217278055133,27.095855930877587,19.52702409377035,0.7298934369897758,-11.285116056372388,-27.83456653855854,0/9,-7.277611309691306,-17.699368151015314,0/9,-3.2701065630102244,-7.564356425465819,0/9
30,L2,lr,score,all,0.1,9213,143.953125,0.5259958753934657,25.585159653466626,20.36643872788451,0.6933398364151943,-11.321020036669823,-32.24478057969534,0/9,-7.3138401001273134,-20.700740799020515,0/9,-3.306660163584806,-9.156874126495522,0/9
30,L2,lr,score,all,0.2,18426,287.90625,0.5210572017800933,24.31701543892195,21.03907521979811,0.6566965779235577,-11.35731605607428,-44.24703932362122,0/9,-7.35030973907536,-28.673423187029737,0/9,-3.3433034220764424,-13.09962859984953,0/9
30,L2,lr,score,all,0.5,46065,719.765625,0.5164007380874851,22.96952817171602,21.58975360903072,0.48032051722865843,-11.533475647205334,-60.86254795002517,0/9,-7.526577564988337,-39.73318737987175,0/9,-3.5196794827713416,-18.60199185170403,0/9
30,L2,lr,score,all,1.0,92130,1439.53125,0.5082600672962119,22.214495412880343,21.831933137957236,0.22550723621086358,-11.788212988302012,-99.27697497421329,0/9,-7.781352876045574,-65.53606423737575,0/9,-3.774492763789136,-31.790431839889003,0/9
30,L2,lr,ev,all,0.02,1843,28.796875,0.49104720564297344,51.449808896262134,20.683125339121,0.10475865673610792,-11.910538452284834,-7.364360267213085,0/9,-7.902889897774363,-4.518526368541308,1/9,-3.8952413432638924,-1.671903182896532,1/9
30,L2,lr,ev,all,0.05,4607,71.984375,0.5005426524853483,45.66898583709147,21.159756891686563,0.04257847547508967,-11.971636595201096,-13.499841271756308,0/9,-7.964529059863003,-8.487848293480507,0/9,-3.9574215245249103,-3.474785394846092,2/9
30,L2,lr,ev,all,0.1,9213,143.953125,0.5102572451970042,40.46051214746321,21.50461304678172,0.334855006723066,-11.678925087022037,-20.476215671786125,0/9,-7.672035040149486,-13.404962637922715,0/9,-3.6651449932769333,-6.333402313248269,0/9
30,L2,lr,ev,all,0.2,18426,287.90625,0.5151959188103766,34.76531803842715,21.937371106045806,0.544203298293947,-11.469343394760754,-32.15425758688276,0/9,-7.462570048233404,-20.910662080095577,0/9,-3.4557967017060536,-9.667854577694598,0/9
30,L2,lr,ev,all,0.5,46065,719.765625,0.5142081840877022,27.395759937435102,21.964593509171824,0.4710039492697885,-11.54254959179905,-63.84567252220704,0/9,-7.535772821264629,-41.68998948818506,0/9,-3.528996050730212,-19.533182931327055,0/9
30,L2,lr,ev,all,1.0,92130,1439.53125,0.5082600672962119,22.214495412880343,21.831933137957236,0.22550723621086358,-11.788212988302012,-99.27697497421329,0/9,-7.781352876045574,-65.53606423737575,0/9,-3.774492763789136,-31.790431839889003,0/9
30,PL2,gb,score,all,0.02,1843,28.796875,0.5382528486163863,25.975769719807204,18.371676614215954,2.6126975743872465,-9.401942270062605,-3.239508341653706,1/9,-5.394622347837679,-1.5484437883421163,2/9,-1.3873024256127529,0.1426557049548948,5/9
30,PL2,gb,score,all,0.05,4607,71.984375,0.5183416540047754,24.67355906674234,19.690471022357283,1.4286351678087272,-10.585890223293653,-7.6808108391449945,0/9,-6.578627527742461,-4.647285618133333,1/9,-2.5713648321912728,-1.6136175113549605,1/9
30,PL2,gb,score,all,0.1,9213,143.953125,0.5138391403451644,24.115169209237,20.250732660371213,0.7532839482597399,-11.261148358172616,-8.752326448911127,0/9,-7.253932204956437,-5.213622064958627,0/9,-3.2467160517402602,-1.6747617376764523,1/9
30,PL2,gb,score,all,0.2,18426,287.90625,0.513459242374905,23.378132064610814,20.666720937805277,0.4998461466815248,-11.51450893310178,-14.041086990027214,0/9,-7.507331393210126,-8.582756469640614,0/9,-3.500153853318475,-3.1250215421109697,2/9
30,PL2,gb,score,all,0.5,46065,719.765625,0.5123629653750136,22.285624191092694,21.227070443937915,0.29523873301578984,-11.718806675676271,-30.37269749022774,0/9,-7.71178397133024,-19.654988505481203,0/9,-3.7047612669842107,-8.935744240579288,0/9
30,PL2,gb,score,all,1.0,92130,1439.53125,0.511917942038424,22.214495412880343,21.831933137957236,0.27518026361203474,-11.73853996090084,-49.29767627896229,0/9,-7.731679848644402,-32.47139166826002,0/9,-3.724819736387965,-15.643351736079167,0/9
30,PL2,gb,ev,all,0.02,1843,28.796875,0.5474769397721106,46.73694859869736,18.457406402604448,4.553015595018173,-7.460434901918866,-1.1135119714490718,1/7,-3.4537096534503458,0.21344719229697132,1/7,0.553015595018173,1.5404408206235314,3/7
30,PL2,gb,ev,all,0.05,4607,71.984375,0.5179075320164966,41.44262190636983,19.270892120685915,1.3402317919046338,-10.673306109329781,-3.252499606072011,1/9,-6.666537158712573,-1.360943091810731,1/9,-2.6597682080953664,0.5306573163877489,1/9
30,PL2,gb,ev,all,0.1,9213,143.953125,0.5257787908390318,35.57309905866767,19.724194073591665,1.493928389269644,-10.519936104713306,-8.102514802847711,0/9,-6.51300385772183,-4.513784088953541,1/9,-2.506071610730356,-0.9248208342755803,1/9
30,PL2,gb,ev,all,0.2,18426,287.90625,0.5006512536633019,30.385036529685618,20.043959622272876,0.1864181626168637,-11.82746778944103,-17.958839883172953,0/9,-7.820524813412081,-11.45540634086197,0/9,-3.8135818373831363,-4.9512186042462405,1/9
30,PL2,gb,ev,all,0.5,46065,719.765625,0.508650819494193,25.54779640695367,21.011136437642463,0.21427118465430478,-11.799522240475664,-34.231918116740545,0/9,-7.792625527910679,-22.34136046079352,0/9,-3.785728815345695,-10.449503906907484,0/9
30,PL2,gb,ev,all,1.0,92130,1439.53125,0.511917942038424,22.214495412880343,21.831933137957236,0.27518026361203474,-11.73853996090084,-49.29767627896229,0/9,-7.731679848644402,-32.47139166826002,0/9,-3.724819736387965,-15.643351736079167,0/9
30,PL2,lr,score,all,0.02,1843,28.796875,0.5436787845903418,20.64629609769703,19.578404774823657,1.3440267650608213,-10.67138641536432,-6.704037112612268,1/9,-6.663679825151748,-3.766309227295879,1/9,-2.6559732349391787,-0.8282143678199719,2/9
30,PL2,lr,score,all,0.05,4607,71.984375,0.5452572172780551,21.36952193553948,20.10418927718689,1.3083245756990656,-10.706819278239637,-10.835799709894486,0/9,-6.6992473512702855,-6.310120236470237,0/9,-2.6916754243009344,-1.784470870786339,1/9
30,PL2,lr,score,all,0.1,9213,143.953125,0.5423857592532292,21.623648479174346,20.431998263323564,1.1700415614084998,-10.844790659475397,-17.270812467492213,0/9,-6.837374549033448,-10.418921182576733,0/9,-2.8299584385915,-3.5668267022263227,0/9
30,PL2,lr,score,all,0.2,18426,287.90625,0.5301204819277109,21.769485226173302,20.76381200477586,0.7581632055944029,-11.25630755024797,-24.77555802344317,0/9,-7.249072172326782,-15.492583632040171,0/9,-3.241836794405597,-6.209799891531729,0/9
30,PL2,lr,score,all,0.5,46065,719.765625,0.5199609247802018,22.0024648284697,21.450276782806903,0.46083551181170623,-11.5531643568633,-38.6263991613427,0/9,-7.546164422525796,-24.936265956280316,0/9,-3.5391644881882938,-11.245298170580686,0/9
30,PL2,lr,score,all,1.0,92130,1439.53125,0.5126126126126126,22.214495412880343,21.831933137957236,0.2157637386030665,-11.79795648590981,-57.29585372644501,0/9,-7.79109637365337,-37.836417561575956,0/9,-3.784236261396933,-18.376376405645125,0/9
30,PL2,lr,ev,all,0.02,1843,28.796875,0.5257731958762887,45.00589359399439,18.07813347802496,1.7178318399004049,-10.296508119842674,-4.472789142401773,0/9,-6.289338139971135,-2.210957434217736,1/9,-2.2821681600995953,0.05014499074199617,3/9
30,PL2,lr,ev,all,0.05,4607,71.984375,0.5237681788582592,38.826854273684106,18.871065769481223,1.1984764003512962,-10.816001094241566,-7.378209698730502,0/9,-6.808762346945135,-4.029514942129044,0/9,-2.801523599648703,-0.6815495637872896,2/9
30,PL2,lr,ev,all,0.1,9213,143.953125,0.5292521437099751,34.237506489136166,19.467383045696298,1.262085588634892,-10.752043592405759,-13.746900367827141,0/9,-6.744979001885431,-8.272597151365568,0/9,-2.7379144113651077,-2.7988625723499716,0/9
30,PL2,lr,ev,all,0.2,18426,287.90625,0.5220883534136547,30.011125089065573,20.031694344947358,0.772754843284519,-11.241227491497401,-22.909968149522207,0/9,-7.2342363241064405,-14.124388492749521,0/9,-3.2272451567154805,-5.338809946971707,0/9
30,PL2,lr,ev,all,0.5,46065,719.765625,0.5166829480082492,25.31064578518863,21.07808531422989,0.4652658929940288,-11.548528688656258,-41.26116956994185,0/9,-7.541631397831114,-26.665771463717853,0/9,-3.534734107005971,-12.06984339458824,0/9
30,PL2,lr,ev,all,1.0,92130,1439.53125,0.5126126126126126,22.214495412880343,21.831933137957236,0.2157637386030665,-11.79795648590981,-57.29585372644501,0/9,-7.79109637365337,-37.836417561575956,0/9,-3.784236261396933,-18.376376405645125,0/9
30,ALL,gb,score,all,0.02,1849,28.890625,0.5489453758788534,25.22293843338313,18.94916170903191,3.061646298133697,-8.95379416886283,-2.6142299612927173,1/9,-4.946073935364564,-0.810244416082358,1/9,-0.938353701866303,0.9932777410487229,4/9
30,ALL,gb,score,all,0.05,4608,72.0,0.533203125,24.715798252141767,19.75412326388889,1.665825106034688,-10.348977759788738,-7.523785587300779,0/9,-6.341576326877024,-4.662622992673879,0/9,-2.334174893965312,-1.8009076210921509,4/9
30,ALL,gb,score,all,0.1,9214,143.96875,0.5227914043846321,23.848911448075594,20.280225743433906,1.0565021325091228,-10.957737311403568,-10.612583380890547,0/9,-6.950617589447221,-6.5959729554604705,0/9,-2.943497867490877,-2.579040868375247,1/9
30,ALL,gb,score,all,0.2,18426,287.90625,0.5143275805926408,23.12820744518806,20.917290784760663,0.6840066521673018,-11.32986658947957,-15.039565318648021,0/9,-7.322929968656133,-9.344160715728018,0/9,-3.315993347832698,-3.6482215355956935,0/9
30,ALL,gb,score,all,0.5,46065,719.765625,0.5103657874742212,22.685423212072696,21.50001085422772,0.2779610373837213,-11.735754544040338,-28.70313323820383,0/9,-7.728896753328309,-18.70097776909805,0/9,-3.7220389626162786,-8.69826174134366,0/9
30,ALL,gb,score,all,1.0,92130,1439.53125,0.5067947465537826,22.214495412880343,21.831933137957236,0.13845631859653332,-11.875263905916341,-40.309373931124995,0/9,-7.868403793659904,-26.707619600911446,0/9,-3.8615436814034667,-13.105719436704423,0/9
30,ALL,gb,ev,all,0.02,1843,28.796875,0.5187194791101465,42.303263399024736,18.106890938686924,1.4905004359725866,-10.524505896133928,-2.580490580704302,2/9,-6.5170027300806685,-1.194973430383872,4/9,-2.509499564027414,0.19032465484417446,5/9
30,ALL,gb,ev,all,0.05,4607,71.984375,0.5296288257000217,37.68085839629334,18.961146082049055,1.8383193263144624,-10.175869158696893,-4.146348841643571,1/9,-6.1687749161912135,-2.0190782169842003,1/9,-2.161680673685537,0.10854165192571735,4/9
30,ALL,gb,ev,all,0.1,9213,143.953125,0.5228481493541735,34.69962304865685,19.872354281992838,0.9379019719269853,-11.075959991405997,-8.105391113286393,0/9,-7.069029009739503,-4.609885964856916,0/9,-3.0620980280730143,-1.1139924847098734,2/9
30,ALL,gb,ev,all,0.2,18426,287.90625,0.5042331488114621,30.959177862134897,20.290839031802886,0.33530941422790045,-11.678313081651387,-16.422690133732548,0/9,-7.671501833711744,-10.363549400189688,0/9,-3.6646905857721,-4.304381321589579,0/9
30,ALL,gb,ev,all,0.5,46065,719.765625,0.5053728427222404,25.724644623102982,21.23023987843265,0.1979480733876979,-11.815613249506415,-27.91598587704505,0/9,-7.808832588059358,-18.408656269660376,0/9,-3.802051926612302,-8.901245984694242,0/9
30,ALL,gb,ev,all,1.0,92130,1439.53125,0.5067947465537826,22.214495412880343,21.831933137957236,0.13845631859653332,-11.875263905916341,-40.309373931124995,0/9,-7.868403793659904,-26.707619600911446,0/9,-3.8615436814034667,-13.105719436704423,0/9
30,ALL,lr,score,all,0.02,1843,28.796875,0.5322843190450353,30.623023272284506,20.27075420510038,2.005678025587769,-10.009743324888149,-4.990497875482355,0/9,-6.0020326496501895,-3.0875526172727152,0/9,-1.9943219744122316,-1.1881157466699674,1/9
30,ALL,lr,score,all,0.05,4607,71.984375,0.5259387887996527,28.342274657815864,20.49663555459084,1.3740817909409342,-10.640681771122669,-7.35340472029517,0/9,-6.633299990090866,-4.401999142156401,0/9,-2.625918209059066,-1.4573112037136646,0/9
30,ALL,lr,score,all,0.1,9213,143.953125,0.5261044176706827,26.169992667237384,20.75230652339086,0.9137621052917247,-11.1007243162312,-13.692424806992472,0/9,-7.093481105469737,-8.228790477528655,0/9,-3.086237894708275,-2.7674764658103976,0/9
30,ALL,lr,score,all,0.2,18426,287.90625,0.5218169977206122,24.493528882536324,20.9475740801042,0.6642007033650479,-11.350054755691295,-24.28496055135299,0/9,-7.342927026163124,-15.064221227690464,0/9,-3.3357992966349523,-5.843790154134079,0/9
30,ALL,lr,score,all,0.5,46065,719.765625,0.5209160968197113,22.837168065909044,21.468511885379357,0.5052038786598627,-11.508724284825687,-39.195564434732574,0/9,-7.501760203082912,-25.261517529135023,0/9,-3.4947961213401375,-11.326359542124168,0/9
30,ALL,lr,score,all,1.0,92130,1439.53125,0.5150439596222729,22.214495412880343,21.831933137957236,0.32071853879518564,-11.69300168571769,-60.73433538983391,0/9,-7.686141573461252,-39.92261546228656,0/9,-3.679281461204815,-19.109151834546385,0/9
30,ALL,lr,ev,all,0.02,1843,28.796875,0.49158979924036894,43.670136903949015,17.224633749321757,-0.45020762035357725,-12.465699542137447,-3.8084909667165725,0/9,-8.45795358124551,-1.9082450543099307,2/9,-4.450207620353577,-0.00874223937819817,3/9
30,ALL,lr,ev,all,0.05,4607,71.984375,0.5172563490340786,38.4024471414585,18.27501627957456,0.8540856645857354,-11.160291031253477,-6.564127877016918,0/9,-7.15310268333387,-3.5333875802437693,0/9,-3.1459143354142647,-0.5038527138242743,3/9
30,ALL,lr,ev,all,0.1,9213,143.953125,0.5177466623249756,34.308265333213015,19.26061000759796,0.8033178959566689,-11.210657577637846,-12.306359644335556,0/9,-7.203669840840589,-7.360726615489427,0/9,-3.1966821040433313,-2.4158970194975113,0/9
30,ALL,lr,ev,all,0.2,18426,287.90625,0.5186150005427114,30.42649711150751,20.097145338109193,0.7603051734222687,-11.253527934428226,-20.88032000587693,0/9,-7.246611380502979,-12.932276784467023,0/9,-3.2396948265777312,-4.984765751724894,0/9
30,ALL,lr,ev,all,0.5,46065,719.765625,0.5166395310973624,25.45926917891896,21.07634863779442,0.5264495993506103,-11.487336327475175,-39.48791564145653,0/9,-7.480443364062282,-25.511089931547488,0/9,-3.4735504006493896,-11.533318183473495,0/9
30,ALL,lr,ev,all,1.0,92130,1439.53125,0.5150439596222729,22.214495412880343,21.831933137957236,0.32071853879518564,-11.69300168571769,-60.73433538983391,0/9,-7.686141573461252,-39.92261546228656,0/9,-3.679281461204815,-19.109151834546385,0/9
30,ALL,gb,ev,pred_vol_high,0.02,1819,28.421875,0.5189664650907092,42.33599796680524,18.05717427157779,1.5300353945326983,-10.484991263612507,-2.5763912682708634,2/9,-6.477477934539904,-1.1902125399937264,4/9,-2.4699646054673017,0.19574855123576113,5/9
30,ALL,gb,ev,pred_vol_high,0.05,4315,67.421875,0.5332560834298957,38.13405191358035,18.739976825028968,2.0063688410280207,-10.007878338065835,-4.094595808816751,1/9,-6.000754748518907,-1.9724870414661588,1/9,-1.9936311589719795,0.14997476585067154,4/9
30,ALL,gb,ev,pred_vol_high,0.1,7971,124.546875,0.5235227700414,35.692002190867385,19.312758750470454,1.0150204664046416,-10.998909261085375,-7.1056680709094975,0/9,-6.991944397340367,-3.8433582819712373,0/9,-2.9849795335953586,-0.580739995977383,2/9
30,ALL,gb,ev,pred_vol_high,0.2,13903,217.234375,0.5126231748543479,33.47497264828211,19.76530245270805,0.7154533579244747,-11.298233022932445,-12.160545350988876,0/9,-7.2913898325039845,-7.442095267019728,0/9,-3.2845466420755254,-2.7237053940192544,0/9
30,ALL,gb,ev,pred_vol_high,0.5,27520,430.0,0.5131177325581395,30.20948237138508,20.580813953488374,0.661425471197629,-11.352264471436904,-17.3898549675566,0/9,-7.345419500119637,-10.952949289598713,0/9,-3.3385745288023716,-4.516262453590001,0/9
30,ALL,gb,ev,pred_vol_high,1.0,46065,719.765625,0.5093020731574949,28.572693200051674,21.326516878324107,0.47505789856474584,-11.538702873184704,-21.44504808967232,0/9,-7.531822487309978,-13.761980283868883,0/9,-3.5249421014352538,-6.078898671894705,0/9
30,ALL,gb,ev,pred_vol_low,0.02,24,0.375,0.5,39.82225594932693,21.875,-1.5059199648958668,-13.519385752653086,-1.699662215232408,0/1,-9.512652858774475,-1.3676011287303949,0/1,-5.505919964895867,-1.0355355606783572,0/1
30,ALL,gb,ev,pred_vol_low,0.05,292,4.5625,0.476027397260274,30.98383775556224,22.22945205479452,-0.645015112004042,-12.658336251241455,-4.665224036551861,1/5,-8.651675681622748,-2.766749053033089,1/5,-4.645015112004042,-0.8681631018536764,1/5
30,ALL,gb,ev,pred_vol_low,0.1,1242,19.40625,0.5185185185185185,28.330658360605202,23.463768115942027,0.44296516075033726,-11.57046190073421,-6.425766462783214,0/7,-7.563748369991936,-4.348280247296713,1/7,-3.5570348392496633,-2.27079256807188,2/7
30,ALL,gb,ev,pred_vol_low,0.2,4523,70.671875,0.4784435109440637,23.226015157778342,21.90625690913111,-0.8331940678002829,-12.84662019117371,-11.140615146535314,0/9,-8.839907129486996,-7.731838427231282,0/9,-4.833194067800283,-4.322418853287367,0/9
30,ALL,gb,ev,pred_vol_low,0.5,18545,289.765625,0.4938797519547048,19.069334036275094,22.193960636290104,-0.48983289117036627,-12.503203347779426,-23.766877337008218,0/9,-8.496518119474896,-16.222429424188334,0/9,-4.489832891170367,-8.677445655636935,0/9
30,ALL,gb,ev,pred_vol_low,1.0,46065,719.765625,0.5042874199500705,15.856297625709013,22.337349397590362,-0.19814526137167918,-12.21182493864798,-32.83048705333966,0/9,-8.204985100009829,-22.246907812838913,0/9,-4.198145261371679,-11.66280295418041,0/9
30,ALL,lr,ev,pred_vol_high,0.02,1802,28.15625,0.49334073251942284,43.9984203056995,17.09544950055494,-0.3688847636954677,-12.384398179145697,-3.6018264400984634,0/9,-8.376641471420582,-1.722672614652619,2/9,-4.368884763695467,0.15563630902298173,3/9
30,ALL,lr,ev,pred_vol_high,0.05,4205,65.703125,0.513436385255648,39.3632490071446,18.063258026159335,0.5406316318051084,-11.473869237794334,-6.541800246330763,0/9,-7.4666188029946134,-3.5298307167253955,0/9,-3.4593683681948915,-0.5191096776421074,3/9
30,ALL,lr,ev,pred_vol_high,0.1,7884,123.1875,0.5167427701674278,35.57338938040263,19.02625570776256,0.6356449642748173,-11.378456625498991,-11.52789389832615,0/9,-7.371405830612086,-6.788298460634196,0/9,-3.364355035725183,-2.049375605826539,0/9
30,ALL,lr,ev,pred_vol_high,0.2,14427,225.421875,0.5191654536632703,32.42978698956441,19.883967560823457,0.759618675005709,-11.254333658374845,-16.549890588113726,0/9,-7.247357491684567,-10.097915848468602,0/9,-3.240381324994291,-3.6464729166992638,0/9
30,ALL,lr,ev,pred_vol_high,0.5,28953,452.390625,0.5187372638413982,29.71637087447487,20.781784271059994,0.813589584725741,-11.20027984809691,-21.551282491624413,0/9,-7.193345131685585,-13.491865294455087,0/9,-3.1864104152742585,-5.4325629645517735,0/9
30,ALL,lr,ev,pred_vol_high,1.0,46065,719.765625,0.5111690003256268,28.572693200051674,21.326516878324107,0.4487675388655537,-11.564993232883896,-27.135754875011642,0/9,-7.558112847009171,-17.464972552763246,0/9,-3.551232461134447,-7.794321299023052,0/9
30,ALL,lr,ev,pred_vol_low,0.02,41,0.640625,0.4146341463414634,29.241681051403948,22.902439024390244,-4.024446344692919,-16.038993593628465,-0.7127655401061813,0/2,-12.031719969160687,-0.3201893929510578,0/2,-8.024446344692919,0.07259032751793382,0/2
30,ALL,lr,ev,pred_vol_low,0.05,402,6.28125,0.5572139303482587,28.352268422030466,20.49004975124378,4.132877226383089,-7.880200587212897,-4.184940207297433,1/6,-3.8736616804149024,-2.774663472924976,1/6,0.132877226383089,-1.3635774771226,3/6
30,ALL,lr,ev,pred_vol_low,0.1,1329,20.765625,0.5237020316027088,26.803195364783424,20.650865312264862,1.7980006599745137,-10.21522665714329,-5.730527263584212,0/9,-6.208612998584388,-3.695447069726064,1/9,-2.2019993400254863,-1.6600178484865387,2/9
30,ALL,lr,ev,pred_vol_low,0.2,3999,62.484375,0.5166291572893223,23.19932455068556,20.866216554138536,0.7627818207480264,-11.250621162890875,-13.209323162969897,0/9,-7.243919671071422,-8.641138541236774,0/9,-3.237218179251974,-4.07156396768247,0/9
30,ALL,lr,ev,pred_vol_low,0.5,17112,267.375,0.5130902290790089,18.256378494520273,21.574742870500234,0.04061720123430822,-11.973027435904282,-20.841743776268714,0/9,-7.9662051173349875,-13.993260851540024,0/9,-3.9593827987656915,-7.144322957800559,0/9
30,ALL,lr,ev,pred_vol_low,1.0,46065,719.765625,0.518918918918919,15.856297625709013,22.337349397590362,0.19266953872481746,-11.821010138551484,-30.784391562683563,0/9,-7.814170299913332,-20.665710270757614,0/9,-3.807330461275182,-10.546428342727921,0/9
60,P,gb,score,all,0.02,1850,28.90625,0.5243243243243243,41.4218018238836,37.22054054054054,0.34863424414267435,-11.665694838191763,-0.9196426933786087,3/8,-7.658530297024544,0.2552035282009386,4/8,-3.6513657558573263,1.4300665898517055,5/8
60,P,gb,score,all,0.05,4605,71.953125,0.498371335504886,40.389651929551825,38.453203040173726,-1.7892686547070027,-13.803359654707663,-4.067176956567834,0/9,-9.796314154707332,-2.254632310733351,2/9,-5.789268654707002,-0.4420910321134248,3/9
60,P,gb,score,all,0.1,9210,143.90625,0.5049945711183497,38.6467363147244,39.787947882736155,-1.556095238258833,-13.570007880402061,-7.228471740897735,0/9,-9.563051559330447,-4.472148193911364,0/9,-5.556095238258833,-1.715835442896884,1/9
60,P,gb,score,all,0.2,18424,287.875,0.5173143725575337,35.54895261772847,41.26286365610074,-0.523334720042809,-12.53725418080841,-10.840687027718522,0/9,-8.53029445042561,-6.939981244704358,0/9,-4.523334720042809,-3.039312682030876,1/9
60,P,gb,score,all,0.5,46052,719.5625,0.5120950230174586,32.98426773753638,42.229262572743856,-0.17420598883025393,-12.188083061379047,-15.630551423813449,0/9,-8.18114452510465,-10.229586848311016,0/9,-4.174205988830254,-4.828401202631128,0/9
60,P,gb,score,all,1.0,92100,1439.0625,0.5078393051031488,31.417607894839726,42.61472312703583,-0.18445051313915595,-12.19817131377749,-22.777066931926267,0/9,-8.191310913458322,-15.294383892468367,0/9,-4.184450513139156,-7.811504736933112,0/9
60,P,gb,ev,all,0.02,1842,28.78125,0.48914223669923995,69.72513790186514,40.90933767643865,-1.9830905550724964,-13.996608969014346,0.018134006146862038,4/7,-9.989849762043423,0.8497621059822926,4/7,-5.983090555072496,1.6813937995215622,4/7
60,P,gb,ev,all,0.05,4605,71.953125,0.49641693811074916,58.84243691773154,39.098805646036915,-0.9624984520242735,-12.976072580275668,-1.1162069405280646,1/8,-8.969285516149968,0.0681886336992358,2/8,-4.962498452024273,1.2525898640572588,4/8
60,P,gb,ev,all,0.1,9210,143.90625,0.5127035830618892,51.288860982924895,39.652334419109664,0.267925902137662,-11.745697558318097,-4.496630805147594,0/9,-7.738885828090216,-2.3069445293011532,1/9,-3.732074097862339,-0.11710348769228585,1/9
60,P,gb,ev,all,0.2,18420,287.8125,0.501085776330076,45.06630540278158,40.55439739413681,-0.6065248080060599,-12.620187290434806,-9.618925901239693,0/9,-8.613356049220432,-6.13808950676385,0/9,-4.60652480800606,-2.657260837631935,1/9
60,P,gb,ev,all,0.5,46050,719.53125,0.5061020629750271,37.07307778767227,41.775787187839306,-0.3745030816751128,-12.388169251564394,-15.80550803827627,0/9,-8.381336166619752,-10.36169121575245,0/9,-4.374503081675113,-4.917750957825669,0/9
60,P,gb,ev,all,1.0,92100,1439.0625,0.5078393051031488,31.417607894839726,42.61472312703583,-0.18445051313915595,-12.19817131377749,-22.777066931926267,0/9,-8.191310913458322,-15.294383892468367,0/9,-4.184450513139156,-7.811504736933112,0/9
60,P,lr,score,all,0.02,1842,28.78125,0.510314875135722,24.30848520535173,38.29913137893594,-1.0737976297213352,-13.089253968743755,-0.998659221635338,0/6,-9.081525799232546,-0.25630789360425343,1/6,-5.0737976297213345,0.4860386043571254,2/6
60,P,lr,score,all,0.05,4605,71.953125,0.5374592833876222,26.445395442938622,39.35700325732899,0.6110414161597395,-11.404190226126182,-2.510043979896165,1/9,-7.3965744049832205,-0.9612911219928888,2/9,-3.3889585838402603,0.5874625732356376,4/9
60,P,lr,score,all,0.1,9210,143.90625,0.5387622149837134,27.750214098075254,40.762214983713356,0.6542286509353277,-11.360724645223039,-4.588796561326599,0/9,-7.353247997143856,-2.2952293793153324,0/9,-3.3457713490646728,-0.0016902320864062065,1/9
60,P,lr,score,all,0.2,18420,287.8125,0.5230184581976113,29.335003716796454,41.43327904451683,0.1598283996718722,-11.854692103960732,-8.75159935841979,0/9,-7.847431852144427,-5.2461347327913685,0/9,-3.8401716003281274,-1.7406770425355578,0/9
60,P,lr,score,all,0.5,46050,719.53125,0.5155917480998914,30.633916594546964,42.19350705754614,0.17959920498870707,-11.834427853798479,-15.03977099339767,0/9,-7.827414324404887,-9.537184147362819,0/9,-3.820400795011293,-4.034450454849234,0/9
60,P,lr,score,all,1.0,92100,1439.0625,0.5104343105320304,31.417607894839726,42.61472312703583,0.06717181371689633,-11.946548986921437,-22.91383736570989,0/9,-7.939688586602271,-15.227116519174862,0/9,-3.932828186283104,-7.540216505411123,0/9
60,P,lr,ev,all,0.02,1842,28.78125,0.5423452768729642,55.26166744187275,37.75841476655809,2.4550892762666177,-9.559519307705022,-0.23786222638861598,3/9,-5.552215015719201,0.8549270667698764,4/9,-1.5449107237333835,1.9477482712771097,5/9
60,P,lr,ev,all,0.05,4605,71.953125,0.5259500542888165,49.358895082582166,38.559174809989145,0.9817646424101182,-11.032605558233316,-1.58588435436576,0/9,-7.025420457911597,0.08241031732038127,1/9,-3.018235357589882,1.7507142584045376,3/9
60,P,lr,ev,all,0.1,9210,143.90625,0.5248642779587405,44.280475840901794,39.145711183496196,0.7794915206679467,-11.234676126013726,-4.515970868726341,0/9,-7.227592302672887,-1.915844466899901,0/9,-3.220508479332053,0.684246281944807,3/9
60,P,lr,ev,all,0.2,18420,287.8125,0.5106948968512487,40.08161416428581,40.36986970684039,0.06923013257397156,-11.944873935823042,-8.646242951339666,0/9,-7.937821901624535,-4.973679918084539,0/9,-3.9307698674260285,-1.3010496638346183,0/9
60,P,lr,ev,all,0.5,46050,719.53125,0.510314875135722,35.184840714669534,41.72588490770901,-0.0008754214907085448,-12.014684806694898,-16.097218286697608,0/9,-8.007780114092803,-10.29109806156426,0/9,-4.000875421490708,-4.484864389894398,0/9
60,P,lr,ev,all,1.0,92100,1439.0625,0.5104343105320304,31.417607894839726,42.61472312703583,0.06717181371689633,-11.946548986921437,-22.91383736570989,0/9,-7.939688586602271,-15.227116519174862,0/9,-3.932828186283104,-7.540216505411123,0/9
60,L2,gb,score,all,0.02,1842,28.78125,0.509771986970684,37.026985266880885,35.933767643865366,1.9630890704756923,-10.051299024279645,-5.758861759231862,1/9,-6.044104976901976,-3.5895473993595837,1/9,-2.0369109295243075,-1.4201981656639642,2/9
60,L2,gb,score,all,0.05,4605,71.953125,0.505971769815418,32.44660699070714,38.25081433224756,0.952255326054504,-11.062188509609474,-12.550972225425639,0/9,-7.054966591777483,-8.26048490384839,0/9,-3.0477446739454965,-3.9698984419107295,2/9
60,L2,gb,score,all,0.1,9210,143.90625,0.5100977198697069,31.24394535066678,39.81845819761129,0.9809106411904447,-11.033538749858334,-15.369622783297169,0/9,-7.026314054333944,-9.83614993679496,0/9,-3.019089358809555,-4.302414922022035,1/9
60,L2,gb,score,all,0.2,18420,287.8125,0.507600434310532,31.37326083613186,41.150054288816506,0.7312810222131355,-11.283090709554703,-24.120592911113203,0/9,-7.275904843670784,-15.618813557624735,0/9,-3.2687189777868646,-7.116271835066781,1/9
60,L2,gb,score,all,0.5,46050,719.53125,0.5047339847991313,31.709088384470498,42.11213897937025,0.4068791458331621,-11.607098957489443,-45.18171297259076,0/9,-7.60010990582814,-29.637053562151106,0/9,-3.593120854166838,-14.090569742855418,0/9
60,L2,gb,score,all,1.0,92100,1439.0625,0.5047231270358307,31.417607894839726,42.61472312703583,0.31888037290160415,-11.694840427736729,-77.75447199414644,0/9,-7.687980027417561,-51.12013458904051,0/9,-3.6811196270983957,-24.478173512459396,0/9
60,L2,gb,ev,all,0.02,1842,28.78125,0.5141150922909881,66.69612690955321,38.57763300760043,0.14846168723120115,-11.8653320431784,-6.588655924969812,0/9,-7.858435177973599,-4.618607237348592,0/9,-3.8515383127687985,-2.6485387425785976,2/9
60,L2,gb,ev,all,0.05,4605,71.953125,0.5246471226927253,62.03263860884428,41.198045602605866,1.7936162078288787,-10.219941863224369,-7.8402729335550365,0/9,-6.213162827697745,-4.939502016584903,1/9,-2.2063837921711213,-2.038711299492332,3/9
60,L2,gb,ev,all,0.1,9210,143.90625,0.5245385450597178,55.397023875943354,42.783930510314875,1.9277072979685423,-10.085996064374568,-13.023389561903935,0/9,-6.079144383203012,-8.445020762513053,0/9,-2.072292702031457,-3.8664524442898376,1/9
60,L2,gb,ev,all,0.2,18420,287.8125,0.5142236699239957,47.64038224365264,43.58843648208469,1.102005140391052,-10.911746421920126,-22.699174179229978,0/9,-6.9048706407645355,-14.986825543237593,0/9,-2.8979948596089478,-7.274550937202747,0/9
60,L2,gb,ev,all,0.5,46050,719.53125,0.5058197611292073,37.80599234922787,43.2814983713355,0.5265490409043809,-11.487193153050033,-48.30309169711622,0/9,-7.480322056072825,-31.78370181884287,0/9,-3.473450959095619,-15.26250803653074,0/9
60,L2,gb,ev,all,1.0,92100,1439.0625,0.5047231270358307,31.417607894839726,42.61472312703583,0.31888037290160415,-11.694840427736729,-77.75447199414644,0/9,-7.687980027417561,-51.12013458904051,0/9,-3.6811196270983957,-24.478173512459396,0/9
60,L2,lr,score,all,0.02,1842,28.78125,0.507600434310532,35.91154775363613,36.088490770901196,0.6406718605624958,-11.376443673378812,-10.503385300645643,0/9,-7.367885906408158,-6.681555686498206,0/9,-3.359328139437504,-2.856429042733313,3/9
60,L2,lr,score,all,0.05,4605,71.953125,0.5066232356134637,35.208609888418565,38.11270358306189,0.7075934176607378,-11.307993388422219,-17.54370176358791,0/9,-7.300199985380739,-11.282056277057166,0/9,-3.2924065823392623,-5.019401467023787,1/9
60,L2,lr,score,all,0.1,9210,143.90625,0.5046688382193268,34.520205961116304,39.87100977198697,0.44752555988886333,-11.567253492361251,-21.478632109048206,0/9,-7.559863966236192,-14.095545987442824,0/9,-3.552474440111137,-6.712424353393246,0/9
60,L2,lr,score,all,0.2,18420,287.8125,0.5057546145494028,33.63118730676075,40.9142779587405,0.41424940325532233,-11.600054968670563,-25.57301171101372,0/9,-7.592902782707619,-16.79554665675922,0/9,-3.585750596744678,-8.017891773375132,0/9
60,L2,lr,score,all,0.5,46050,719.53125,0.5021498371335504,32.451440744184445,42.056634093376765,0.23463743595966013,-11.77925997218381,-38.02888497325578,0/9,-7.772311268112075,-25.11932189063327,0/9,-3.7653625640403403,-12.20886711263385,0/9
60,L2,lr,score,all,1.0,92100,1439.0625,0.5014115092290988,31.417607894839726,42.61472312703583,0.12588193953589932,-11.887838861102434,-57.62348031525808,0/9,-7.8809784607832665,-38.20102710230747,0/9,-3.8741180604641006,-18.776199665315303,0/9
60,L2,lr,ev,all,0.02,1842,28.78125,0.501085776330076,70.98163008665875,41.920195439739416,-1.1515352285617833,-13.167170433297898,-5.415181382456528,0/9,-9.159352830929839,-3.300960368933975,0/9,-5.151535228561784,-1.1862342504306649,3/9
60,L2,lr,ev,all,0.05,4605,71.953125,0.5064060803474484,63.50680314894623,42.87491856677524,0.2179293418615955,-11.796660969273423,-9.3780311337557,0/9,-7.789365813705913,-6.03013212592215,0/9,-3.7820706581384047,-2.6812028574770252,1/9
60,L2,lr,ev,all,0.1,9210,143.90625,0.510314875135722,56.10414359264207,43.41020629750271,0.6127831030155212,-11.401218038489388,-14.196325382420032,0/9,-7.394217467736932,-9.439518948836833,0/9,-3.387216896984479,-4.682804751373594,1/9
60,L2,lr,ev,all,0.2,18420,287.8125,0.5046688382193268,48.33398552486857,43.71378935939197,0.40975856046161774,-11.60396043378898,-21.2855851241368,0/9,-7.59710093666368,-14.07235180786355,0/9,-3.590241439538382,-6.859149163125416,0/9
60,L2,lr,ev,all,0.5,46050,719.53125,0.501585233441911,38.42125654138651,43.076091205211725,0.21037568407224255,-11.803275772487574,-38.06722607610666,0/9,-7.796450044207664,-25.216299342899458,0/9,-3.7896243159277576,-12.364895262787769,0/9
60,L2,lr,ev,all,1.0,92100,1439.0625,0.5014115092290988,31.417607894839726,42.61472312703583,0.12588193953589932,-11.887838861102434,-57.62348031525808,0/9,-7.8809784607832665,-38.20102710230747,0/9,-3.8741180604641006,-18.776199665315303,0/9
60,PL2,gb,score,all,0.02,1842,28.78125,0.5162866449511401,39.41344469754842,36.602062975027145,-0.2507795332449749,-12.265075282221316,-1.0622098613351838,3/9,-8.257927407733144,0.10218691443479297,5/9,-4.250779533244975,1.26660328860834,5/9
60,PL2,gb,score,all,0.05,4605,71.953125,0.5111834961997829,39.841077565907725,38.71617806731813,-0.966500355573348,-12.98061263209982,-3.6491652454208743,1/9,-8.973556493836583,-1.6024111326165367,2/9,-4.9665003555733485,0.44436295746136667,5/9
60,PL2,gb,score,all,0.1,9210,143.90625,0.5132464712269272,37.993367074306065,39.75928338762215,-0.827324023366304,-12.84125449827565,-6.999759991699762,0/9,-8.834289260820977,-4.25715472078131,0/9,-4.827324023366304,-1.5145677905893102,1/9
60,PL2,gb,score,all,0.2,18420,287.8125,0.5184039087947883,35.31684613665074,41.09022801302932,-0.2898191833713258,-12.303739643794206,-10.259136391931923,0/9,-8.296779413582765,-6.400607563214393,0/9,-4.289819183371326,-2.542067437640272,1/9
60,PL2,gb,score,all,0.5,46050,719.53125,0.5157437567861021,32.950136999099286,42.118241042345275,0.03278443886703627,-11.981098848734062,-15.081339990223672,0/9,-7.974157204933512,-9.734952828053741,0/9,-3.967215561132964,-4.388344274797525,0/9
60,PL2,gb,score,all,1.0,92100,1439.0625,0.5089902280130293,31.417607894839726,42.61472312703583,-0.1803352016235749,-12.194056002261908,-21.138899521980196,0/9,-8.187195601942742,-14.192256416545312,0/9,-4.180335201623575,-7.245450612413611,0/9
60,PL2,gb,ev,all,0.02,1842,28.78125,0.502171552660152,68.8825485670198,40.381107491856675,-1.0406252111822425,-13.054159564667057,-0.12951493350276716,4/7,-9.047392387924647,0.6885319044487829,4/7,-5.040625211182243,1.5065827090675838,4/7
60,PL2,gb,ev,all,0.05,4605,71.953125,0.5009771986970684,58.46984867068112,39.17828447339848,-0.4514600216317107,-12.465078073602138,-1.42403578414204,2/9,-8.458269047616922,-0.09130521508855834,3/9,-4.451460021631709,1.2414318320248643,4/9
60,PL2,gb,ev,all,0.1,9210,143.90625,0.5178067318132464,50.827101635257065,39.393919652551574,0.7752898852959985,-11.238367162641053,-3.72447750216035,1/9,-7.231538638672527,-1.568074269934472,1/9,-3.224710114704002,0.5885014310611177,2/9
60,PL2,gb,ev,all,0.2,18420,287.8125,0.5050488599348534,44.78768621295157,40.33545059717698,-0.2282797145979651,-12.24189496624236,-9.2018187116767,0/9,-8.235087340420161,-5.7943454425332,0/9,-4.2282797145979645,-2.386801340702229,1/9
60,PL2,gb,ev,all,0.5,46050,719.53125,0.5061889250814332,37.03053474771181,41.77934853420196,-0.3871807958850156,-12.400859394274711,-15.801871328362294,0/9,-8.39402009507986,-10.337615640076162,0/9,-4.3871807958850155,-4.8732403704682605,0/9
60,PL2,gb,ev,all,1.0,92100,1439.0625,0.5089902280130293,31.417607894839726,42.61472312703583,-0.1803352016235749,-12.194056002261908,-21.138899521980196,0/9,-8.187195601942742,-14.192256416545312,0/9,-4.180335201623575,-7.245450612413611,0/9
60,PL2,lr,score,all,0.02,1842,28.78125,0.498914223669924,26.02484815228618,37.602062975027145,-0.5682344833993205,-12.584317284299717,-1.3131402621986994,3/9,-8.576275883849519,-0.12243293831582627,3/9,-4.56823448339932,1.0680403696673597,4/9
60,PL2,lr,score,all,0.05,4605,71.953125,0.5233441910966341,28.016868224242252,39.227795874049946,0.44041251347454086,-11.575207107425056,-3.339055450530071,1/9,-7.567397296975257,-1.3040160583766431,2/9,-3.559587486525459,0.7309205228921797,2/9
60,PL2,lr,score,all,0.1,9210,143.90625,0.5233441910966341,29.208690910268146,40.43984799131379,0.4168895114327955,-11.598202928976411,-7.246032694307316,0/9,-7.590656708771807,-3.9873032668812036,0/9,-3.5831104885672045,-0.7284944195615651,1/9
60,PL2,lr,score,all,0.2,18420,287.8125,0.5235070575461455,30.29063758323123,41.252334419109665,0.407668487178682,-11.607006528882845,-11.538931358610728,0/9,-7.59966902085208,-7.041221663159326,0/9,-3.5923315128213176,-2.543447303433189,0/9
60,PL2,lr,score,all,0.5,46050,719.53125,0.5169598262757872,30.926939490427436,42.067231270358306,0.20044637626422107,-11.81360610738506,-16.455381480400543,0/9,-7.806579865560418,-10.531769580692181,0/9,-3.799553623735779,-4.607977867466897,0/9
60,PL2,lr,score,all,1.0,92100,1439.0625,0.5113029315960912,31.417607894839726,42.61472312703583,0.13956595311664569,-11.874154847521687,-27.106083082147794,0/9,-7.867294447202521,-17.957569773499714,0/9,-3.8604340468833547,-8.808813689668492,0/9
60,PL2,lr,ev,all,0.02,1842,28.78125,0.5450597176981542,60.705940452117915,37.29478827361564,2.7331018240916762,-9.282140991502313,-0.9874034916211152,2/9,-5.274519583705318,0.5475063410435432,4/9,-1.2668981759083235,2.0829504742713443,5/9
60,PL2,lr,ev,all,0.05,4605,71.953125,0.5250814332247556,52.28717915539355,38.1613463626493,1.4669025768819535,-10.547861172270446,-2.6539767234823506,0/9,-6.540479297694246,-0.44952393702451193,0/9,-2.5330974231180465,1.7545148319305388,4/9
60,PL2,lr,ev,all,0.1,9210,143.90625,0.5185667752442997,46.24998375914326,39.11357220412595,0.748313507459194,-11.26607657298425,-6.127687301576608,0/9,-7.258881532762527,-3.2944796220104555,0/9,-3.2516864925408067,-0.46126942683661376,1/9
60,PL2,lr,ev,all,0.2,18420,287.8125,0.5087947882736157,41.1060708245864,40.048479913137896,0.1363762207077066,-11.877770238066987,-11.150756578131773,0/9,-7.870697008679639,-6.675456567278838,0/9,-3.863623779292293,-2.2000353502211465,0/9
60,PL2,lr,ev,all,0.5,46050,719.53125,0.5127035830618892,35.302502226018575,41.526188925081435,0.1498358747938517,-11.864019947512944,-18.1071409766687,0/9,-7.8570920363595445,-11.647745654474953,0/9,-3.850164125206148,-5.1882007050433625,0/9
60,PL2,lr,ev,all,1.0,92100,1439.0625,0.5113029315960912,31.417607894839726,42.61472312703583,0.13956595311664569,-11.874154847521687,-27.106083082147794,0/9,-7.867294447202521,-17.957569773499714,0/9,-3.8604340468833547,-8.808813689668492,0/9
60,ALL,gb,score,all,0.02,1842,28.78125,0.49077090119435396,44.65067831008065,41.06731813246471,-0.47378648548219565,-12.487720743707962,-0.22983266409099035,3/8,-8.480753614595075,1.0125062628313921,3/8,-4.473786485482194,2.2551215761840133,4/8
60,ALL,gb,score,all,0.05,4605,71.953125,0.539413680781759,40.55684359769387,42.3257328990228,1.0780084350076682,-10.935928845571999,-1.9600356517363051,2/9,-6.928960205282164,0.3162948157447517,3/9,-2.921991564992332,2.5920856586118584,4/9
60,ALL,gb,score,all,0.1,9210,143.90625,0.5299674267100977,37.874398376785614,42.31378935939197,0.6807759048926156,-11.33306897345933,-4.702294654272459,0/9,-7.326146534283357,-2.543146741761262,1/9,-3.319224095107384,-0.38301623980527316,5/9
60,ALL,gb,score,all,0.2,18420,287.8125,0.5293159609120521,35.451015845694315,41.94831704668838,0.8381622118405924,-11.175525310648919,-8.341827648287607,0/9,-7.1686815494041625,-4.759201777376895,0/9,-3.1618377881594077,-1.176522514185916,2/9
60,ALL,gb,score,all,0.5,46056,719.625,0.5113774535348272,33.48168175646851,42.54787649817613,0.2945678796478311,-11.719127298328525,-15.276333962958546,0/9,-7.712279709340346,-9.813631324921698,0/9,-3.7054321203521696,-4.350821626697107,0/9
60,ALL,gb,score,all,1.0,92100,1439.0625,0.4998914223669924,31.417607894839726,42.61472312703583,-0.19006898805146766,-12.2037897886898,-22.351234088940053,0/9,-8.196929388370632,-15.011315584534948,0/9,-4.190068988051467,-7.671203004581974,0/9
60,ALL,gb,ev,all,0.02,1842,28.78125,0.48751357220412594,60.89932953440375,39.328990228013026,-1.9965437183768873,-14.0112281404745,-0.3185794403702677,4/9,-10.003885929425692,0.5614530593676222,5/9,-5.996543718376887,1.4420659709878563,6/9
60,ALL,gb,ev,all,0.05,4605,71.953125,0.5185667752442997,54.74383464014335,41.28642779587405,0.3632208948891064,-11.650600168121317,-1.2358239573239573,4/9,-7.643689636616105,0.2781339592560207,6/9,-3.636779105110894,1.7926246104365966,6/9
60,ALL,gb,ev,all,0.1,9210,143.90625,0.5413680781758957,49.35149675973512,41.241368078175896,2.337327153237243,-9.676348480673385,-1.3946791454276704,0/9,-5.6695106637180706,0.4666039419451353,5/9,-1.6626728467627572,2.327766678709122,6/9
60,ALL,gb,ev,all,0.2,18420,287.8125,0.5317589576547231,44.713366685797126,41.43436482084691,1.4479170771747543,-10.565629316357766,-6.832410046844197,0/9,-6.558856119591504,-3.702273001790274,0/9,-2.5520829228252455,-0.5720685422332973,4/9
60,ALL,gb,ev,all,0.5,46050,719.53125,0.5034744842562432,37.106556974076426,41.986188925081436,0.004073034199876086,-12.009463950418532,-15.311269886781696,0/9,-8.002695458109327,-10.041904027344922,0/9,-3.9959269658001237,-4.772507034315221,0/9
60,ALL,gb,ev,all,1.0,92100,1439.0625,0.4998914223669924,31.417607894839726,42.61472312703583,-0.19006898805146766,-12.2037897886898,-22.351234088940053,0/9,-8.196929388370632,-15.011315584534948,0/9,-4.190068988051467,-7.671203004581974,0/9
60,ALL,lr,score,all,0.02,1842,28.78125,0.5374592833876222,48.19148771252529,41.74809989142237,4.515612223172183,-7.499518643961683,-3.2786609335558636,1/8,-3.4919532103947497,-2.1562169286961654,1/8,0.5156122231721831,-1.0322493545214466,2/8
60,ALL,lr,score,all,0.05,4605,71.953125,0.5315960912052117,43.97015610490493,40.966775244299676,2.262243672698475,-9.752170183569508,-3.391744271856821,1/9,-5.744963255435515,-1.9209573830845148,1/9,-1.7377563273015249,-0.45023996494313223,2/9
60,ALL,lr,score,all,0.1,9210,143.90625,0.5216069489685125,39.765126857399686,41.62236699239956,1.1675996640293897,-10.846729041885594,-4.80296207101344,0/9,-6.839564688928102,-2.4054308103402677,0/9,-2.832400335970611,-0.00784733207934686,2/9
60,ALL,lr,score,all,0.2,18420,287.8125,0.5137893593919652,35.62825625957982,41.9757871878393,0.3649059887507034,-11.649328303126694,-11.16005670487335,0/9,-7.642211157187995,-6.734933172616641,0/9,-3.635094011249296,-2.309600115089856,1/9
60,ALL,lr,score,all,0.5,46050,719.53125,0.5124212812160694,32.564928817707724,42.39446254071661,0.22865194240997172,-11.78533824930755,-18.28397907185915,0/9,-7.778343153448788,-11.786627411110855,0/9,-3.7713480575900284,-5.288960898564006,0/9
60,ALL,lr,score,all,1.0,92100,1439.0625,0.5076655808903366,31.417607894839726,42.61472312703583,0.09704578033503927,-11.916675020303293,-27.781007708232615,0/9,-7.909814619984127,-18.43798722541856,0/9,-3.9029542196649603,-9.09459828910509,0/9
60,ALL,lr,ev,all,0.02,1842,28.78125,0.49022801302931596,57.2319877887575,35.86156351791531,-0.522963217602888,-12.538535753827281,-2.5403373263539404,1/9,-8.530749485715084,-1.0612743528846553,3/9,-4.522963217602888,0.41776308511388655,4/9
60,ALL,lr,ev,all,0.05,4605,71.953125,0.509229098805646,50.65415323991975,37.63040173724213,0.5401866571809166,-11.474200451172146,-5.226707244871164,0/9,-7.467006896995615,-3.1242753923081135,2/9,-3.4598133428190834,-1.0218140044258985,3/9
60,ALL,lr,ev,all,0.1,9210,143.90625,0.5128121606948969,45.73492990101633,38.78273615635179,0.5858026001537376,-11.428350943770127,-7.41262084757851,0/9,-7.421274171808194,-4.111849917856152,0/9,-3.414197399846262,-0.8112522702227312,3/9
60,ALL,lr,ev,all,0.2,18420,287.8125,0.5100977198697069,41.361390073585476,40.206243213897935,0.3702532367705205,-11.643761785813146,-10.892639044855422,0/9,-7.63675427452131,-6.551136747562773,0/9,-3.629746763229479,-2.2098132498602925,0/9
60,ALL,lr,ev,all,0.5,46050,719.53125,0.5075352877307274,35.7925464500215,41.63793702497286,0.03874775021515666,-11.975080618248803,-19.125656982289584,0/9,-7.9681664340168235,-12.498995560780285,0/9,-3.9612522497848444,-5.8720851098002,0/9
60,ALL,lr,ev,all,1.0,92100,1439.0625,0.5076655808903366,31.417607894839726,42.61472312703583,0.09704578033503927,-11.916675020303293,-27.781007708232615,0/9,-7.909814619984127,-18.43798722541856,0/9,-3.9029542196649603,-9.09459828910509,0/9
60,ALL,gb,ev,pred_vol_high,0.02,1723,26.921875,0.497968659315148,62.371818022674404,38.963435867672665,-1.25164099008477,-13.266435499640489,-0.17403328924248035,4/9,-9.259038244862628,0.6873153994731885,5/9,-5.251640990084769,1.5492840478750434,6/9
60,ALL,gb,ev,pred_vol_high,0.05,3957,61.828125,0.5188273944907759,56.847109987418015,40.119535001263586,0.48116862671035826,-11.532785237482743,-1.051865714022504,4/9,-7.525808305386192,0.41502060619919057,6/9,-3.518831373289641,1.8824761920212065,6/9
60,ALL,gb,ev,pred_vol_high,0.1,7574,118.34375,0.5419857406918405,51.654187336748215,40.03208344335886,2.465189305839944,-9.548613000493363,-0.9536430102577702,0/9,-5.541711847326709,0.8444103309168266,5/9,-1.534810694160056,2.6421031800772696,6/9
60,ALL,gb,ev,pred_vol_high,0.2,13983,218.484375,0.538224987484803,47.47793775495029,40.42422942144032,2.0737221856064396,-9.939933125366954,-5.122725243079241,0/9,-5.933105469880256,-2.5262457234413564,1/9,-1.9262778143935606,0.07050274916110741,4/9
60,ALL,gb,ev,pred_vol_high,0.5,27690,432.65625,0.5173708920187794,43.364322468294915,41.01942939689418,0.7549052367148863,-11.258770293133539,-9.655063278735401,0/9,-7.251932528209327,-5.98500326124451,0/9,-3.245094763285114,-2.3149339979770893,1/9
60,ALL,gb,ev,pred_vol_high,1.0,46050,719.53125,0.5042345276872964,40.2948888507224,42.18264929424539,0.21602679692634735,-11.79773485490038,-14.262600855252483,0/9,-7.790854028987015,-9.350563682871437,0/9,-3.7839732030736526,-4.438460677058723,1/9
60,ALL,gb,ev,pred_vol_low,0.02,119,1.859375,0.33613445378151263,39.57918108658574,44.621848739495796,-12.78198406163167,-24.795074528348454,-0.8539421079834885,1/3,-20.788529294990067,-0.5404009147524299,1/3,-16.78198406163167,-0.22685730708613874,1/3
60,ALL,gb,ev,pred_vol_low,0.05,648,10.125,0.5169753086419753,41.90022268155408,48.41203703703704,-0.3570247452601185,-12.370034860307792,-2.3778451365159063,1/4,-8.363529802783955,-1.6626229367798593,1/4,-4.357024745260119,-0.9473899903477221,1/4
60,ALL,gb,ev,pred_vol_low,0.1,1636,25.5625,0.5385085574572127,38.69099649671728,46.839853300733495,1.7453785323247417,-10.267710660920017,-2.9166990863928777,2/7,-6.261166064297637,-1.833277127985566,2/7,-2.254621467675258,-0.7498043886846448,2/7
60,ALL,gb,ev,pred_vol_low,0.2,4437,69.328125,0.5113815641199009,36.000949002684976,44.61775974757719,-0.5242787378354452,-12.537481883097577,-5.692994989157377,0/9,-8.530880310466511,-3.932378821668508,0/9,-4.524278737835445,-2.171624406144872,2/9
60,ALL,gb,ev,pred_vol_low,0.5,18360,286.875,0.48251633986928105,27.668783197665206,43.444226579520695,-1.1283095195931867,-13.14163755446109,-12.962204476725175,0/9,-9.134973537027138,-8.920820582445577,0/9,-5.128309519593187,-4.879364526010216,0/9
60,ALL,gb,ev,pred_vol_low,1.0,46050,719.53125,0.4955483170466884,22.540326938957058,43.046796959826274,-0.5961647730292822,-12.609844722479224,-17.119282111129195,0/9,-8.60300474775425,-11.880167547379294,0/9,-4.596164773029282,-6.640984302309566,0/9
60,ALL,lr,ev,pred_vol_high,0.02,1731,27.046875,0.49740034662045063,58.32644514250078,35.43847487001733,0.08001281832920445,-11.935689549981213,-2.5308236536329103,1/9,-7.927838365826002,-1.0776571249601599,3/9,-3.9199871816707956,0.3755124596239347,4/9
60,ALL,lr,ev,pred_vol_high,0.05,4066,63.53125,0.5063944909001475,52.30909038131847,37.43310378750615,0.27983875495865473,-11.734711925744467,-5.000385925797832,0/9,-7.727436585392904,-3.032258526084705,2/9,-3.720161245041345,-1.0640967105957637,3/9
60,ALL,lr,ev,pred_vol_high,0.1,7577,118.390625,0.5119440411772469,48.19979792602985,38.874356605516695,0.4252319035696336,-11.589091835224773,-6.67589049749804,0/9,-7.58192996582757,-3.7218547042102497,0/9,-3.5747680964303665,-0.7675472488214578,3/9
60,ALL,lr,ev,pred_vol_high,0.2,13747,214.796875,0.5114570451734924,44.9135305324023,40.345166218083946,0.3556004854256822,-11.65855306602966,-8.217920474925064,0/9,-7.6514762903019875,-4.759397595048363,0/9,-3.6443995145743178,-1.3008684870655989,1/9
60,ALL,lr,ev,pred_vol_high,0.5,28292,442.0625,0.5104269758235543,41.83345729558811,41.56765163297045,0.36952036702246566,-11.644390449421437,-12.556666825575524,0/9,-7.637435041199485,-7.855855570336762,0/9,-3.6304796329775337,-3.15505168184213,0/9
60,ALL,lr,ev,pred_vol_high,1.0,46050,719.53125,0.5056243213897937,40.2948888507224,42.18264929424539,0.2903811223333167,-11.723380529493408,-17.355055984832592,0/9,-7.7164997035800456,-11.229273452919223,0/9,-3.7096188776666827,-5.103501758754327,0/9
60,ALL,lr,ev,pred_vol_low,0.02,111,1.734375,0.3783783783783784,40.164369056058334,42.45945945945946,-9.926130048219585,-21.93967790569704,-1.830367319053657,0/4,-17.93290397695831,-1.3368462077908025,0/4,-13.926130048219584,-0.8432209811216725,1/4
60,ALL,lr,ev,pred_vol_low,0.05,539,8.421875,0.5306122448979592,38.16997064821805,39.11873840445269,2.504146899176678,-9.509006284917882,-3.0913264762118517,1/8,-5.502429692870603,-2.0816878021730214,1/8,-1.4958531008233225,-1.0719079216230665,3/8
60,ALL,lr,ev,pred_vol_low,0.1,1633,25.515625,0.516840171463564,34.298123394263456,38.35762400489896,1.3308388328651615,-10.682525019366045,-5.15806384336146,0/9,-6.675843093250441,-3.6537175984467174,0/9,-2.669161167134839,-2.149377314324343,1/9
60,ALL,lr,ev,pred_vol_low,0.2,4673,73.015625,0.5060988658249519,30.911727140276085,39.797560453670016,0.4133586022183029,-11.600248897061508,-8.46133039758682,0/9,-7.593445147421601,-5.843673075427913,0/9,-3.586641397781697,-3.2260651635049644,0/9
60,ALL,lr,ev,pred_vol_low,0.5,17758,277.46875,0.5029282576866764,26.168182803058393,41.74991553102827,-0.4882383335055544,-12.501935346059586,-13.086548104522134,0/9,-8.495086839782571,-9.002269257748244,0/9,-4.488238333505554,-4.917834776482854,0/9
60,ALL,lr,ev,pred_vol_low,1.0,46050,719.53125,0.5097068403908794,22.540326938957058,43.046796959826274,-0.09628956166323809,-12.109969511113176,-17.098033507956853,0/9,-8.103129536388208,-11.685755742073944,0/9,-4.096289561663238,-6.273315500334464,0/9
120,P,gb,score,all,0.02,1841,28.765625,0.5915263443780554,48.55364929447161,80.24063009234112,6.601313808238521,-5.413435888577713,-0.4842317658929031,3/9,-1.4060610401695948,0.4423403387843711,5/9,2.6013138082385208,1.3689148651306275,6/9
120,P,gb,score,all,0.05,4603,71.921875,0.5372583097979579,47.36962243594574,80.83184879426462,2.343987095773312,-9.670516195798097,-1.4407805241694298,2/9,-5.663264550012393,-0.3359788853592596,3/9,-1.656012904226689,0.7688374128985251,5/9
120,P,gb,score,all,0.1,9219,144.046875,0.5269552012148823,45.78847613664488,81.06779477166721,2.351271544595618,-9.663037209971455,-1.9385078623751968,1/9,-5.655882832687919,-0.5523140066996464,3/9,-1.648728455404382,0.8339074079797013,3/9
120,P,gb,score,all,0.2,18409,287.640625,0.5240914769949481,46.3456181852273,82.0255309902765,1.4075708807818479,-10.606564857427728,-5.273939367980483,0/9,-6.599496988322938,-3.0681045844451007,2/9,-2.592429119218153,-0.8622536877041014,3/9
120,P,gb,score,all,0.5,46021,719.078125,0.5120271180548011,44.64925299998592,83.3181156428587,0.2687086772605085,-11.745264054107112,-9.07606422262517,0/9,-7.738277688423301,-6.020125491550116,0/9,-3.7312913227394917,-2.9641637420726297,0/9
120,P,gb,score,all,1.0,92040,1438.125,0.5154932637983486,44.434918362214205,83.168481095176,0.6703103592005827,-11.34341159907019,-13.917585681810035,0/9,-7.336550619934805,-9.003141892540937,0/9,-3.3296896407994176,-4.088612475220263,0/9
120,P,gb,ev,all,0.02,1841,28.765625,0.5486148832156437,91.58778675373478,80.06192286800652,3.0759758833029154,-8.93800584442539,1.8205800899103073,4/7,-4.931014980561237,2.5650527832879493,4/7,-0.924024116697085,3.3095356232202384,5/7
120,P,gb,ev,all,0.05,4602,71.90625,0.550412863972186,78.57951819327997,80.28205128205128,3.986932378088947,-8.026833478932938,0.31648912395429063,2/8,-4.019950550421994,1.1128955728039849,3/8,-0.013067621911052818,1.9092993381786527,4/8
120,P,gb,ev,all,0.1,9204,143.8125,0.5340069534984789,68.8812287967583,80.71751412429379,2.317160193725063,-9.696696633373241,-1.9242527385282975,3/9,-5.689768219824089,-0.6466115717805833,4/9,-1.6828398062749366,0.6310248934160545,6/9
120,P,gb,ev,all,0.2,18408,287.625,0.5206431986093003,60.075005935944105,80.57518470230335,0.9407744994426073,-11.072999697204683,-5.078855947207535,0/9,-7.066112598881038,-3.2522822378436675,1/9,-3.059225500557392,-1.4257096950293096,2/9
120,P,gb,ev,all,0.5,46021,719.078125,0.5157428130636014,49.93544227352365,81.8890071923687,0.5950934134422678,-11.418698012401165,-8.619193285691837,0/9,-7.411802299479447,-5.45090667585158,0/9,-3.404906586557732,-2.28262557699501,1/9
120,P,gb,ev,all,1.0,92040,1438.125,0.5154932637983486,44.434918362214205,83.168481095176,0.6703103592005827,-11.34341159907019,-13.917585681810035,0/9,-7.336550619934805,-9.003141892540937,0/9,-3.3296896407994176,-4.088612475220263,0/9
120,P,lr,score,all,0.02,1841,28.765625,0.46333514394350894,29.802558033034,69.64149918522543,-2.7159978252317734,-14.73162174801777,-0.8700109874899591,2/6,-10.723809786624772,0.11793967363068086,2/6,-6.715997825231773,1.1059061427023689,3/6
120,P,lr,score,all,0.05,4602,71.90625,0.4810951760104302,34.3057363058985,78.04280747501086,-1.2392637259117898,-13.254725936223544,0.32627826595443316,1/9,-9.246994831067667,1.2845725384761253,2/9,-5.23926372591179,2.2428929169746135,4/9
120,P,lr,score,all,0.1,9204,143.8125,0.5096697088222512,37.05002184106283,80.59093872229465,-0.1661934759518331,-12.181167829201202,-1.0481042970590067,1/9,-8.173680652576516,0.20333663802268687,2/9,-4.166193475951832,1.4548006226038819,3/9
120,P,lr,score,all,0.2,18408,287.625,0.5227075184702303,40.15921495639292,80.84034115601912,0.6912301149665416,-11.323251274794497,-2.9669658746372316,1/9,-7.316010579913977,-1.0468846766327773,2/9,-3.3087698850334584,0.8732525412792086,3/9
120,P,lr,score,all,0.5,46020,719.0625,0.5040199913081269,43.184517054633844,82.01910039113429,-0.7136467863494121,-12.72762251417874,-8.512988667226757,0/9,-8.720634650264074,-5.515841735700419,0/9,-4.713646786349413,-2.5186400381945684,0/9
120,P,lr,score,all,1.0,92040,1438.125,0.5096805736636245,44.434918362214205,83.168481095176,-0.2231947851415361,-12.23691674341231,-11.94266174744241,0/9,-8.230055764276921,-8.027747536952926,0/9,-4.223194785141536,-4.112769083797276,1/9
120,P,lr,ev,all,0.02,1841,28.765625,0.5268875611080934,63.823752998584645,80.48071700162954,4.307944308952421,-7.706374630657832,1.2155354468656872,2/9,-3.699215160852705,1.9581389900333075,4/9,0.3079443089524221,2.7007523658443797,7/9
120,P,lr,ev,all,0.05,4602,71.90625,0.5230334637114298,60.1326577506432,77.63515862668405,2.102403437299799,-9.912176712486968,0.33945193009961794,1/9,-5.904886637593584,1.3299321901354222,2/9,-1.8975965627002016,2.320426266012033,4/9
120,P,lr,ev,all,0.1,9204,143.8125,0.5082572794437201,56.472641219866276,76.15612777053455,0.4313351523735348,-11.582977910792623,-1.792714669565058,1/9,-7.575821379209543,-0.42815836409960156,1/9,-3.568664847626465,0.9364211244917755,4/9
120,P,lr,ev,all,0.2,18408,287.625,0.49429595827900913,52.650481321350846,77.97131681877444,-0.7669908785634846,-12.781144183006086,-4.293530025315905,0/9,-8.774067530784784,-2.1501846254652213,1/9,-4.766990878563485,-0.006804345721912158,2/9
120,P,lr,ev,all,0.5,46020,719.0625,0.49880486744893526,47.97317735908881,80.60480225988701,-1.063099165472802,-13.076917349337787,-8.762489111096107,0/9,-9.070008257405293,-5.767462270415443,0/9,-5.063099165472802,-2.7723896468117886,1/9
120,P,lr,ev,all,1.0,92040,1438.125,0.5096805736636245,44.434918362214205,83.168481095176,-0.2231947851415361,-12.23691674341231,-11.94266174744241,0/9,-8.230055764276921,-8.027747536952926,0/9,-4.223194785141536,-4.112769083797276,1/9
120,L2,gb,score,all,0.02,1841,28.765625,0.5040738728951657,45.99388894945473,76.2944052145573,0.8944446184194266,-11.120027862697079,-4.745511293138224,1/9,-7.1127916221388245,-2.900764475154174,1/9,-3.1055553815805736,-1.055995199082679,3/9
120,L2,gb,score,all,0.05,4602,71.90625,0.49956540634506735,47.415974164492724,78.30008691873098,0.3495102832962183,-11.664802977900194,-8.145862466099858,1/9,-7.657646347301987,-5.152177625190713,1/9,-3.6504897167037815,-2.1584200817128436,3/9
120,L2,gb,score,all,0.1,9204,143.8125,0.5070621468926554,47.63485788399106,79.95241199478488,0.832306438276898,-11.181888195968742,-10.317298880218003,1/9,-7.174790878845921,-6.585255768238339,1/9,-3.1676935617231017,-2.853128388458738,2/9
120,L2,gb,score,all,0.2,18408,287.625,0.5090721425467188,46.53761439863111,81.52743372446763,0.8421486880860458,-11.171963281270763,-13.74436929150776,0/9,-7.164907296592356,-8.782458957732594,1/9,-3.157851311913954,-3.820374886996672,2/9
120,L2,gb,score,all,0.5,46020,719.0625,0.5046284224250326,45.22771497057998,82.61927422859627,0.5744156893953055,-11.439482627842773,-22.12992835508029,0/9,-7.432533469223733,-14.39674166032639,0/9,-3.4255843106046946,-6.662998333225537,0/9
120,L2,gb,score,all,1.0,92040,1438.125,0.5000869187309865,44.434918362214205,83.168481095176,0.1505932714694056,-11.863128686801367,-39.44910413833717,0/9,-7.85626770766598,-26.125969606220416,0/9,-3.8494067285305946,-12.801441360970934,0/9
120,L2,gb,ev,all,0.02,1841,28.765625,0.5181966322650733,100.83548513667833,89.94731124388919,1.8745282546499513,-10.138912356882079,-2.540419357378984,2/9,-6.1321920511160615,-1.4671528783778875,3/9,-2.1254717453500493,-0.3938771556679001,4/9
120,L2,gb,ev,all,0.05,4602,71.90625,0.5139069969578444,88.48645339845112,89.25510647544546,1.1189248296041747,-10.894490879645145,-5.854830057104346,1/9,-6.887783025020484,-3.8776892589178136,1/9,-2.8810751703958255,-1.9005065423486318,2/9
120,L2,gb,ev,all,0.1,9204,143.8125,0.5223815732290309,77.89951689263161,89.15536723163842,1.8730385552211088,-10.140557623010643,-7.186097186973004,1/9,-6.133759533894767,-4.462914070767741,1/9,-2.126961444778891,-1.7396764229481922,3/9
120,L2,gb,ev,all,0.2,18408,287.625,0.5176553672316384,67.11273953078204,87.89428509343763,1.5783366194971786,-10.435357404584002,-13.42583932972913,0/9,-6.4285103925434095,-8.535118623042905,1/9,-2.4216633805028214,-3.6441279601088894,2/9
120,L2,gb,ev,all,0.5,46020,719.0625,0.5068231203824424,53.673152919325155,85.56203824424163,0.702383434233384,-11.311285466503355,-24.47770637651787,0/9,-7.304451016134984,-16.010112797235063,0/9,-3.2976165657666163,-7.541665235869484,0/9
120,L2,gb,ev,all,1.0,92040,1438.125,0.5000869187309865,44.434918362214205,83.168481095176,0.1505932714694056,-11.863128686801367,-39.44910413833717,0/9,-7.85626770766598,-26.125969606220416,0/9,-3.8494067285305946,-12.801441360970934,0/9
120,L2,lr,score,all,0.02,1841,28.765625,0.46061922868006516,50.92215924337546,76.20315046170559,-1.783551841067104,-13.800925392078204,-9.354534949466881,1/9,-9.792238616572654,-6.571541604337632,1/9,-5.783551841067103,-3.787239754175402,1/9
120,L2,lr,score,all,0.05,4602,71.90625,0.48348544111255976,49.77054722126329,77.72816166883963,0.18786282109625926,-11.827609102820519,-10.537569650942192,1/9,-7.81987314086213,-6.916352049665386,1/9,-3.812137178903741,-3.294379533532198,1/9
120,L2,lr,score,all,0.1,9204,143.8125,0.48913515862668405,48.94194376820415,79.52270751847023,0.18067212883695238,-11.8340362680091,-11.67934115910277,0/9,-7.826682069586073,-7.734310659160082,1/9,-3.819327871163048,-3.7889814831418285,1/9
120,L2,lr,score,all,0.2,18408,287.625,0.49391568883094306,47.383559757450705,81.22147979139504,0.1250665262892249,-11.88919376711129,-15.433900359588947,0/9,-7.8820636204110315,-10.219096714736889,0/9,-3.8749334737107746,-5.004075105411987,0/9
120,L2,lr,score,all,0.5,46020,719.0625,0.500412863972186,45.59170278509743,82.53402868318122,0.44618359568351923,-11.56773459895327,-19.31811867099383,0/9,-7.560775501634875,-12.61109618589602,0/9,-3.5538164043164806,-5.903601046735307,0/9
120,L2,lr,score,all,1.0,92040,1438.125,0.5007931334202521,44.434918362214205,83.168481095176,0.3340669782738418,-11.679654979996933,-30.32515499419667,0/9,-7.672794000861544,-19.91915631294987,0/9,-3.6659330217261585,-9.512251191250103,0/9
120,L2,lr,ev,all,0.02,1841,28.765625,0.5111352525801195,100.08955794385696,91.33840304182509,2.656949776159997,-9.359361326364454,-3.4682276231377784,2/9,-5.351205775102227,-1.9064916306186526,3/9,-1.3430502238400024,-0.34437139948086376,3/9
120,L2,lr,ev,all,0.05,4602,71.90625,0.5082572794437201,88.53711601014137,90.43046501521077,1.6286797340524177,-10.385933889233433,-6.561794640248215,2/9,-6.378627077590507,-4.139266432013437,2/9,-2.371320265947582,-1.7165768874324954,2/9
120,L2,lr,ev,all,0.1,9204,143.8125,0.5078226857887875,78.07072254704227,89.71360278139939,1.4427379798849689,-10.571262067649934,-10.380861866838796,1/9,-6.564262043882481,-6.936437057289667,2/9,-2.5572620201150307,-3.491763407728637,2/9
120,L2,lr,ev,all,0.2,18408,287.625,0.5057040417209909,67.42660601960083,88.17883528900478,1.1301421920464159,-10.883590026977721,-14.956634360443202,0/9,-6.876723917465651,-9.922045519484332,0/9,-2.869857807953584,-4.887259176302876,2/9
120,L2,lr,ev,all,0.5,46020,719.0625,0.5019991308126901,54.112197586180585,85.27299000434594,0.5689392196693197,-11.444726957792735,-21.10640575892079,0/9,-7.437893869061708,-13.89349304559759,0/9,-3.4310607803306805,-6.680049849790433,0/9
120,L2,lr,ev,all,1.0,92040,1438.125,0.5007931334202521,44.434918362214205,83.168481095176,0.3340669782738418,-11.679654979996933,-30.32515499419667,0/9,-7.672794000861544,-19.91915631294987,0/9,-3.6659330217261585,-9.512251191250103,0/9
120,PL2,gb,score,all,0.02,1843,28.796875,0.599023331524688,49.397304187332324,77.561041779707,8.329914320606884,-3.6849927644288156,0.37816808532410906,4/9,0.3224607780890341,1.3146903486897947,6/9,4.329914320606885,2.2511297159900145,6/9
120,PL2,gb,score,all,0.05,4602,71.90625,0.5473707083876576,49.383189409481,80.40612777053455,3.5616727438395004,-8.45279814326602,-1.9107893113672962,2/9,-4.4455626997132605,-0.7841493527937896,3/9,-0.4383272561604996,0.3425066774518195,5/9
120,PL2,gb,score,all,0.1,9207,143.859375,0.5287281416313674,46.74910829003705,82.21668295861845,2.3067911826651533,-9.707554213690642,-2.3731400331310972,2/9,-5.700381515512744,-1.0200801643691768,3/9,-1.693208817334847,0.33300394331947464,4/9
120,PL2,gb,score,all,0.2,18408,287.625,0.527922642329422,46.76571924248352,82.18318122555411,1.3869099530806621,-10.627220756358462,-5.429652940043924,0/9,-6.620155401638898,-3.167948473267907,0/9,-2.6130900469193374,-0.9062269213808873,3/9
120,PL2,gb,score,all,0.5,46026,719.15625,0.5187285447355843,44.91685661120086,83.98781123712683,0.7403252977673099,-11.273649543468196,-8.926534143330851,0/9,-7.266662122850441,-5.836654847708898,0/9,-3.25967470223269,-2.7467590045402988,1/9
120,PL2,gb,score,all,1.0,92040,1438.125,0.5170034767492394,44.434918362214205,83.168481095176,0.9192466971958428,-11.094475261074932,-13.181869433182097,0/9,-7.087614281939543,-8.4231098542085,0/9,-3.080753302804158,-3.6642530658216117,1/9
120,PL2,gb,ev,all,0.02,1841,28.765625,0.5556762629005975,92.22049296094625,79.32536664856056,3.6567045539173133,-8.35704252311652,2.344680247465982,4/7,-4.350168984599603,3.077930272969866,5/7,-0.3432954460826866,3.8111895450079913,5/7
120,PL2,gb,ev,all,0.05,4602,71.90625,0.5391134289439374,79.07350416786826,80.24837027379401,2.1179274784997904,-9.895857612708301,0.0079061080384997,2/8,-5.888965067104252,0.8241505499764965,3/8,-1.882072521500209,1.6403931470332562,3/8
120,PL2,gb,ev,all,0.1,9204,143.8125,0.5328118209474142,69.2984261619155,80.74728378965668,2.1277853446979242,-9.885938077186568,-2.2952084513300184,1/9,-5.879076366244321,-1.0907276759842133,3/9,-1.8722146553020758,0.11374806787029501,6/9
120,PL2,gb,ev,all,0.2,18408,287.625,0.5233594089526293,60.6081667059143,80.45284658843981,1.0054878859519374,-11.008293403257454,-4.9030757610829925,0/9,-7.001402758652758,-3.0797669247122568,1/9,-2.994512114048063,-1.2564637533972975,3/9
120,PL2,gb,ev,all,0.5,46020,719.0625,0.5191221208170361,49.99483729651873,82.3036288570187,0.9046138387028919,-11.109185015623696,-8.609769808170913,0/9,-7.102285588460401,-5.4028999903362855,0/9,-3.095386161297108,-2.19603146733228,2/9
120,PL2,gb,ev,all,1.0,92040,1438.125,0.5170034767492394,44.434918362214205,83.168481095176,0.9192466971958428,-11.094475261074932,-13.181869433182097,0/9,-7.087614281939543,-8.4231098542085,0/9,-3.080753302804158,-3.6642530658216117,1/9
120,PL2,lr,score,all,0.02,1841,28.765625,0.4541010320478001,35.47591032203513,71.47637153720804,-1.265338191471693,-13.282535889448573,-0.6903799291230709,2/8,-9.273937040460133,0.37292261833309825,3/8,-5.265338191471693,1.4361694787345385,3/8
120,PL2,lr,score,all,0.05,4602,71.90625,0.4737070838765754,39.017842607184534,77.52803129074316,-0.9430918864990756,-12.959059587495785,-2.6071945206198897,1/9,-8.951075736997431,-1.1268293303895431,2/9,-4.943091886499075,0.35355116835071215,2/9
120,PL2,lr,score,all,0.1,9204,143.8125,0.4906562364189483,40.80329705213197,80.09995654063451,-0.6977123427669082,-12.712919307228212,-4.120164629497016,1/9,-8.705315824997559,-1.9183230362292927,1/9,-4.697712342766908,0.28358049200400737,1/9
120,PL2,lr,score,all,0.2,18408,287.625,0.4950564971751412,42.06908568418818,80.53150803998261,-0.7934764514821623,-12.808110949069608,-6.5893945695366245,0/9,-8.800793700275884,-3.9115447414761677,1/9,-4.793476451482162,-1.2336282170555852,1/9
120,PL2,lr,score,all,0.5,46020,719.0625,0.5074315514993482,43.622243814744614,81.71347240330292,-0.12947580698071046,-12.14348094706043,-9.272049140315993,0/9,-8.13647837702057,-5.912888458443436,0/9,-4.12947580698071,-2.5536234218161824,1/9
120,PL2,lr,score,all,1.0,92040,1438.125,0.5099413298565841,44.434918362214205,83.168481095176,0.13466614263187904,-11.879055815638896,-14.159360453819659,0/9,-7.872194836503506,-9.378864370405516,0/9,-3.8653338573681206,-4.598213619775121,1/9
120,PL2,lr,ev,all,0.02,1841,28.765625,0.5230852797392721,72.19962736558499,77.5850081477458,2.546413657210845,-9.469165588677168,0.49938632390444354,1/9,-5.46137596573316,1.5639454114792843,1/9,-1.4535863427891542,2.62847221667066,3/9
120,PL2,lr,ev,all,0.05,4602,71.90625,0.500651890482399,64.47300045458925,77.79204693611473,-0.3311304175309817,-12.345922871608177,-1.591688118883081,1/9,-8.338526644569578,-0.27197394615289067,1/9,-4.331130417530981,1.047731087732958,2/9
120,PL2,lr,ev,all,0.1,9204,143.8125,0.4908735332464146,59.12646539854583,76.6451542807475,-0.7654023264273593,-12.779824730916948,-3.213434821128058,1/9,-8.772613528672153,-1.5027200381953398,1/9,-4.765402326427359,0.20801326920070637,3/9
120,PL2,lr,ev,all,0.2,18408,287.625,0.49109083007388094,54.321572873629776,77.39439374185137,-0.8431716526184286,-12.857332833680045,-6.54367276174378,0/9,-8.850252243149235,-3.9253598588007543,1/9,-4.8431716526184285,-1.3069828093550098,2/9
120,PL2,lr,ev,all,0.5,46020,719.0625,0.5048457192524989,48.471025509278086,80.5373750543242,-0.17698597454478335,-12.190836389003538,-10.008264064633355,0/9,-8.18391118177416,-6.472498958225618,0/9,-4.176985974544784,-2.936637785523751,1/9
120,PL2,lr,ev,all,1.0,92040,1438.125,0.5099413298565841,44.434918362214205,83.168481095176,0.13466614263187904,-11.879055815638896,-14.159360453819659,0/9,-7.872194836503506,-9.378864370405516,0/9,-3.8653338573681206,-4.598213619775121,1/9
120,ALL,gb,score,all,0.02,1844,28.8125,0.512472885032538,61.67508501907675,68.81182212581345,-0.7623444296000763,-12.776396255586999,0.5394180326296585,4/8,-8.76937034259354,1.3105702133414696,5/8,-4.762344429600077,2.081550869770549,6/8
120,ALL,gb,score,all,0.05,4603,71.921875,0.5248750814686074,56.95836344114425,82.28633499891376,0.10292754368202219,-11.911491206453448,-1.0873976241437806,3/9,-7.904281831385711,0.1655933365033776,5/9,-3.8970724563179777,1.4185605622448536,6/9
120,ALL,gb,score,all,0.1,9204,143.8125,0.5111907866145154,52.0604020017212,84.67166449369839,-0.07213517534527582,-12.086067098467899,-2.807143701651166,2/9,-8.079101136906585,-1.3438645248573045,3/9,-4.072135175345276,0.12007447520682651,3/9
120,ALL,gb,score,all,0.2,18410,287.65625,0.513090711569799,49.40191369335253,85.6019011406844,0.6935008560588848,-11.32021785263982,-3.303661100210929,0/9,-7.3133584982904685,-1.4835827090615727,2/9,-3.3064991439411155,0.3367493766096395,3/9
120,ALL,gb,score,all,0.5,46021,719.078125,0.5153082288520459,46.64921956057939,84.6243888659525,0.5507855630405554,-11.462892754041663,-7.918316105270651,0/9,-7.456053595500554,-4.856603325305303,0/9,-3.4492144369594446,-1.7948398417841012,1/9
120,ALL,gb,score,all,1.0,92040,1438.125,0.5056171229900044,44.434918362214205,83.168481095176,0.3019164930760798,-11.711805465194693,-10.342404565565042,0/9,-7.704944486059306,-6.799493746888874,0/9,-3.69808350692392,-3.256551839054734,0/9
120,ALL,gb,ev,all,0.02,1841,28.765625,0.4627919608908202,84.19932514722005,80.8451928299837,-5.559377719461358,-17.573572179695045,0.08928252708942394,4/8,-13.5664749495782,0.5571148378445319,4/8,-9.55937771946136,1.025182859852176,4/8
120,ALL,gb,ev,all,0.05,4602,71.90625,0.5210777922642329,78.7966495488699,84.14471968709258,0.030272272979343498,-11.983812156511773,0.2978111851344899,6/9,-7.976769941766216,1.1992713507468025,7/9,-3.9697277270206563,2.10089587913428,7/9
120,ALL,gb,ev,all,0.1,9204,143.8125,0.5457409821816601,72.30758293774056,84.26912212081703,3.1364692182229112,-8.877246206057945,-0.182219178055768,4/9,-4.870388493917515,0.9693831345345572,6/9,-0.8635307817770878,2.121513355650495,7/9
120,ALL,gb,ev,all,0.2,18408,287.625,0.5321056062581486,63.04083391489472,83.46088657105607,2.533934913956268,-9.479581067399069,-2.5019832785862945,2/9,-5.4728230767214,-0.9701925142344722,3/9,-1.4660650860437325,0.5618873609447786,4/9
120,ALL,gb,ev,all,0.5,46020,719.0625,0.5139939156888309,52.023489600993805,82.76555845284659,0.8679785558049117,-11.145554759876628,-7.148045742923094,0/9,-7.138788102035857,-4.34738466720236,0/9,-3.1320214441950887,-1.5467181008699384,2/9
120,ALL,gb,ev,all,1.0,92040,1438.125,0.5056171229900044,44.434918362214205,83.168481095176,0.3019164930760798,-11.711805465194693,-10.342404565565042,0/9,-7.704944486059306,-6.799493746888874,0/9,-3.69808350692392,-3.256551839054734,0/9
120,ALL,lr,score,all,0.02,1841,28.765625,0.5926127104834329,86.74368150960024,88.47582835415535,15.75651237844974,3.742327870471573,0.8970730929249155,3/4,7.749420124460657,1.4990674105844666,3/4,11.75651237844974,2.1008473120382383,3/4
120,ALL,lr,score,all,0.05,4602,71.90625,0.5386788352890047,81.40922917730515,86.874185136897,6.652207940481877,-5.361294269802632,-0.66236876347125,2/5,-1.3545431646603756,-0.20651947595349618,2/5,2.6522079404818784,0.24902480575117472,3/5
120,ALL,lr,score,all,0.1,9204,143.8125,0.46664493698392,76.04611432445314,85.33626684050412,-2.2570104987474986,-14.270575230199066,-1.2528763759738573,1/8,-10.263792864473281,-0.4046810784360624,2/8,-6.257010498747497,0.4435441418070047,3/8
120,ALL,lr,score,all,0.2,18408,287.625,0.48267057800956104,56.386799848326014,83.19507822685789,-1.4167349786260202,-13.430961137948543,-5.563333866546187,0/9,-9.423848058287282,-3.199491903234692,0/9,-5.41673497862602,-0.8354748899343366,1/9
120,ALL,lr,score,all,0.5,46020,719.0625,0.48863537592351153,46.881336226616135,83.30564971751413,-1.2820544351370107,-13.296051758453343,-10.347715290223903,0/9,-9.289053096795177,-6.906218575600876,0/9,-5.282054435137011,-3.4646065582689145,0/9
120,ALL,lr,score,all,1.0,92040,1438.125,0.49834854411125595,44.434918362214205,83.168481095176,-0.3792336992450917,-12.392955657515866,-13.286560569357563,0/9,-8.386094678380479,-8.987402090425434,0/9,-4.379233699245092,-4.688078718806764,0/9
120,ALL,lr,ev,all,0.02,1841,28.765625,0.4752851711026616,76.49431909085571,70.06844106463879,-4.5648075046901475,-16.580731148405587,-1.471287404907964,3/9,-12.572769326547865,-0.5656978331225675,3/9,-8.564807504690148,0.33974628011334596,4/9
120,ALL,lr,ev,all,0.05,4602,71.90625,0.4839200347674924,72.3278126188492,75.58843980877879,-2.698031033176098,-14.712482772595848,-2.5830235424049253,1/9,-10.705256902885974,-1.464371751918134,3/9,-6.698031033176098,-0.3456014196375215,3/9
120,ALL,lr,ev,all,0.1,9204,143.8125,0.48435462842242505,66.08743598482239,78.32953063885267,-1.8073340351682554,-13.821458473584698,-5.01366931928575,0/9,-9.814396254376474,-3.2465108522455717,0/9,-5.807334035168255,-1.4795318173275525,1/9
120,ALL,lr,ev,all,0.2,18408,287.625,0.48158409387222945,59.79544539827744,80.07724902216428,-1.7689057720397838,-13.782880398881133,-6.552514544332053,0/9,-9.775893085460458,-4.1358591840199965,0/9,-5.768905772039783,-1.7193206563945622,1/9
120,ALL,lr,ev,all,0.5,46020,719.0625,0.48476749239461103,51.067420467260185,82.03730986527597,-1.5039524296258484,-13.517801335902824,-10.91161634798664,0/9,-9.510876882764336,-7.41706186672057,0/9,-5.503952429625848,-3.9224154677450875,0/9
120,ALL,lr,ev,all,1.0,92040,1438.125,0.49834854411125595,44.434918362214205,83.168481095176,-0.3792336992450917,-12.392955657515866,-13.286560569357563,0/9,-8.386094678380479,-8.987402090425434,0/9,-4.379233699245092,-4.688078718806764,0/9
120,ALL,gb,ev,pred_vol_high,0.02,1683,26.296875,0.45870469399881164,85.94674497414061,81.35353535353535,-6.285935325205546,-18.300228378582034,0.08622141958932017,4/8,-14.293081851893787,0.5482932472887877,4/8,-10.285935325205545,1.0105920396030026,4/8
120,ALL,gb,ev,pred_vol_high,0.05,3798,59.34375,0.5405476566614007,81.40581664580742,83.35097419694576,1.493746022134503,-10.520502024896482,0.5315484190447969,6/9,-6.513378001380992,1.4110361985469078,7/9,-2.506253977865497,2.29073479454357,7/9
120,ALL,gb,ev,pred_vol_high,0.1,7306,114.15625,0.5600875992335067,74.90012222057472,82.91760197098276,4.523256159630501,-7.490537762298302,-0.0315466037027149,5/9,-3.4836408013339,1.0640614176463503,6/9,0.5232561596304997,2.160060240070099,7/9
120,ALL,gb,ev,pred_vol_high,0.2,13251,207.046875,0.5439589464946042,67.60768971378101,82.48856690061127,3.8733152010193383,-8.140320108992512,-1.8505785897383986,2/9,-4.133502453986587,-0.44254788453683974,4/9,-0.1266847989806621,0.9657141176667914,5/9
120,ALL,gb,ev,pred_vol_high,0.5,27261,425.953125,0.5231282784930854,60.408234055126115,82.31407505227247,2.0290529351732354,-9.984615810148036,-4.497302830343679,0/9,-5.9777814374873985,-2.492897093127892,2/9,-1.9709470648267646,-0.48849871374794573,3/9
120,ALL,gb,ev,pred_vol_high,1.0,46021,719.078125,0.5198061754416462,56.666318757041225,83.04619630168835,1.609811519834734,-10.403953129818053,-6.213294048712942,0/9,-6.3970708049916585,-3.6507391831503515,1/9,-2.3901884801652655,-1.0881965084485608,2/9
120,ALL,gb,ev,pred_vol_low,0.02,158,2.46875,0.5063291139240507,65.58598610476896,75.43037974683544,2.179840321471993,-9.83330393458873,-1.2481870261091625,0/2,-5.826731806558365,-1.02204609960518,1/2,-1.8201596785280054,-0.7959029040152924,1/2
120,ALL,gb,ev,pred_vol_low,0.05,804,12.5625,0.4291044776119403,66.47125572527693,87.89427860696517,-6.883002974895402,-18.8963144946646,-0.6286115928243315,2/6,-14.88965873478,-0.18558073086748694,2/6,-10.883002974895401,0.25745027627925404,3/6
120,ALL,gb,ev,pred_vol_low,0.1,1898,29.65625,0.4905163329820864,62.32808241066657,89.47154899894626,-2.2017106521268413,-14.215123914228629,-2.4090950428172007,1/7,-10.208417283177731,-1.650499402379472,4/7,-6.201710652126843,-0.891839620465992,4/7
120,ALL,gb,ev,pred_vol_low,0.2,5157,80.578125,0.5016482451037425,51.30621956720374,85.95927865037812,-0.9076257189451724,-12.920835083269782,-3.786784700824849,1/9,-8.914230401107476,-2.5239054416411815,1/9,-4.907625718945172,-1.260904577820279,3/9
120,ALL,gb,ev,pred_vol_low,0.5,18759,293.109375,0.5007196545658084,39.838590695716306,83.42166426781812,-0.8193208021544619,-12.832657308442709,-5.687836403384981,0/9,-8.825989055298583,-3.7291376505861225,0/9,-4.819320802154462,-1.7704232333234364,0/9
120,ALL,gb,ev,pred_vol_low,1.0,46019,719.046875,0.49142745387774617,32.20298638693586,83.29077120319867,-1.0060353752057174,-13.019714640239094,-9.347236794530906,0/9,-9.012875007722407,-6.696558249527642,0/9,-5.006035375205718,-4.045861263282435,0/9
120,ALL,lr,ev,pred_vol_high,0.02,1483,23.171875,0.47066756574511126,81.15702087798401,70.70465273095077,-4.685287032827424,-16.701892707160123,-1.4146176434442785,3/9,-12.693589869993774,-0.5254690399465373,3/9,-8.685287032827425,0.36354868398095463,4/9
120,ALL,lr,ev,pred_vol_high,0.05,3654,57.09375,0.48877941981390255,76.91229709085948,77.06130268199233,-2.547736759579985,-14.56246998519825,-2.096889368550757,1/9,-10.555103372389118,-1.0448179910754365,3/9,-6.547736759579985,0.007353319370875248,3/9
120,ALL,lr,ev,pred_vol_high,0.1,6915,108.046875,0.4953000723065799,71.22596631370438,79.70860448300796,-1.391522016463152,-13.405861543066411,-3.860385254844573,0/9,-9.398691779764782,-2.2920872831965116,1/9,-5.391522016463153,-0.7239098643921165,2/9
120,ALL,lr,ev,pred_vol_high,0.2,12760,199.375,0.49788401253918496,65.99102532083498,81.80948275862069,-0.8727445012113778,-12.886849207514963,-4.636298226382986,0/9,-8.87979685436317,-2.599625963783419,1/9,-4.872744501211378,-0.5629593426430665,1/9
120,ALL,lr,ev,pred_vol_high,0.5,27396,428.0625,0.4981749160461381,59.473803548484916,82.64122499634983,-0.5409237859225824,-12.554833606340837,-7.539321562781053,0/9,-8.54787869613171,-4.833065642211236,0/9,-4.540923785922582,-2.1267981156691627,1/9
120,ALL,lr,ev,pred_vol_high,1.0,46021,719.078125,0.501184241976489,56.666318757041225,83.04619630168835,0.10402400848702852,-11.90974064116576,-9.671895527097721,0/9,-7.902858316339365,-6.300116301920676,0/9,-3.8959759915129712,-2.9282779489800745,0/9
120,ALL,lr,ev,pred_vol_low,0.02,358,5.59375,0.49441340782122906,57.17927230227679,67.43296089385476,-4.065726107406402,-16.078824467866532,-1.3255540641054384,1/4,-12.072275287636467,-0.9651623993019791,1/4,-8.065726107406402,-0.6047635755145933,1/4
120,ALL,lr,ev,pred_vol_low,0.05,948,14.8125,0.4651898734177215,54.65723639445506,69.9113924050633,-3.2773298472269414,-15.290696617691667,-2.8036927291291307,3/8,-11.284013232459305,-2.0814712071582964,3/8,-7.277329847226942,-1.3591869817865252,3/8
120,ALL,lr,ev,pred_vol_low,0.1,2289,35.765625,0.45128877238968984,50.56409075799017,74.16339012669287,-3.0634896093691175,-15.076964272856854,-3.7890473935601294,1/9,-11.070226941112985,-2.847237671962365,1/9,-7.0634896093691175,-1.9053892600022166,1/9
120,ALL,lr,ev,pred_vol_low,0.2,5648,88.25,0.4447592067988669,45.798349114312465,76.16377478753542,-3.793519407976478,-15.807200158412355,-4.978276297651372,0/9,-11.800359783194416,-3.6016147650079327,1/9,-7.793519407976479,-2.2247998534062137,1/9
120,ALL,lr,ev,pred_vol_low,0.5,18624,291.0,0.4650451030927835,38.70158762290707,81.14894759450172,-2.920572528578526,-14.934331829839689,-7.870475487990251,0/9,-10.927452179209109,-5.659864142104475,0/9,-6.920572528578526,-3.449220283252181,1/9
120,ALL,lr,ev,pred_vol_low,1.0,46019,719.046875,0.49551272300571503,32.20298638693586,83.29077120319867,-0.8625124095069383,-12.876191674540316,-9.133849262544098,0/9,-8.869352042023626,-6.512990181198138,0/9,-4.862512409506938,-3.8920817111499857,0/9
240,P,gb,score,all,0.02,1841,28.765625,0.5024443237370994,42.39399457853784,164.70885388375882,-1.4790846650674732,-13.494282537111445,-0.7360710673239405,3/7,-9.486683601089458,-0.06181376628903654,4/7,-5.479084665067473,0.6124472650862959,4/7
240,P,gb,score,all,0.05,4597,71.828125,0.520556884924951,44.6748711431034,163.82793125951707,2.681036215907043,-9.33402017317348,-1.0579635680645025,3/9,-5.326491978633218,-0.4236337042399124,3/9,-1.318963784092958,0.21069807452448042,5/9
240,P,gb,score,all,0.1,9194,143.65625,0.4852077441809876,48.59955396438255,165.49858603437025,0.20569816722008732,-11.809021814026138,-0.5896174057315996,2/9,-7.801661823403024,0.040819659662738504,2/9,-3.7943018327799125,0.6712610284355319,2/9
240,P,gb,score,all,0.2,18385,287.265625,0.5308131629045417,56.657837117112514,162.67000271960836,4.24649378974904,-7.767901067587487,-0.44176226335438123,1/9,-3.7607036389192214,0.5418632739046575,3/9,0.24649378974903924,1.5254934442390655,7/9
240,P,gb,score,all,0.5,45960,718.125,0.5256092254134029,61.40920991073311,161.97504351610095,2.2496644924157057,-9.764235826059648,-2.7350032805601985,2/9,-5.757285666821972,-1.3274593724386106,3/9,-1.7503355075842946,0.08009775631963575,5/9
240,P,gb,score,all,1.0,91920,1436.25,0.5200282854656223,62.83983467091556,162.3185269799826,1.6527059739099745,-10.361016997420306,-6.218862350617564,0/9,-6.354155511755165,-3.823412800872162,2/9,-2.347294026090025,-1.4279062694736662,2/9
240,P,gb,ev,all,0.02,1839,28.734375,0.5725938009787929,113.22389899166286,167.7906470908102,11.173039906150942,-0.8407550702528993,1.2705344125866738,4/7,3.1661424179490227,1.576231319407811,4/7,7.173039906150943,1.8819335312737995,4/7
240,P,gb,ev,all,0.05,4596,71.8125,0.584638816362054,90.36980127690252,162.79982593559617,10.334666608577638,-1.6795569324682802,0.4497084039402408,6/9,2.32755483805468,0.8771199497023271,6/9,6.334666608577638,1.3045322585255634,7/9
240,P,gb,ev,all,0.1,9192,143.625,0.5439512619669278,80.38699921111926,162.31636205395998,6.780829246696721,-5.233434196252718,-0.373934501039331,4/9,-1.2263024747779965,0.22110975012355757,5/9,2.7808292466967197,0.8161570758175845,6/9
240,P,gb,ev,all,0.2,18384,287.25,0.5059834638816362,73.33752715137196,158.2911771105309,2.015397747877638,-9.998658895916526,-1.63924510308326,2/9,-5.991630574019443,-0.7805023854266322,2/9,-1.9846022521223616,0.0782383565692131,4/9
240,P,gb,ev,all,0.5,45960,718.125,0.5162750217580505,67.64301902840738,158.66366405570062,1.5892347524889914,-10.42455728289406,-3.364749552350168,2/9,-6.417661265202533,-1.8881241395043007,2/9,-2.410765247511008,-0.4114805238264248,4/9
240,P,gb,ev,all,1.0,91920,1436.25,0.5200282854656223,62.83983467091556,162.3185269799826,1.6527059739099745,-10.361016997420306,-6.218862350617564,0/9,-6.354155511755165,-3.823412800872162,2/9,-2.347294026090025,-1.4279062694736662,2/9
240,P,lr,score,all,0.02,1839,28.734375,0.32028276237085374,49.88579249425321,163.4100054377379,-16.53097239543299,-28.546784797974396,-0.7058406954869598,1/6,-24.538878596703693,-0.4125433543027453,1/6,-20.530972395432993,-0.11923449285074507,1/6
240,P,lr,score,all,0.05,4596,71.8125,0.4621409921671018,56.51314581310266,157.8996953872933,-8.093227384157991,-20.108527711814496,0.5452443740860473,4/9,-16.10087754798624,1.1318362854322803,4/9,-12.093227384157991,1.7184384226294362,4/9
240,P,lr,score,all,0.1,9192,143.625,0.5454743255004352,57.9807381761095,159.52415143603133,-1.9883427622145025,-14.003306151853666,-0.06573308819985173,3/9,-9.995824457034082,0.6762392908657985,3/9,-5.988342762214503,1.4182169672474154,4/9
240,P,lr,score,all,0.2,18384,287.25,0.5189295039164491,59.6734378821047,160.80847476066145,-1.139270050701489,-13.1537774725378,-0.4372898592122251,2/9,-9.146523761619644,0.4425584349811255,2/9,-5.139270050701488,1.322414615502096,3/9
240,P,lr,score,all,0.5,45960,718.125,0.5084638816362054,62.435534743346366,159.24630113141862,-1.2924972950124118,-13.306501445249383,-3.7280700113395704,0/9,-9.299499370130897,-2.298111871327017,1/9,-5.292497295012412,-0.8681376437727836,1/9
240,P,lr,score,all,1.0,91920,1436.25,0.5152415143603133,62.83983467091556,162.3185269799826,-0.07844705334858802,-12.092170024678868,-6.847577082417818,0/9,-8.085308539013727,-4.574464627930154,0/9,-4.0784470533485875,-2.301331564558278,2/9
240,P,lr,ev,all,0.02,1839,28.734375,0.43665035345296355,92.38698350078015,176.84393692224035,-8.962675408720656,-20.977457304750217,1.4068037217103138,1/9,-16.970066356735437,1.8729171354013914,2/9,-12.962675408720656,2.339038201951242,2/9
240,P,lr,ev,all,0.05,4596,71.8125,0.5119669277632725,88.8489091585621,167.12554395126196,-1.7157974974275847,-13.730259410568847,1.4426605229205314,2/9,-9.723028453998216,2.0171668876121687,3/9,-5.715797497427585,2.5916780925180185,3/9
240,P,lr,ev,all,0.1,9192,143.625,0.5057658833768495,84.0007077155005,158.91003046127068,-1.3201030320171263,-13.334558304820073,0.20851322048377083,1/9,-9.3273306684186,0.9194603630270403,2/9,-5.320103032017126,1.6304158073843371,2/9
240,P,lr,ev,all,0.2,18384,287.25,0.5022845953002611,76.19890267553873,155.5378590078329,-1.6019519604133534,-13.616193676330296,-1.037661603501423,1/9,-9.609072818371823,-0.04477433521611712,1/9,-5.601951960413354,0.9481234927280386,1/9
240,P,lr,ev,all,0.5,45960,718.125,0.49549608355091385,68.08725287313716,157.01727589208008,-2.352488284222183,-14.366358529529682,-4.3505322664537776,0/9,-10.35942340687593,-2.878126479683325,1/9,-6.352488284222184,-1.405703927943712,1/9
240,P,lr,ev,all,1.0,91920,1436.25,0.5152415143603133,62.83983467091556,162.3185269799826,-0.07844705334858802,-12.092170024678868,-6.847577082417818,0/9,-8.085308539013727,-4.574464627930154,0/9,-4.0784470533485875,-2.301331564558278,2/9
240,L2,gb,score,all,0.02,1839,28.734375,0.48776508972267535,63.832341495440545,158.2283849918434,-1.0162168075352644,-13.031592576564394,-4.676570408926461,0/9,-9.023904692049829,-3.1511869125902225,0/9,-5.016216807535265,-1.626038587934863,3/9
240,L2,gb,score,all,0.05,4596,71.8125,0.47998259355961703,63.039465665451246,156.6264142732811,-1.9213531381273938,-13.936158636324372,-7.6021660075265745,0/9,-9.928755887225881,-5.469196239418128,0/9,-5.921353138127394,-3.3361363018516905,1/9
240,L2,gb,score,all,0.1,9192,143.625,0.48389904264577893,63.31307026710241,157.38381201044388,-1.222627790621734,-13.23718886047327,-10.326314313959513,0/9,-9.229908325547502,-7.175180994515414,0/9,-5.2226277906217335,-4.023970319488167,1/9
240,L2,gb,score,all,0.2,18384,287.25,0.48509573542210616,63.21156757596812,159.0777306353351,-1.1210568016403197,-13.13530951381994,-12.948508520803475,0/9,-9.12818315773013,-9.06442437571508,0/9,-5.121056801640319,-5.180351115007724,0/9
240,L2,gb,score,all,0.5,45960,718.125,0.4941253263707572,63.4140074597237,161.100500435161,-0.40840145283953366,-12.422336423407135,-16.93317967335839,0/9,-8.415368938123335,-11.492543666038058,0/9,-4.408401452839533,-6.051891061177416,0/9
240,L2,gb,score,all,1.0,91920,1436.25,0.49629025239338553,62.83983467091556,162.3185269799826,-0.2646927680980672,-12.278415739428349,-28.54948520249806,0/9,-8.271554253763208,-19.244162460656213,0/9,-4.264692768098068,-9.938658400678408,0/9
240,L2,gb,ev,all,0.02,1839,28.734375,0.4817835780315389,139.92103316202073,202.7047308319739,-3.642938018115048,-15.657190066311701,-2.7008307314071716,2/9,-11.650064042213373,-1.670015947167973,2/9,-7.642938018115049,-0.639077807532675,2/9
240,L2,gb,ev,all,0.05,4596,71.8125,0.5041340295909487,121.83492130070812,192.3916449086162,-0.9929957788443894,-13.006946033435536,-4.199771433130082,2/9,-8.99997090613996,-2.7047157538947264,2/9,-4.9929957788443895,-1.2097355457627013,3/9
240,L2,gb,ev,all,0.1,9192,143.625,0.500870322019147,107.35752231290296,184.49260226283724,-0.7746184047466783,-12.788455611918558,-6.825858624903132,0/9,-8.781537008332617,-4.7571992819241204,1/9,-4.774618404746677,-2.6884915135871688,1/9
240,L2,gb,ev,all,0.2,18384,287.25,0.5063098346388164,92.98262944294235,177.01947345517843,0.17367210494632573,-11.840093639832245,-9.487688836675131,0/9,-7.833210767442958,-6.306336033057725,0/9,-3.8263278950536743,-3.124961740582098,1/9
240,L2,gb,ev,all,0.5,45960,718.125,0.49812880765883377,75.31140095797821,168.09793298520452,-0.1703654510314116,-12.184087917991091,-17.653273348262623,0/9,-8.17722668451125,-12.00178865335677,0/9,-4.170365451031412,-6.350320292655055,0/9
240,L2,gb,ev,all,1.0,91920,1436.25,0.49629025239338553,62.83983467091556,162.3185269799826,-0.2646927680980672,-12.278415739428349,-28.54948520249806,0/9,-8.271554253763208,-19.244162460656213,0/9,-4.264692768098068,-9.938658400678408,0/9
240,L2,lr,score,all,0.02,1839,28.734375,0.46438281674823273,72.65822801309498,150.95921696574226,-5.695621077122981,-17.71206780687936,-6.367076612395779,1/9,-13.70384444200117,-4.678982094129938,1/9,-9.695621077122981,-2.992037951053762,2/9
240,L2,lr,score,all,0.05,4596,71.8125,0.47563098346388166,70.07731139553461,155.260226283725,-2.923038164551286,-14.93834513151205,-7.777317760804083,0/9,-10.930691648031665,-5.570847972765259,0/9,-6.923038164551286,-3.364503192290032,1/9
240,L2,lr,score,all,0.1,9192,143.625,0.48585726718885985,68.51294263996,158.19136205395998,-1.7459882228874386,-13.760722164301738,-9.839980069416587,0/9,-9.753355193594587,-6.836410243537766,0/9,-5.745988222887438,-3.832885032264136,1/9
240,L2,lr,score,all,0.2,18384,287.25,0.48939295039164493,66.33761434599674,159.4229221061793,-1.0960185435829786,-13.110332581745586,-12.361849671752221,0/9,-9.103175562664282,-8.478503294750558,0/9,-5.096018543582979,-4.595173124879743,1/9
240,L2,lr,score,all,0.5,45960,718.125,0.4964751958224543,64.06973062445707,161.2721496953873,-0.2528224895814123,-12.266762915922572,-16.660914551701925,0/9,-8.259792702751993,-11.219075351496313,0/9,-4.252822489581412,-5.777195486901413,0/9
240,L2,lr,score,all,1.0,91920,1436.25,0.49843342036553523,62.83983467091556,162.3185269799826,-0.037941187896866777,-12.051664159227146,-25.105973363995265,0/9,-8.044802673562007,-16.762558293908118,0/9,-4.037941187896867,-8.419003139457434,0/9
240,L2,lr,ev,all,0.02,1839,28.734375,0.5002718868950516,140.80679732517393,194.07721587819466,-2.2717519119210188,-14.286558085521449,-2.14168039547731,2/9,-10.279154998721234,-1.1522175948876512,3/9,-6.27175191192102,-0.16277758012510743,3/9
240,L2,lr,ev,all,0.05,4596,71.8125,0.49869451697127937,122.55891142308958,188.82027850304613,-1.7687112392406603,-13.782940322487063,-5.181390303999685,2/9,-9.77582578086386,-3.631099883778493,2/9,-5.76871123924066,-2.0809069016194455,2/9
240,L2,lr,ev,all,0.1,9192,143.625,0.5007615317667538,107.85051872941665,182.82506527415143,-0.334701311995455,-12.348641274723427,-6.13035390233543,1/9,-8.341671293359441,-4.02497945607671,2/9,-4.334701311995455,-1.9196247636923052,2/9
240,L2,lr,ev,all,0.2,18384,287.25,0.5034812880765883,93.7131233201584,176.2187228024369,-0.0011908792583784258,-12.015000390946822,-9.469108998964447,0/9,-8.008095635102599,-6.2940263707022455,1/9,-4.001190879258379,-3.118935868495014,2/9
240,L2,lr,ev,all,0.5,45960,718.125,0.5001087902523934,75.30473700054172,168.10380765883377,0.0008591858998707833,-12.012878861423076,-16.37508159352373,0/9,-8.006009837761601,-10.974536309317102,0/9,-3.9991408141001297,-5.573900311861243,0/9
240,L2,lr,ev,all,1.0,91920,1436.25,0.49843342036553523,62.83983467091556,162.3185269799826,-0.037941187896866777,-12.051664159227146,-25.105973363995265,0/9,-8.044802673562007,-16.762558293908118,0/9,-4.037941187896867,-8.419003139457434,0/9
240,PL2,gb,score,all,0.02,1842,28.78125,0.4587404994571118,42.45761809496362,163.47719869706842,-3.2471301782414415,-15.262409726856877,-0.9089368562202613,3/7,-11.254769952549156,-0.18688732096726587,3/7,-7.247130178241442,0.5351633224337647,4/7
240,PL2,gb,score,all,0.05,4596,71.8125,0.5328546562228025,45.57340996127257,164.07093124456048,3.3748074056492423,-8.640211107868508,0.3025859998816134,3/9,-4.6327018511096325,0.8638255998056728,3/9,-0.6251925943507571,1.4250699701049514,6/9
240,PL2,gb,score,all,0.1,9192,143.625,0.5001087902523934,49.508621072542475,166.37119234116622,2.0188446038725414,-9.995855168194018,-1.0317703501018016,2/9,-5.988505282160737,-0.45209799749488366,2/9,-1.9811553961274586,0.12757604631847683,3/9
240,PL2,gb,score,all,0.2,18386,287.28125,0.5285543348199717,57.122344039365174,163.59496355922985,3.8875329296482595,-8.12684691650234,-1.379823085660773,2/9,-4.119656993427039,-0.32098838671935986,2/9,-0.11246707035174114,0.737847370801298,5/9
240,PL2,gb,score,all,0.5,45960,718.125,0.5256309834638816,61.250773075979495,161.06594865100087,2.1572531241990665,-9.856655250826584,-2.8459375511832348,2/9,-5.849701063313758,-1.4400772482929258,3/9,-1.8427468758009338,-0.03420392282632336,5/9
240,PL2,gb,score,all,1.0,91920,1436.25,0.520920365535248,62.83983467091556,162.3185269799826,1.524375677580821,-10.489347293749459,-6.628158656074162,0/9,-6.482485808084318,-4.106497602563331,2/9,-2.4756243224191787,-1.5847858413838254,3/9
240,PL2,gb,ev,all,0.02,1839,28.734375,0.5720500271886895,114.36559388395797,170.04295812941817,10.65109304000604,-1.3627665596679832,1.0231518986779937,5/7,2.6441632401690307,1.3081099837701227,5/7,6.6510930400060415,1.5930684591678959,6/7
240,PL2,gb,ev,all,0.05,4596,71.8125,0.5789817232375979,90.60463709523245,164.67362924281986,10.238101708448998,-1.7761591121154385,0.8945546899889846,6/9,2.2309712981667777,1.3437288610696383,6/9,6.238101708448998,1.7929055970630663,7/9
240,PL2,gb,ev,all,0.1,9192,143.625,0.5453655352480418,80.12453642901976,161.11172758920802,7.41808991504745,-4.596195092296537,-0.48334110125618723,4/9,-0.5890525886245417,0.09981315792511014,5/9,3.4180899150474495,0.6829681278349427,6/9
240,PL2,gb,ev,all,0.2,18384,287.25,0.5058746736292428,73.01227077998145,157.9407637075718,1.7470700222586992,-10.266986639739443,-1.4820193360777831,2/9,-6.259958308740369,-0.6147608734224396,3/9,-2.252929977741301,0.252496091183487,4/9
240,PL2,gb,ev,all,0.5,45960,718.125,0.5185813751087902,67.58078683232576,159.2270234986945,1.787681353828196,-10.226114907121671,-3.2974734844020737,2/9,-6.219216776646738,-1.7541500332407214,2/9,-2.2123186461718043,-0.21081146619259108,4/9
240,PL2,gb,ev,all,1.0,91920,1436.25,0.520920365535248,62.83983467091556,162.3185269799826,1.524375677580821,-10.489347293749459,-6.628158656074162,0/9,-6.482485808084318,-4.106497602563331,2/9,-2.4756243224191787,-1.5847858413838254,3/9
240,PL2,lr,score,all,0.02,1839,28.734375,0.4089178901576944,58.32761288437415,155.76563349646548,-11.717064403722631,-23.733486512514794,-0.9424184941102047,2/9,-19.72527545811871,-0.23830869845479696,2/9,-15.717064403722631,0.46568821800965843,2/9
240,PL2,lr,score,all,0.05,4596,71.8125,0.4782419495213229,61.143008691775606,157.50456919060053,-6.249667724258322,-18.2652689212307,-0.7903030116293704,3/9,-14.257468322744511,0.05652606166623282,3/9,-10.249667724258323,0.9033310179544498,3/9
240,PL2,lr,score,all,0.1,9192,143.625,0.5104438642297651,62.08087632624583,159.48651000870322,-2.739253833982667,-14.754351574642945,-1.1131202985706208,2/9,-10.746802704312804,-0.0754078324980706,2/9,-6.7392538339826675,0.9623102508951343,3/9
240,PL2,lr,score,all,0.2,18384,287.25,0.5155026109660574,62.004809468802506,160.11210835509138,-1.2446888578413595,-13.259280272324899,-2.27017775491093,2/9,-9.251984565083129,-1.0206908772025858,2/9,-5.24468885784136,0.228805666756324,2/9
240,PL2,lr,score,all,0.5,45960,718.125,0.5097258485639686,62.593286926972894,159.9206048738033,-0.955418923576056,-12.969469580572245,-4.68639612560311,0/9,-8.962444252074148,-2.9626766497636603,1/9,-4.955418923576057,-1.2389357988967085,1/9
240,PL2,lr,score,all,1.0,91920,1436.25,0.5086270670147954,62.83983467091556,162.3185269799826,-0.4630574000547282,-12.476780371385008,-8.517605589320384,0/9,-8.469918885719867,-5.780416019129007,0/9,-4.463057400054728,-3.0431975691635937,1/9
240,PL2,lr,ev,all,0.02,1839,28.734375,0.5013594344752583,103.23315577554668,170.8852637302882,-1.7454283397256587,-13.760765754580097,0.16798790982436201,1/9,-9.753097047152878,0.7951845989231742,2/9,-5.74542833972566,1.4223137227121627,4/9
240,PL2,lr,ev,all,0.05,4596,71.8125,0.5073977371627503,92.23832906767859,166.40056570931245,-1.228937938013496,-13.243894506313131,0.10142710679783923,1/9,-9.236416222163312,0.8611534416034381,2/9,-5.2289379380134955,1.6208827351209387,3/9
240,PL2,lr,ev,all,0.1,9192,143.625,0.5059834638816362,84.76214020895056,160.2120322019147,-0.6665384671549134,-12.681023012798152,-0.871534999202626,1/9,-8.67378073997653,0.11810073215314829,1/9,-4.666538467154914,1.1077493225291546,1/9
240,PL2,lr,ev,all,0.2,18384,287.25,0.49972802436901653,76.95257882735791,154.96186901653613,-1.7565958523505663,-13.770833163275784,-2.0363196343934717,1/9,-9.763714507813175,-0.7960187476536866,1/9,-5.756595852350566,0.44429792958232367,1/9
240,PL2,lr,ev,all,0.5,45960,718.125,0.5031331592689295,68.07046269606766,157.36516536118364,-1.6149941632718006,-13.628909061233974,-5.0391203106377,0/9,-9.621951612252888,-3.2996745826954905,1/9,-5.614994163271801,-1.5602071181999007,1/9
240,PL2,lr,ev,all,1.0,91920,1436.25,0.5086270670147954,62.83983467091556,162.3185269799826,-0.4630574000547282,-12.476780371385008,-8.517605589320384,0/9,-8.469918885719867,-5.780416019129007,0/9,-4.463057400054728,-3.0431975691635937,1/9
240,ALL,gb,score,all,0.02,1849,28.890625,0.49810708491076255,61.828601176867416,164.1541373715522,-3.936204733251979,-15.949679817861169,-0.18165279892711336,3/6,-11.942942275556574,0.13839511037283467,4/6,-7.936204733251979,0.458499633851505,4/6
240,ALL,gb,score,all,0.05,4603,71.921875,0.5211818379317836,70.18590660791904,170.74733869215729,-5.331214734841287,-17.344715214905754,-0.10645664741797733,3/6,-13.33796497487352,0.3164095270216227,3/6,-9.331214734841287,0.7393391290538128,3/6
240,ALL,gb,score,all,0.1,9192,143.625,0.5237162750217581,71.66070194237372,176.08322454308095,-3.4524978631569327,-15.466177674802653,-1.0230230691482873,3/9,-11.459337768979792,-0.3819001992658792,4/9,-7.4524978631569345,0.2593874880776994,4/9
240,ALL,gb,score,all,0.2,18384,287.25,0.5020670147954743,74.32809677051006,173.24428851174935,-5.342305040985596,-17.355903015406206,-1.039952917899692,1/9,-13.3491040281959,-0.32695159780568955,2/9,-9.342305040985597,0.38611513618489557,4/9
240,ALL,gb,score,all,0.5,45961,718.140625,0.505820151867888,68.87913463006896,166.0312873958356,-0.9264601572362882,-12.940218484475418,-3.168472262551077,0/9,-8.933339320855852,-1.8835903640968414,1/9,-4.926460157236288,-0.5987022687827287,4/9
240,ALL,gb,score,all,1.0,91920,1436.25,0.4995757180156658,62.83983467091556,162.3185269799826,-0.6362831659337284,-12.650006137264006,-5.887916507208369,0/9,-8.643144651598867,-4.020382140322222,0/9,-4.636283165933729,-2.152846830508277,2/9
240,ALL,gb,ev,all,0.02,1839,28.734375,0.35073409461663946,146.6847569904791,198.18705818379553,-37.549489111051564,-49.56262957989485,-0.8943299316108974,1/5,-45.5560593454732,-0.6630270181994851,1/5,-41.549489111051564,-0.4317021467798089,1/5
240,ALL,gb,ev,all,0.05,4596,71.8125,0.4734551784160139,120.9452497881396,181.11161879895562,-12.720203666041176,-24.733189467896718,-0.30663829058890646,3/8,-20.726696566968943,0.050528541073079594,3/8,-16.72020366604118,0.4077144833043237,3/8
240,ALL,gb,ev,all,0.1,9192,143.625,0.4834638816362054,104.18216953248752,174.16666666666666,-8.894524218509938,-20.90768383361086,-0.4601018639383549,3/9,-16.901104026060395,0.04678356530583399,4/9,-12.894524218509938,0.5537102205828414,5/9
240,ALL,gb,ev,all,0.2,18384,287.25,0.4962467362924282,89.3212715922664,168.57495648389903,-4.4136675452577645,-16.427091250692435,-1.7839201496587775,2/9,-12.4203793979751,-1.0894446742360746,4/9,-8.413667545257765,-0.3949854069616551,5/9
240,ALL,gb,ev,all,0.5,45960,718.125,0.504786771105309,73.73361942592267,162.16190165361184,-0.9380443868774839,-12.951634149281887,-3.29003487245313,0/9,-8.944839268079686,-2.0413415084328808,2/9,-4.9380443868774835,-0.7926490535401749,4/9
240,ALL,gb,ev,all,1.0,91920,1436.25,0.4995757180156658,62.83983467091556,162.3185269799826,-0.6362831659337284,-12.650006137264006,-5.887916507208369,0/9,-8.643144651598867,-4.020382140322222,0/9,-4.636283165933729,-2.152846830508277,2/9
240,ALL,lr,score,all,0.02,1839,28.734375,0.6188145731375748,127.12195416883333,174.53561718325176,20.072924700111606,8.060203752262442,-0.3640643643928375,1/1,12.066564226187028,-0.16327492032024024,1/1,16.072924700111606,0.03751592494040691,1/1
240,ALL,lr,score,all,0.05,4596,71.8125,0.5289382071366405,115.79152207236778,164.51066144473455,2.8385914163944097,-9.174933809947984,0.28691102789112716,2/4,-5.168171196776788,0.6696522912554145,2/4,-1.1614085836055885,1.0523824211203,3/4
240,ALL,lr,score,all,0.1,9192,143.625,0.4181897302001741,109.07179932056883,163.51914708442123,-14.278256221237575,-26.29200638766389,-0.6421452095978153,2/9,-22.285131304450726,-0.07430980589291697,3/9,-18.278256221237577,0.4934569458388225,5/9
240,ALL,lr,score,all,0.2,18384,287.25,0.4632288946910357,80.02123645804106,160.72916666666666,-8.625698316582445,-20.640103750660796,-3.3883503908752517,1/9,-16.63290103362162,-2.2301417428858734,1/9,-12.625698316582444,-1.071910964698246,1/9
240,ALL,lr,score,all,0.5,45960,718.125,0.4958006962576153,67.13139628353716,163.24732375979113,-3.5103905327356753,-15.52441936240902,-4.63671984658026,0/9,-11.517404947572345,-3.1200074538291576,1/9,-7.510390532735674,-1.6032857499134725,1/9
240,ALL,lr,score,all,1.0,91920,1436.25,0.5013272410791993,62.83983467091556,162.3185269799826,-1.6451638471440029,-13.658886818474283,-6.831992502578633,0/9,-9.652025332809142,-4.827190164594472,0/9,-5.645163847144002,-2.8223790110772713,0/9
240,ALL,lr,ev,all,0.02,1839,28.734375,0.3898858075040783,117.68803286617965,144.82109842305601,-19.425223970337193,-31.44159032314645,-1.5726541259303177,1/9,-27.43340714674182,-1.063798690025366,3/9,-23.425223970337193,-0.5553820935230859,4/9
240,ALL,lr,ev,all,0.05,4596,71.8125,0.420147954743255,107.4417991585378,154.41536118363794,-13.597772226570461,-25.61251791290972,-1.1439402487272545,0/9,-21.605145069740086,-0.4748658427297215,1/9,-17.597772226570463,0.19435918075979136,1/9
240,ALL,lr,ev,all,0.1,9192,143.625,0.44462576153176675,96.43322518962373,156.97726283724978,-10.278461357685103,-22.29275626026375,-1.886291177121773,0/9,-18.285608808974427,-1.0585601329955274,0/9,-14.278461357685103,-0.23067513520162206,2/9
240,ALL,lr,ev,all,0.2,18384,287.25,0.4615426457789382,85.39345593265129,159.70670147954743,-7.205789942750267,-19.219861632593645,-3.463840810445368,1/9,-15.212825787671953,-2.332838851850133,1/9,-11.205789942750267,-1.2017518006638213,1/9
240,ALL,lr,ev,all,0.5,45960,718.125,0.4882288946910357,72.1610722233608,160.68620539599652,-3.686175853985254,-15.700037470443043,-5.073706481844866,0/9,-11.693106662214147,-3.515554479393345,0/9,-7.686175853985254,-1.9573916430911944,1/9
240,ALL,lr,ev,all,1.0,91920,1436.25,0.5013272410791993,62.83983467091556,162.3185269799826,-1.6451638471440029,-13.658886818474283,-6.831992502578633,0/9,-9.652025332809142,-4.827190164594472,0/9,-5.645163847144002,-2.8223790110772713,0/9
240,ALL,gb,ev,pred_vol_high,0.02,1683,26.296875,0.37373737373737376,146.173863364775,202.31610219845513,-29.001429654968774,-41.01454789733462,-0.7805303844509464,1/5,-37.0079887761517,-0.5459391576654323,1/5,-33.00142965496878,-0.31132421194981974,1/5
240,ALL,gb,ev,pred_vol_high,0.05,4238,66.21875,0.49646059462010383,119.96030348496657,184.0181689476168,-6.865587824900848,-18.878536106852028,-0.2322385006701483,3/8,-14.872061965876435,0.12899980104020042,3/8,-10.86558782490085,0.49025936753028804,3/8
240,ALL,gb,ev,pred_vol_high,0.1,7630,119.21875,0.5150720838794234,106.88753226703825,177.71716906946264,-3.2821115214733707,-15.295179171950986,0.1661738280199253,4/9,-11.288645346712176,0.6726617721462307,4/9,-7.282111521473371,1.1792047725995567,5/9
240,ALL,gb,ev,pred_vol_high,0.2,13095,204.609375,0.5214203894616266,96.631573268422,172.35150820924017,-1.0407096409853005,-13.054035195060367,-0.8318591791353678,3/9,-9.047372418022833,-0.18525027767823524,4/9,-5.0407096409853,0.46135135675226857,6/9
240,ALL,gb,ev,pred_vol_high,0.5,26963,421.296875,0.5275748247598561,84.9815973625313,164.4431999406594,1.8226412393079625,-10.19107318613228,-1.8303455117453473,2/9,-6.184215973412159,-0.8596221986307943,4/9,-2.1773587606920377,0.1110957024522932,5/9
240,ALL,gb,ev,pred_vol_high,1.0,45967,718.234375,0.5150869101746905,78.97662279857566,163.6014097069637,0.9226738412924287,-11.091086870385272,-3.875631647280923,1/9,-7.084206514546419,-2.47671675898917,1/9,-3.0773261587075718,-1.0778163909783756,2/9
240,ALL,gb,ev,pred_vol_low,0.02,156,2.4375,0.10256410256410256,152.19651322163307,153.64102564102564,-129.7698997814832,-141.7832800398234,-0.1897030840648802,0/1,-137.77658991065329,-0.11228181373843923,0/1,-133.7698997814832,-0.034860703575224215,0/1
240,ALL,gb,ev,pred_vol_low,0.05,358,5.59375,0.2011173184357542,132.60503312011522,146.70391061452514,-82.02708057875823,-94.0405105408224,-0.43205479482706877,3/4,-90.0337955597903,-0.2765820208754551,3/4,-86.02708057875824,-0.12110832706683497,3/4
240,ALL,gb,ev,pred_vol_low,0.1,1562,24.40625,0.3290653008962868,90.96711340916987,156.82330345710628,-36.30983079878458,-48.32343963928616,-2.3943405394526756,3/7,-44.31663521903536,-2.096302881366897,3/7,-40.30983079878458,-1.7982646659353778,3/7
240,ALL,gb,ev,pred_vol_low,0.2,5289,82.640625,0.4339194554736245,71.22174418646989,159.22461712989224,-12.764751636096848,-24.7784183538314,-2.4214042448344424,1/8,-20.771584994964122,-1.924654418653606,1/8,-16.76475163609685,-1.42791221009195,1/8
240,ALL,gb,ev,pred_vol_low,0.5,18997,296.828125,0.47244301731852395,57.769034012184804,158.92398799810496,-4.856366571371781,-16.869779395868342,-3.7748734554806123,1/9,-12.86307298362006,-2.894728661775504,1/9,-8.856366571371781,-2.014561055052126,2/9
240,ALL,gb,ev,pred_vol_low,1.0,45953,718.015625,0.48405980023067047,46.69813032377495,161.03525341109395,-2.195715123611459,-14.209400343096378,-5.094358888741801,0/9,-10.202557733353919,-3.894288688493346,0/9,-6.195715123611458,-2.694217944352476,1/9
240,ALL,lr,ev,pred_vol_high,0.02,1405,21.953125,0.4284697508896797,127.53181453446089,146.691103202847,-15.014577246605768,-27.03145435718103,-1.1093369447120809,2/9,-23.023015801893397,-0.6234249613437699,4/9,-19.014577246605768,-0.13789177943982614,4/9
240,ALL,lr,ev,pred_vol_high,0.05,3406,53.21875,0.4541984732824427,115.34050677870495,157.7269524368761,-10.205440365332592,-22.220366268228865,-0.43680905091555844,1/9,-18.212903316780732,0.1960136314977432,1/9,-14.205440365332596,0.8288985574481328,2/9
240,ALL,lr,ev,pred_vol_high,0.1,6355,99.296875,0.4874901652242329,104.14615112021323,161.36081825334384,-6.127403574967079,-18.141883430359496,-1.0916512017374607,1/9,-14.134643502663286,-0.3114718182198854,2/9,-10.12740357496708,0.4688272533497238,2/9
240,ALL,lr,ev,pred_vol_high,0.2,11997,187.453125,0.49995832291406184,93.54352215161165,165.50037509377344,-3.0168964222062655,-15.031080480891982,-2.3744799150299127,1/9,-11.023988451549123,-1.3348622748814787,2/9,-7.016896422206265,-0.29523558208755607,3/9
240,ALL,lr,ev,pred_vol_high,0.5,26520,414.375,0.5054675716440422,84.00049746989353,163.69717194570137,-1.4262002818599069,-13.440101161665675,-3.898884621168349,0/9,-9.433150721762791,-2.6356483072750687,1/9,-5.426200281859907,-1.3724148838851793,1/9
240,ALL,lr,ev,pred_vol_high,1.0,45967,718.234375,0.49996736789435897,78.97662279857566,163.6014097069637,-1.2858919646103824,-13.299652676288078,-5.764435180104769,0/9,-9.292772320449231,-4.157382063618601,1/9,-5.285891964610382,-2.5503344786729847,1/9
240,ALL,lr,ev,pred_vol_low,0.02,434,6.78125,0.26497695852534564,85.82049082946284,138.76728110599078,-33.70393052988246,-45.718643392688904,-2.154269313611683,1/6,-41.71128696128569,-1.9235671005959152,1/6,-37.70393052988247,-1.6931274699795538,1/6
240,ALL,lr,ev,pred_vol_low,0.05,1190,18.59375,0.3226890756302521,84.83423768434514,144.93697478991598,-23.30725316722272,-35.321483040458425,-2.899946313197172,1/8,-31.31436810384057,-2.455044109304397,1/8,-27.307253167222715,-2.0101332754561367,1/8
240,ALL,lr,ev,pred_vol_low,0.1,2837,44.328125,0.34860768417342264,79.15594486220175,147.15791328868522,-19.57700637325543,-31.590886973708066,-4.005589492469798,2/9,-27.583946673481744,-3.365792057556996,2/9,-23.57700637325543,-2.725965529359433,2/9
240,ALL,lr,ev,pred_vol_low,0.2,6387,99.796875,0.3893846876467825,70.08480642132083,148.82417410364803,-15.073984019150199,-27.087844641355957,-3.4846432455665473,2/9,-23.080914330253076,-2.679017977796709,2/9,-19.0739840191502,-1.8733386098226037,3/9
240,ALL,lr,ev,pred_vol_low,0.5,19440,303.75,0.4647119341563786,56.0097575351896,156.5786522633745,-6.769228949292054,-18.783037002787474,-4.2694709217379,1/9,-14.776132976039763,-3.23103299004216,1/9,-10.769228949292055,-2.1925886535351204,3/9
240,ALL,lr,ev,pred_vol_low,1.0,45953,718.015625,0.5026875285617914,46.69813032377495,161.03525341109395,-2.0045451851289635,-14.018230404613885,-4.915908962367731,0/9,-10.011387794871423,-3.6819418481570403,0/9,-6.004545185128964,-2.4479700063106704,1/9
